Producto,Categoría Asignada,Categoría Anterior
agua aranciata orange san pellegrino 330ml,Bebidas,Bebidas
agua aranciata rossa san pellegrino 330ml,Bebidas,Bebidas
agua clementina san pellegrino 330ml,Bebidas,Bebidas
agua con gas aquadeus 0.5lt,Bebidas,Bebidas
agua con gas aquadeus 1.25lt,Bebidas,Bebidas
agua con gas sabor black raspberry ice sparkling 17 onz,Bebidas,Bebidas
agua con gas sabor lemon lime ice sparkling 17 onz,Bebidas,Bebidas
agua con gas sabor limon salutaris 355ml,Bebidas,Bebidas
agua con gas sabor naranja salutaris 355ml,Bebidas,Bebidas
agua con gas sabor peach nectarine ice sparkling 17 onz,Bebidas,Bebidas
agua con gas sabor strawberry lemonade ice sparkling 17 onz,Bebidas,Bebidas
agua con gas sabor toronja salutaris 355ml,Bebidas,Bebidas
agua con gas salutaris 355ml,Bebidas,Bebidas
agua con gas san benedetto elegance 1lt,Bebidas,Bebidas
agua de coco cdc 16oz,Bebidas,Bebidas
agua de coco cdc 32oz,Bebidas,Bebidas
agua de coco coco express 16 onz,Bebidas,Bebidas
agua de coco con trocitos goya 13.5 onz,Bebidas,Bebidas
agua de coco en lata lider 490ml,Bebidas,Bebidas
agua de coco lider 1l,Bebidas,Bebidas
agua de coco rica 1lt,Bebidas,Bebidas
agua de coco rica 330ml,Bebidas,Bebidas
agua gasificada sabor pompelmo san pellegrino 330ml,Bebidas,Bebidas
agua gasificada san pellegrino 25 cl,Bebidas,Bebidas
agua gasificada san pellegrino pet 1lt,Bebidas,Bebidas
agua limonata san pellegrino 330ml,Bebidas,Bebidas
agua melograno aranciata san pellegrino 330ml,Bebidas,Bebidas
agua mineral dasani 20 onz,Bebidas,Bebidas
agua mineral dasani 5lt,Bebidas,Bebidas
agua mineral mondariz 1.5lt,Bebidas,Bebidas
agua mineral mondariz 1lt,Bebidas,Bebidas
agua mineral mondariz 330ml,Bebidas,Bebidas
agua mineral mondariz 500ml,Bebidas,Bebidas
agua mineral natural aquadeus 0.5lt,Bebidas,Bebidas
agua mineral natural aquadeus 1.5lt,Bebidas,Bebidas
agua mineral natural gourmet aquadeus 0.5ml,Bebidas,Bebidas
agua mineral natural gourmet aquadeus 1lt,Bebidas,Bebidas
agua mineral perrier 500ml,Bebidas,Bebidas
agua perrier 200ml; 6 und/paq,Bebidas,Bebidas
agua perrier 330ml,Bebidas,Bebidas
Agua Sabor A Lima Perrier 500 Ml.,Bebidas,Bebidas
Agua Tónica Canada Dry 500 Ml,Bebidas,Bebidas
Agua Tónica Dieta Polar Lata 8 Onz,Bebidas,Bebidas
Agua Tónica Lata San Pellegrino 330 Ml,Bebidas,Bebidas
agua tonica light fever tree 4 und/paq 200ml,Bebidas,Bebidas
Agua Tónica Mediterranea Fever Tree 4 Und/Paq 200 Ml,Bebidas,Bebidas
Agua Tónica Pink Grapefruit Fever Tree 200 Ml 4 Und/Paq,Bebidas,Bebidas
Agua Tónica Polar 1 Lt,Bebidas,Bebidas
Agua Tónica Premium Diet Polar 1 Lt,Bebidas,Bebidas
Agua Tónica Premium Indian Fever Tree 150 Ml,Bebidas,Bebidas
Agua Tónica Sabor Flor De Saúco Fever Tree 200 Ml,Bebidas,Bebidas
Agua Tónica Sabor Limon Schweppes 18 Cl; 4 Und/Paq,Bebidas,Bebidas
Agua Tónica San Pellegrino Old 200 Ml,Bebidas,Bebidas
Agua Tónica Schweppes 18 Cl; 4 Und/Paq,Bebidas,Bebidas
agua tonica schweppes 1lt,Bebidas,Bebidas
Agua Tónica Zero Schweppes 1 Lt,Bebidas,Bebidas
Aguardiente Sabor Chinola Tabernero 70 Cl,Bebidas,Bebidas
Aguardiente Sabor Limón Tabernero 70 Cl,Bebidas,Bebidas
Aguardiente Sin Azucar Antioqueño 75 Cl,Bebidas,Bebidas
bebida de almendra matcha latte refrigerada califia farms 10.5oz,Bebidas,General
Bebida De Almendra Sabor Vainilla Líder 1 Lt.,Bebidas,General
Bebida de Avena y Azúcar Morena Latte Elmhurst 25.4 Onz,Bebidas,Despensa
Bebida Electrolito Blueberry Líder 630 ml,Bebidas,General
Bebida Electrolito Coco Líder 630 ml,Bebidas,General
Bebida Electrolito Fresa Kiwi Líder 630 ml,Bebidas,General
Bebida Electrolito Lima Limón Líder 630 ml,Bebidas,General
Bebida Electrolito Naranja Líder 630 ml,Bebidas,General
Bebida Electrolito Uva Líder 630 ml,Bebidas,General
Bebida Energizante Red Bull 12 Onz,Bebidas,Bebidas
Bebida Energizante Sin Azucar Red Bull 8.3 Onz,Bebidas,Bebidas
Bebida Hidratante Sabor Berry Blue Sport Gatorade Zero 600 Ml.,Bebidas,Bebidas
bebida hidratante sabor berry red sport gatorade zero 600ml.,Bebidas,Bebidas
Bebida Powerade Avalancha Alpina 500 Ml,Bebidas,Bebidas
Bebida Powerade Fruit Punch 500 Ml,Bebidas,Bebidas
bombones con whisky cupido 150gr,Bebidas,General
Caramelos Butterscotch Discs Food Club 8.75 Onz,Bebidas,Despensa
Cava Brut Cristalino 75 Cl,Bebidas,Bebidas
Cava Brut Freixenet Carta Nevada 75 Cl,Bebidas,Bebidas
Cava Brut Gran Livenza 75 Cl,Bebidas,Bebidas
Cava Brut Jaume Serra 75 Cl,Bebidas,Bebidas
Cava Brut Pata Negra 75 Cl,Bebidas,Bebidas
cava brut rosado flama d or 75 cl.,Bebidas,Bebidas
cava paco y lola 75 cl,Bebidas,Bebidas
Cava Rosado Gran Livenza 75 Cl,Bebidas,Bebidas
cava semi seco flama d or 75 cl.,Bebidas,Bebidas
Cava Semi Seco Freixenet Carta Nevada 75 Cl,Bebidas,Bebidas
Cava Semi Seco Gran Livenza 75 Cl,Bebidas,Bebidas
Cava Semi Seco Jaume Serra 75 Cl,Bebidas,Bebidas
cepillo limpiador de botellas scotch brite 30/1 ud,Bebidas,Limpieza
cerveza 5;0 original craft lata 500ml,Bebidas,Bebidas
cerveza 5;0 original lager lata 500ml,Bebidas,Bebidas
cerveza 5;0 original pils lata 500ml,Bebidas,Bebidas
cerveza 5;0 original weiss lata 500ml,Bebidas,Bebidas
cerveza amber lager canita 330ml,Bebidas,Bebidas
cerveza amber lager canita lata 355ml,Bebidas,Bebidas
cerveza barcelona estrella damm 33 cl,Bebidas,Bebidas
cerveza bebida estrella galicia especial 0.0 sin alcohol lata 330ml,Bebidas,Bebidas
cerveza bebida estrella galicia sin gluten lata 330ml,Bebidas,Bebidas
cerveza bebida miller genuine draft lata 16oz,Bebidas,Bebidas
cerveza birra moretti 33 cl,Bebidas,Bebidas
Cerveza Black Coupage 1906; 33 Cl,Bebidas,Bebidas
cerveza blanca belgian blue moon 355ml,Bebidas,Bebidas
cerveza bohemia especial 12 onz,Bebidas,Bebidas
cerveza bot heineken 22 onz,Bebidas,Bebidas
Cerveza Brahma Light Pequeña 12 Onz,Bebidas,Bebidas
Cerveza Brune Leffe 300 Ml,Bebidas,Bebidas
cerveza con tequila desperados 12 onz,Bebidas,Bebidas
cerveza coors golden banquet 12 onz,Bebidas,Bebidas
Cerveza Coors Light 10 Onz,Bebidas,Bebidas
cerveza coors original 10 onz,Bebidas,Bebidas
cerveza corona extra botella 330ml,Bebidas,Bebidas
cerveza dead guy rogue 355ml,Bebidas,Bebidas
Cerveza Delirium Nocturnum 330 Ml,Bebidas,Bebidas
cerveza delirium tremens 330ml,Bebidas,Bebidas
cerveza doble malta voll damm 33 cl,Bebidas,Bebidas
cerveza dos equis xx lata 12 onz,Bebidas,Bebidas
cerveza especial modelo 355ml 6 und/paq,Bebidas,Bebidas
cerveza estrella galicia especial lata 33 cl,Bebidas,Bebidas
cerveza extra corona en lata 335ml,Bebidas,Bebidas
cerveza extra coronita 7 onz,Bebidas,Bebidas
cerveza fuerte 9;0 original lata 500ml,Bebidas,Bebidas
cerveza galician la peliroja 1906; 33 cl,Bebidas,Bebidas
cerveza gallo lata 350ml.,Bebidas,Bebidas
cerveza genuine draft lata miller 8 onz,Bebidas,Bebidas
cerveza ginger stolichnaya 250ml,Bebidas,Bebidas
cerveza green apple smirnoff ice 330ml,Bebidas,Bebidas
cerveza green apple smirnoff ice lata 350ml,Bebidas,Bebidas
cerveza hefe weiss sin alcohol paulaner 0.5lt,Bebidas,Bebidas
cerveza hefeweizen zahringer 500ml,Bebidas,Bebidas
cerveza hefewizen bruder lata 500ml.,Bebidas,Bebidas
cerveza heineken 00 alcohol 330ml,Bebidas,Bebidas
cerveza heineken 250ml,Bebidas,Bebidas
cerveza hi ipa hi-wire lata 12 onz.,Bebidas,Bebidas
cerveza inedit estrella damm 33 cl,Bebidas,Bebidas
cerveza lager botella canita 330ml,Bebidas,Bebidas
cerveza lager bruder lata 500ml.,Bebidas,Bebidas
cerveza lager especial dos xx 12 onz,Bebidas,Bebidas
cerveza lager roja duff lata 12 onz.,Bebidas,Bebidas
Cerveza Light Canita Botella 330 Ml,Bebidas,Bebidas
Cerveza Light Canita Lata 355 Ml,Bebidas,Bebidas
Cerveza Light Grande Brahma 22 Onz,Bebidas,Bebidas
Cerveza Light Ultra Michelob 355 Ml,Bebidas,Bebidas
cerveza lo pitch hi-ware lata 12 onz.,Bebidas,Bebidas
cerveza mahou cinco estrellas 33 cl,Bebidas,Bebidas
cerveza mediterranea damm complot ipa 330ml,Bebidas,Bebidas
cerveza mini especial estrella galicia 25 cl,Bebidas,Bebidas
cerveza mojito desperados 12 onz,Bebidas,Bebidas
Cerveza Negra De Trigo Hefe Weiss Paulaner 0.5 Lt,Bebidas,Bebidas
Cerveza Negra Dunkel Damm Bock 25 Cl,Bebidas,Bebidas
Cerveza Negra Modelo 355 Ml,Bebidas,Bebidas
Cerveza Negra Paulaner Salvator 33 Cl,Bebidas,Bebidas
cerveza negra zahringer 500ml,Bebidas,Bebidas
cerveza paulaner oktoberfest 0.5lt,Bebidas,Bebidas
cerveza pequena the one 12 onz,Bebidas,Bebidas
cerveza pils paderborner 500ml,Bebidas,Bebidas
cerveza pilsener zahringer 500ml,Bebidas,Bebidas
cerveza premium estrella galicia 33 cl,Bebidas,Bebidas
cerveza premium sin alcohol estrella galicia 25 cl,Bebidas,Bebidas
cerveza premium tsingtao 330ml,Bebidas,Bebidas
cerveza presidente black 12oz,Bebidas,Bebidas
Cerveza Presidente Jumbo Light Botella 1 Lt,Bebidas,Bebidas
cerveza presidente jumbo regular 1lt,Bebidas,Bebidas
Cerveza Presidente Lata 16 Onz.,Bebidas,Bebidas
Cerveza Presidente Light 8 Onz,Bebidas,Bebidas
cerveza presidente regular 8 onz,Bebidas,Bebidas
cerveza raspberry smirnoff ice 330ml.,Bebidas,Bebidas
cerveza red delirium tremends 330ml.,Bebidas,Bebidas
cerveza red stripe 330ml,Bebidas,Bebidas
cerveza red vintage la colora 1906; 33 cl,Bebidas,Bebidas
cerveza regular lata the one 8 onz,Bebidas,Bebidas
cerveza reserva especial 1906; 33 cl,Bebidas,Bebidas
cerveza roja desperados 12 onz.,Bebidas,Bebidas
Cerveza Rubia Canita Light Lager Lata 250ml,Bebidas,Bebidas
cerveza rubia de trigo paulaner 0.5lt,Bebidas,Bebidas
cerveza rubia heineken 16 onz,Bebidas,Bebidas
cerveza rubia la chouffe 33 cl,Bebidas,Bebidas
cerveza rubia la colorada 1906 33 cl,Bebidas,Bebidas
cerveza rubia paulaner muncher hell 33 cl,Bebidas,Bebidas
cerveza rubia peroni 33 cl,Bebidas,Bebidas
cerveza sabor fresa liefmans 25 cl,Bebidas,Bebidas
cerveza sabor limon 3.2% damm 330ml,Bebidas,Bebidas
cerveza sabor toronja schofferhofer 33 cl,Bebidas,Bebidas
cerveza sabor toronja schofferhofer lata 0.5lt,Bebidas,Bebidas
cerveza seagram's calypso colada 330ml,Bebidas,Bebidas
cerveza seagram's jamaican me happy 330ml,Bebidas,Bebidas
cerveza seagram's peach bellini 300ml,Bebidas,Bebidas
cerveza seagram's strawberry daiquiri 330ml,Bebidas,Bebidas
cerveza sin alcohol becks 33 cl,Bebidas,Bebidas
cerveza sin alcohol corona cero 355ml.,Bebidas,Bebidas
cerveza sin alcohol free damm 25 cl; 6 und/paq,Bebidas,Bebidas
cerveza sin alcohol free damm 330ml,Bebidas,Bebidas
cerveza sin alcohol heineken en lata 300ml,Bebidas,Bebidas
cerveza sin alcohol lata clausthaler 500ml,Bebidas,Bebidas
cerveza sin gluten daura damm 33 cl,Bebidas,Bebidas
cerveza sin gluten estrella galicia 33 cl,Bebidas,Bebidas
cerveza sol 330ml,Bebidas,Bebidas
cerveza stella artois 12 onz,Bebidas,Bebidas
cerveza the one grande 22 onz,Bebidas,Bebidas
Cerveza Tostada Mahou Maestra Doble Lúpulo 330 ml,Bebidas,Bebidas
cerveza tostada sin alcohol estrella galicia 25 cl.,Bebidas,Bebidas
champagne brut veuve clicquot 75 cl,Bebidas,Bebidas
champana brut cordon rouge mumm 75 cl,Bebidas,Bebidas
Champaña Brut Laurent Perrier La Cuvee 75 Cl,Bebidas,Bebidas
champana ice imperial moet chandon 75 cl,Bebidas,Bebidas
cheesecake de baileys banchetto 125gr,Bebidas,General
club soda canada dry 1.25l,Bebidas,Bebidas
club soda canada dry 500ml,Bebidas,Bebidas
coctel gin & juice apricot 355ml,Bebidas,Bebidas
coctel gin & juice citrus 355ml,Bebidas,Bebidas
coctel gin & juice melon 355ml,Bebidas,Bebidas
coctel tequila rita buzzballz 200ml,Bebidas,Bebidas
copa desechable para champagne lemon 6 onz 12 und/paq,Bebidas,Bebidas
Crema de Tequila Sabor Fresa Rose Tequila 70 Cl,Bebidas,Bebidas
Crema De Whisky Baileys 75 Cl,Bebidas,Bebidas
Crema Para Peinar Afro Love Leave In Smoothie Halka 10 Onz,Bebidas,General
Electrolito Sabor Berry Frost Top Care 1 Lt,Bebidas,General
Electrolito Sabor Cherry Punch Tippy Toes 1 Lt,Bebidas,General
Electrolito Sabor FresaTippy Toes 1 Lt,Bebidas,General
electrolito sabor limonada fresa tippy toes 1lt,Bebidas,Bebidas
Electrolito Sabor Uva Top Care 1 Lt,Bebidas,General
electrolito tropical fruit top care 1lt,Bebidas,General
electrolitos sabor fresa pedialyte 60 meq 500ml,Bebidas,General
electrolitos sabor uva pedialyte 60 meq 500ml,Bebidas,General
electrolitos sabor uva top care 1lt,Bebidas,General
Energizante Edición Yellow Red Bull 8 Onz,Bebidas,Bebidas
Esponja Doble Uso Extrema Scotch Brite 1 Und/Paq,Bebidas,Limpieza
Esponja Esfera Scotch Brite 1 Und,Bebidas,Limpieza
Esponja Para Baños Cero Rayas Scotch Brite 1 Und/Paq,Bebidas,Limpieza
Esponja Para Fregar Cero Rayas Scotch Brite,Bebidas,Limpieza
Esponja Para Fregar Gigante Scotch Brite La Maquina,Bebidas,Limpieza
Esponja Para Fregar Limpieza Profunda Scotch Brite,Bebidas,Limpieza
Esponja Para Fregar Scotch Brite 8,Bebidas,Limpieza
Esponja Salva Uñas Scotch Brite 1 Und,Bebidas,Limpieza
Esponja Super Absorbente Scotch Brite 1 Und/Paq,Bebidas,Limpieza
Fregador Fibra Extrema Scotch Brite 1 Und/Paq,Bebidas,General
Fregador Maquina Scotch Brite 3 Und/Paq,Bebidas,General
Fregador Verde Grande Scotch Brite 1 Und/Paq,Bebidas,General
fruta congelada emborg smoothie mix summer 400gr,Bebidas,General
Gatorade Azul Sabor Frambuesa 600 Ml,Bebidas,Bebidas
Gatorade Sabor Fruit Punch 600 Ml,Bebidas,Bebidas
Gatorade Sabor Lima Limon 600 Ml,Bebidas,Bebidas
Gatorade Sabor Melon 600 Ml,Bebidas,Bebidas
Gatorade Sabor Naranja 600 Ml,Bebidas,Bebidas
Gatorade Sabor Uva 600 Ml,Bebidas,Bebidas
ginebra beefeater 75 cl,Bebidas,Bebidas
ginebra citrus antidote 70 cl,Bebidas,Bebidas
ginebra cocktail passion fruit gin & juice 355ml.,Bebidas,Bebidas
ginebra destilado hendrick's grand cabaret 70 cl,Bebidas,Bebidas
ginebra flor de sevilla tanqueray 70 cl,Bebidas,Bebidas
ginebra flora adora hendrick´s 70 cl,Bebidas,Bebidas
ginebra hendricks 70 cl,Bebidas,Bebidas
ginebra london dry bermudez 75 cl,Bebidas,Bebidas
ginebra monkey 47 500ml,Bebidas,Bebidas
ginebra naranja beefeater 75 cl,Bebidas,Bebidas
ginebra new amsterdam 75 cl,Bebidas,Bebidas
ginebra orange antidote 70 cl,Bebidas,Bebidas
ginebra original antidote 70 cl,Bebidas,Bebidas
ginebra original bleu d'argent 70 cl,Bebidas,Bebidas
ginebra premium beefeater 24 75 cl,Bebidas,Bebidas
ginebra premium citadelle 75 cl,Bebidas,Bebidas
ginebra premium ten tanqueray 75 cl,Bebidas,Bebidas
ginebra rosada beefeater 75 cl,Bebidas,Bebidas
ginebra rose antidote 70 cl,Bebidas,Bebidas
ginebra rose bleu d'argent 70 cl,Bebidas,Bebidas
ginebra sapphire bombay 75 cl,Bebidas,Bebidas
ginebra tanqueray 75 cl,Bebidas,Bebidas
ginger ale canada dry 400ml,Bebidas,Bebidas
ginger ale diet canada dry 12 onz,Bebidas,Bebidas
gingerale schweppes 4 und/paq 18 cl,Bebidas,General
guante multiusos large scotch brite 1 par/paq,Bebidas,General
intensificador de aroma para lavado agua purificada arm&hammer 18 onz,Bebidas,Bebidas
Jamon De Cerdo Bourbonridge Boar's Head; Lb,Bebidas,Bebidas
jugo 100% de mandarina don simon 1lt,Bebidas,Bebidas
jugo 100% de pina don simon 1lt,Bebidas,Bebidas
jugo 100% naranja don simon 1lt,Bebidas,Bebidas
jugo 100% tropical don simon 1lt,Bebidas,Bebidas
jugo de fresa chinola santal 1lt,Bebidas,Bebidas
jugo de fresa chinola santal 200ml,Bebidas,Bebidas
jugo de fresa chinola santal 330ml,Bebidas,Bebidas
jugo de fresa natural nacional 14 onz,Bebidas,Bebidas
jugo de mango snapple 16 onz,Bebidas,Bebidas
jugo de manzana con stevia vivo 190ml,Bebidas,Bebidas
jugo de manzana del monte 1lt,Bebidas,Bebidas
jugo de manzana food club 64 onz,Bebidas,Bebidas
jugo de manzana motts 64 onz,Bebidas,Bebidas
jugo de manzana organico full circle 64 onz,Bebidas,Bebidas
jugo de manzana rica 59 onz,Bebidas,Bebidas
jugo de manzana santal 1lt,Bebidas,Bebidas
jugo de manzana snapple 16 onz,Bebidas,Bebidas
jugo de manzana that's smart 64 onz,Bebidas,Bebidas
jugo de manzana y uvas blancas mott's 200ml 8 und/paq,Bebidas,Bebidas
jugo de naranja con pulpa tropicana 46 onz.,Bebidas,Bebidas
jugo de naranja don simon 1.5lt,Bebidas,Bebidas
jugo de naranja lider 1l,Bebidas,Bebidas
jugo de naranja original premium tropicana 89oz,Bebidas,Bebidas
jugo de naranja rica uht 1lt,Bebidas,Bebidas
jugo de naranja sin azucar 100% rica 59 onz,Bebidas,Bebidas
jugo de naranja sin azucar lider 59 onz,Bebidas,Bebidas
jugo de pina con stevia vivo 190ml,Bebidas,Bebidas
jugo de tomate clamato 7.5 onz,Bebidas,Bebidas
jugo de uva santal 1lt,Bebidas,Bebidas
jugo de uva santal 330ml,Bebidas,Bebidas
jugo fruit punch snapple 16 onz,Bebidas,Bebidas
jugo sabor grapeade snapple 16 onz,Bebidas,Bebidas
jugo sabor kiwi fresa snapple 16 onz,Bebidas,Bebidas
kombucha de chinola corpo natura 16 onz,Bebidas,General
kombucha de flor de jamaica corpo natura 16 onz,Bebidas,General
kombucha de hierbabuena corpo natura 16 onz,Bebidas,General
kombucha de jengibre corpo natura 16 onz,Bebidas,General
kombucha original corpo natura 16 onz,Bebidas,General
Kombucha Piña y Albahaca Glow Kombucha 330 ml,Bebidas,General
kombucha sabor jengibre y limon glow 330ml,Bebidas,General
kombucha sabor mojito glow 330ml,Bebidas,General
Licor Baileys 37.5 Cl,Bebidas,General
Licor Crema Baileys Colada Piña Coco 70 CL,Bebidas,General
Licor Crema De Whisky Gressy 70 Cl,Bebidas,Bebidas
Licor De Avellanas Frangelico 75 Cl,Bebidas,General
Licor De Cafe Kahlua 70 Cl,Bebidas,General
Licor De Chocolate Licor 43 70 Cl.,Bebidas,Despensa
Licor De Coco Licoco 70 Cl,Bebidas,General
Licor De Cogñac Grand Marnier 70 Cl,Bebidas,General
Licor de Crema de Cacao La Grange 70 Cl,Bebidas,General
Licor De Gianduia Bottega 50 Cl,Bebidas,General
Licor De Hierbas Mar De Frades 70 Cl,Bebidas,Despensa
Licor De Melon Midori 75 Cl,Bebidas,General
Malta India 22 Onz,Bebidas,Bebidas
Malta India Mediana Vidrio 12 Onz; 6 Und/Paq,Bebidas,Bebidas
Malta India Pequeña Vidrio 7 Onz; 6 Und/Paq,Bebidas,Bebidas
mezcal 75 cl 400 conejos,Bebidas,Bebidas
mezcal destilado contraluz cristalino anejo 70 cl,Bebidas,Bebidas
mezcal destilado ojo de tigre joven 75 cl,Bebidas,Bebidas
mezcal destilado ojo de tigre reposado 75 cl,Bebidas,Bebidas
Mezcla Para Te Frio Food Club 70.3 Onz,Bebidas,Bebidas
Mezcla Para Te Frio Sabor Melocoton Líder 24.69 Onz,Bebidas,Bebidas
nectar de agave ambar organico full circle 11.75 onz,Bebidas,General
nectar de agave five organico madhava 16 onz,Bebidas,General
nectar de chinola frupack 14 onz.,Bebidas,General
nectar de guanabana frupack 14 onz.,Bebidas,General
nectar de guayaba frupack 14 onz.,Bebidas,General
nectar de manzana prisma petit 1lt,Bebidas,General
nectar de manzana santal 330ml,Bebidas,General
nectar de pera santal 330ml,Bebidas,General
nectar de pina con stevia vivo 1lt,Bebidas,Despensa
nectar de pina del monte 1lt,Bebidas,General
Pan De Cerveza Masa Madre La Panera 450 Gr.,Bebidas,Bebidas
pano de microfibra scotch brite 1 und/paq,Bebidas,General
Paño Esponja Scotch Brite 3 Und/Paq,Bebidas,Limpieza
pano multiusos scotch brite 3 und/paq,Bebidas,General
pano seca todo scotch brite 3 und/paq,Bebidas,General
peanut butter whisky skrewball 75 cl,Bebidas,Bebidas
Prosecco Bottega Poeti 75 Cl,Bebidas,Bebidas
Prosecco Brut Mionetto 75 Cl,Bebidas,Bebidas
prosecco casa martelletti 75 cl,Bebidas,Bebidas
Prosecco Extra Dry Cavicchioli 75 Cl,Bebidas,Bebidas
prosecco extra dry tallero 75 cl,Bebidas,Bebidas
prosecco extra seco just 75 cl,Bebidas,Bebidas
prosecco frizzante tallero 20 cl,Bebidas,Bebidas
prosecco gran rose mionetto prestige 75 cl,Bebidas,Bebidas
Prosecco La Marca 187 Ml,Bebidas,Bebidas
prosecco la marca 187ml,Bebidas,Bebidas
prosecco martini 75 cl,Bebidas,Bebidas
Prosecco Rose La Marca 75 Cl,Bebidas,Bebidas
Prosecco Zonin 1821 75 Cl,Bebidas,Bebidas
Queso Mostaza y Cerveza Red Lion Lb,Bebidas,Bebidas
refresco bebida kola real tradicional sabor original 400ml,Bebidas,Bebidas
refresco bebida poppi prebiotico clasico 12oz,Bebidas,Bebidas
refresco bebida poppi prebiotico uva 12oz,Bebidas,Bebidas
refresco coca cola clasica 400ml,Bebidas,Bebidas
refresco coca cola clasica en lata 12 onz,Bebidas,Bebidas
refresco coca cola original 1.25lt,Bebidas,Bebidas
refresco coca cola original 2lt,Bebidas,Bebidas
refresco coca cola sin azucar 1.25lt,Bebidas,Bebidas
refresco coca cola sin azucar 2lt,Bebidas,Bebidas
refresco coca cola sin azucar 400ml,Bebidas,Bebidas
refresco coca cola sin azucar 500ml,Bebidas,Bebidas
Refresco Coca-Cola 2 Litros,Bebidas,Bebidas
refresco cola cola clasica 2.5lt,Bebidas,Bebidas
refresco de dieta ginger ale polar 1lt,Bebidas,Bebidas
refresco de guayaba jarritos 12.5oz,Bebidas,Bebidas
refresco dr. pepper 12 onz,Bebidas,Bebidas
refresco en lata sabor jengibre schweppes 12oz,Bebidas,Bebidas
refresco ginger ale canada dry 12 onz,Bebidas,Bebidas
refresco ginger ale canada dry 1lt,Bebidas,Bebidas
refresco ginger ale premium polar 1lt,Bebidas,Bebidas
refresco inca kola 12 onz,Bebidas,Bebidas
Refresco Kola Real 2 Litros,Bebidas,Bebidas
refresco lima limon sprite 12 onz,Bebidas,Bebidas
refresco merengue country club 2lt,Bebidas,Bebidas
refresco mountain dew 12 onz,Bebidas,Bebidas
refresco pepsi black 1lt,Bebidas,Bebidas
refresco pepsi cola 2lt,Bebidas,Bebidas
refresco pepsi diet 2lt,Bebidas,Bebidas
refresco polar ginger ale diet 12oz,Bebidas,Bebidas
refresco premium ginger ale polar 12 onz,Bebidas,Bebidas
refresco premium half & half polar 1lt,Bebidas,Bebidas
refresco premium lemon sour polar 1lt,Bebidas,Bebidas
refresco root beer en lata a&w 12 onz,Bebidas,Bebidas
refresco sabor a fresa chubby 250ml,Bebidas,Bebidas
refresco sabor a uva chubby 250ml,Bebidas,Bebidas
refresco sabor blueberry chubby 250ml,Bebidas,Bebidas
refresco sabor cherry dr. pepper 12 onz,Bebidas,Bebidas
refresco sabor chicle chubby 250ml,Bebidas,Bebidas
refresco sabor cola chubby 8 onz,Bebidas,Bebidas
refresco sabor frambuesa country club 1.25lt,Bebidas,Bebidas
refresco sabor frambuesa country club 2lt,Bebidas,Bebidas
refresco sabor frambuesa country club 400ml,Bebidas,Bebidas
refresco sabor frambuesa red 1lt,Bebidas,Bebidas
refresco sabor frambuesa red rock 2lt,Bebidas,Bebidas
refresco sabor frambuesa red rock 400ml,Bebidas,Bebidas
refresco sabor fruit punch jarritos 12.5 onz,Bebidas,Bebidas
refresco sabor lima jarritos 12.5 onz,Bebidas,Bebidas
refresco sabor mandarina jarritos 12.5 onz,Bebidas,Bebidas
refresco sabor manzana chubby 250ml,Bebidas,Bebidas
refresco sabor manzana red rock 400ml,Bebidas,Bebidas
refresco sabor manzana verde country club 2lt.,Bebidas,Bebidas
refresco sabor merengue chubby 8 onz,Bebidas,Bebidas
refresco sabor merengue country club 1.25lt,Bebidas,Bebidas
refresco sabor merengue country club 400ml,Bebidas,Bebidas
refresco sabor merengue red rock 1lt,Bebidas,Bebidas
refresco sabor merengue red rock 2lt,Bebidas,Bebidas
refresco sabor merengue red rock 400ml,Bebidas,Bebidas
refresco sabor naranja chubby 250ml,Bebidas,Bebidas
refresco sabor naranja country club 1.25lt,Bebidas,Bebidas
refresco sabor naranja country club 200ml,Bebidas,Bebidas
refresco sabor naranja country club 2lt,Bebidas,Bebidas
refresco sabor naranja country club 400ml,Bebidas,Bebidas
refresco sabor naranja dieta sunkist 12 onz,Bebidas,Bebidas
refresco sabor naranja red 1lt,Bebidas,Bebidas
refresco sabor naranja red rock 2lt,Bebidas,Bebidas
refresco sabor naranja red rock 400ml,Bebidas,Bebidas
refresco sabor pina jarritos 12.5 onz,Bebidas,Bebidas
refresco sabor tamarindo jarritos 12.5 onz,Bebidas,Bebidas
refresco sabor toronja jarritos 12.5 onz,Bebidas,Bebidas
refresco sabor uva country club 1.25lt,Bebidas,Bebidas
refresco sabor uva country club 2lt,Bebidas,Bebidas
refresco sabor uva country club 400ml,Bebidas,Bebidas
refresco sabor uva red rock 1lt,Bebidas,Bebidas
refresco sabor uva red rock 2lt,Bebidas,Bebidas
refresco sabor uva red rock 400ml,Bebidas,Bebidas
refresco seven up 1lt,Bebidas,Bebidas
refresco seven up 2lt,Bebidas,Bebidas
refresco seven up 400ml,Bebidas,Bebidas
refresco sin azucar pepsi cola 2lt.,Bebidas,Bebidas
refresco sin azucar pepsi cola 400ml,Bebidas,Bebidas
refresco sprite 1.25lt,Bebidas,Bebidas
Refresco Sprite 2 Litros,Bebidas,Bebidas
refresco sprite 2lt,Bebidas,Bebidas
refresco sprite 400ml,Bebidas,Bebidas
refresco uva kola real 400ml,Bebidas,Bebidas
removedor de manchas de vino tinto wine away 2 onz,Bebidas,Bebidas
Rodillo Quitapelusas Scotch Brite 1 Und,Bebidas,General
Ron Agua De Coco Macorix 70 Cl,Bebidas,Bebidas
Ron Barcelo Imperial 70 Cl,Bebidas,Bebidas
Ron Barcelo Imperial Porto Cask 70 Cl,Bebidas,Bebidas
Ron Barceló Imperial Selección Especial 70 Cl,Bebidas,Bebidas
Ron Brugal Leyenda 5To Aniversario 70 Cl,Bebidas,Bebidas
Ron Brugal Leyenda 70 Cl,Bebidas,Bebidas
Ron Brugal Xv 35 Cl,Bebidas,Bebidas
Salami Bourbon BH 4.5 oz,Bebidas,Bebidas
salami bourbon bh 4.5oz,Bebidas,Bebidas
Salami Genoa Al Vino Tinto Citterio 3 Onz,Bebidas,Bebidas
Salmon Ahumado Al Whisky Congelado Royal 80 Gr,Bebidas,Bebidas
six pack cerveza prima 33 cl,Bebidas,Bebidas
smoothie fresa y pina noka 4.22oz,Bebidas,General
smoothie super berry noka 4.22oz,Bebidas,General
Soda Para Digestión Olipop Prebiótica Raíz Cerveza 12 oz,Bebidas,Bebidas
soda schweppes 4 und/paq 18 cl,Bebidas,Bebidas
sprite sin azucar 400ml,Bebidas,Bebidas
Té Frío de Limón 1.5 L Don Simón,Bebidas,Bebidas
Té Frío de Melocotón 1.5 L Don Simón,Bebidas,Bebidas
Té Frío de Melocotón Don Simón Lata 355 ml,Bebidas,Bebidas
Te Frio Dietetico Sabor Limon Lipton 10 Qt,Bebidas,Bebidas
Te Frio En Polvo Sabor Chinola Bontea 30 Gr,Bebidas,Bebidas
Te Frio En Polvo Sabor Limon Bontea 30 Gr,Bebidas,Bebidas
Te Frio En Polvo Sabor Manzana Bontea 30 Gr,Bebidas,Bebidas
te frio infusion fresa frambuesa loyd 2.5gr,Bebidas,Bebidas
Te Frio Lemon Arizona 11.5 Onz,Bebidas,Bebidas
Te Frio Mix Lemon Lipton 26.5 Onz,Bebidas,Bebidas
Te Frio Sabor Durazno Lipton Summer Peach 28.3 Oz,Bebidas,Bebidas
Te Frio Sabor Frambuesa Arizona 15.5 Onz,Bebidas,Bebidas
Te Frio Sabor Limon Arizona 128Oz,Bebidas,Bebidas
Te Frio Sabor Limon Arizona 15.5 Onz,Bebidas,Bebidas
Te Frio Sabor Limon Arizona 16.9Oz,Bebidas,Bebidas
Te Frio Sabor Limon Bontea 200 Gr,Bebidas,Bebidas
Te Frio Sabor Limon Snapple 16 Oz,Bebidas,Bebidas
Te Frio Sabor Limon Tang 20 Gr,Bebidas,Bebidas
Te Frio Sabor Melocoton Arizona 15.5Oz,Bebidas,Bebidas
Te Frio Sabor Melocoton Bontea 30 Gr,Bebidas,Bebidas
Té Helado de Frambuesa Arizona 128 oz,Bebidas,Bebidas
tequila aneja dorada don julio 75 cl,Bebidas,Bebidas
tequila aneja herradura 75 cl,Bebidas,Bebidas
tequila anejo casa amigos 75 cl,Bebidas,Bebidas
tequila anejo el jimador 75 cl,Bebidas,Bebidas
tequila anejo legend herradura 75 cl,Bebidas,Bebidas
tequila blanca agavita 70 cl,Bebidas,Bebidas
tequila blanca cenote 70 cl,Bebidas,Bebidas
tequila blanca don julio 75 cl,Bebidas,Bebidas
tequila blanca el jimador 75 cl,Bebidas,Bebidas
tequila blanco casa amigos 75 cl,Bebidas,Bebidas
tequila blanco casa dragones 75 cl,Bebidas,Bebidas
tequila blanco grand mayan 75 cl,Bebidas,Bebidas
tequila blanco teremana 75 cl,Bebidas,Bebidas
tequila destilado don julio 1942 anejo 75 cl,Bebidas,Bebidas
tequila destilado don julio reposado 75 cl,Bebidas,Bebidas
tequila destilado el triangulo anejo 75 cl,Bebidas,Bebidas
tequila destilado el triangulo cristalino 75 cl,Bebidas,Bebidas
tequila destilado el triangulo plata 75 cl,Bebidas,Bebidas
tequila destilado el triangulo reposado 75 cl,Bebidas,Bebidas
tequila destilado komos anejo cristalino 75 cl,Bebidas,Limpieza
tequila destilado komos reposado rosa 75 cl,Bebidas,Limpieza
tequila destilado leyenda del milagro anejo 75 cl,Bebidas,Bebidas
tequila gold agavita 70 cl,Bebidas,Bebidas
tequila reposada jose cuervo 75 cl,Bebidas,Bebidas
tequila reposado casa amigos 75 cl,Bebidas,Bebidas
tequila reposado casa maetri 75 cl,Bebidas,Bebidas
tequila reposado diamante maestro dobel 75 cl,Bebidas,Bebidas
tequila reposado el jimador 75 cl,Bebidas,Bebidas
tequila reposado grand mayan 75 cl,Bebidas,Bebidas
tequila reposado herradura 75 cl,Bebidas,Bebidas
tequila reposado teremana 75 cl,Bebidas,Bebidas
tequila reserva anejo 1800 75 cl,Bebidas,Bebidas
tequila reserva cristalino 1800 tequila 70 cl,Bebidas,Bebidas
tequila reserva reposado 1800 75 cl,Bebidas,Bebidas
tequila seltzer high noon variety 335ml.,Bebidas,Bebidas
tequila silver herradura 75 cl,Bebidas,Bebidas
tequila silver jose cuervo 75 cl,Bebidas,Bebidas
tequila soda sabor limon mamitas 12 onz,Bebidas,Bebidas
tequila soda sabor mango mamitas 12 onz,Bebidas,Bebidas
tequila soda sabor pina mamitas 12 onz,Bebidas,Bebidas
tequila ultra anejo herradura 75 cl,Bebidas,Bebidas
Vinagre de Vino Blanco Líder 500 Ml,Bebidas,Bebidas
Vinagre De Vino Blanco Organico Full Circle 17 Onz,Bebidas,Bebidas
Vinagre de Vino Tinto Líder 500 Ml,Bebidas,Bebidas
Vino Blanco Albariño Aveleda 75 Cl,Bebidas,Bebidas
Vino Blanco Albariño Lagar De Cervera 75 Cl,Bebidas,Bebidas
Vino Blanco Albariño Martin Codax 75 Cl,Bebidas,Bebidas
Vino Blanco Albariño Paco & Lola 75 Cl,Bebidas,Bebidas
Vino Blanco Albariño Santiago Ruiz 75 Cl,Bebidas,Bebidas
vino blanco aperitivo lillet 75 cl,Bebidas,Bebidas
Vino Blanco Apothic 75 Cl,Bebidas,Bebidas
Vino Blanco Baron D' Arignac 75 Cl,Bebidas,Bebidas
Vino Blanco Casal Garcia 75 Cl,Bebidas,Bebidas
Vino Blanco Castillo De Gredos 1 Lt,Bebidas,Bebidas
vino blanco chardonnay 446 noble vines 75 cl,Bebidas,Bebidas
Vino Blanco Chardonnay Amaranta 75 Cl,Bebidas,Bebidas
Vino Blanco Chardonnay Bread&Butter 75 Cl.,Bebidas,Bebidas
vino blanco chardonnay calvet varietal 75 cl,Bebidas,Bebidas
vino blanco chardonnay canyon road 75 cl,Bebidas,Bebidas
Vino Blanco Chardonnay Colombard J.P. Chenet 25 Cl,Bebidas,Bebidas
Vino Blanco Chardonnay Dark Horse 75 Cl,Bebidas,Bebidas
Vino Blanco Chardonnay Garlandcrest 75 Cl,Bebidas,Bebidas
Vino Blanco Chardonnay Just 75 Cl,Bebidas,Bebidas
Vino Blanco Chardonnay Tisdale 75 Cl,Bebidas,Bebidas
Vino Blanco Chardonnay Undivided 75 Cl,Bebidas,Bebidas
Vino Blanco Chardonnay Viognier Belles Vignes 75 Cl,Bebidas,Bebidas
vino blanco chardonnay william hill 75 cl,Bebidas,Bebidas
vino blanco clos du bois chardonnay 75 cl,Bebidas,Bebidas
vino blanco don pancho 70 cl,Bebidas,Bebidas
Vino Blanco Don Simon Seleccion 75 Cl,Bebidas,Bebidas
Vino Blanco Dulce Wuwu 75 Cl,Bebidas,General
Vino Blanco El Sotillo 75 Cl,Bebidas,Bebidas
Vino Blanco Hahn Hardonnay 75 CL,Bebidas,Bebidas
Vino Blanco Loureiro & Alvariño Aveleda 75 Cl,Bebidas,Bebidas
Vino Blanco Lovelli 75 Cl,Bebidas,Bebidas
Vino Blanco Mar de Frades Albariño 75 cl,Bebidas,Bebidas
vino blanco martini 75 cl,Bebidas,Bebidas
vino blanco mesa oremus mandolas tokaji 750ml,Bebidas,Bebidas
Vino Blanco Montmeryac 75 Cl,Bebidas,Bebidas
Vino Blanco Moscato Barefoot 75 Cl,Bebidas,Bebidas
Vino Blanco Moscato Zonin 75 Cl,Bebidas,Bebidas
vino blanco para cocinar el cheff 75 cl,Bebidas,Bebidas
Vino Blanco Pinot Grigio Barefoot 75 Cl,Bebidas,Bebidas
Vino Blanco Pinot Grigio Bolla 75 Cl,Bebidas,Bebidas
Vino Blanco Pinot Grigio Just 75 Cl,Bebidas,Bebidas
Vino Blanco Pinot Grigio Tisdale 75 cl,Bebidas,Bebidas
Vino Blanco Pinot Grigio Zaccagnini 75 Cl,Bebidas,Bebidas
Vino Blanco Pinot Grigio Zonin 75 Cl,Bebidas,Bebidas
vino blanco pinot gris j vineyards 75 cl,Bebidas,Bebidas
vino blanco riesling arthur metz 75 cl,Bebidas,Bebidas
Vino Blanco Riesling Hxm Inspiration 75 Cl,Bebidas,Bebidas
Vino Blanco Rueda 75 cl Hombre Pez,Bebidas,Bebidas
vino blanco sauvignon blanc noble vines 75 cl,Bebidas,Bebidas
vino blanco sauvignon blanc sterling vintner´s 75 cl,Bebidas,Bebidas
vino blanco sauvignon starborough 75 cl,Bebidas,Bebidas
Vino Blanco Settesoli Pinot Grigio 75 cl,Bebidas,Bebidas
vino blanco sin alcohol win.e 75 cl,Bebidas,Bebidas
Vino Blanco Verdejo Balbás 75 Cl,Bebidas,Bebidas
vino blanco verdejo duquesa de valladolid 75 cl,Bebidas,Bebidas
Vino Blanco Verdejo I Love 75 Cl,Bebidas,Bebidas
vino blanco verdejo melior 75 cl,Bebidas,Bebidas
Vino Blanco Verdejo Ramon Bilbao 75 Cl,Bebidas,Bebidas
Vino Blanco Vitis Nostra Pinot Grigio 75 cl,Bebidas,Bebidas
Vino Blanco Wave 75 Cl,Bebidas,Bebidas
vino espumoso bellavista alma extra brut 75 cl,Bebidas,Bebidas
vino espumoso gramona cuvee aliances brut 75 cl,Bebidas,Bebidas
vino espumoso juve & camps essential purpura 375ml,Bebidas,Bebidas
vino espumoso paco & lola albarino brut 75 cl,Bebidas,Bebidas
vino espumoso pol roger brut reserve 375ml,Bebidas,Bebidas
vino espumoso pol roger rose vintage 75 cl,Bebidas,Bebidas
vino espumoso prosecco brut extra dry milesimato 75 cl,Bebidas,Bebidas
vino prosecco rose extra seco just 75 cl.,Bebidas,Bebidas
vino rosado aoc cotes de provence calvet 75 cl,Bebidas,Bebidas
vino rosado barefoot 75 cl,Bebidas,Bebidas
vino rosado beringer 75 cl,Bebidas,Bebidas
vino rosado bobal aua 75 cl.,Bebidas,Bebidas
vino rosado cabernet sauvignon costa vera 75 cl,Bebidas,Bebidas
vino rosado carlo rossi rose 1.5lt,Bebidas,Bebidas
vino rosado carlo rossi rose 3lt,Bebidas,Bebidas
vino rosado chateau minuty prestige 75 cl,Bebidas,Bebidas
vino rosado chateau minuty rose et or 1.5lt,Bebidas,Bebidas
vino rosado cinsault j.p. chenet 75 cl,Bebidas,Bebidas
vino rosado d'anjou soupcon de fruit 75 cl,Bebidas,Bebidas
vino rosado don luciano la mancha 75 cl,Bebidas,Bebidas
vino rosado el sotillo 75 cl,Bebidas,Bebidas
vino rosado frances baron d'arignac 75 cl,Bebidas,Bebidas
vino rosado i love 75 cl,Bebidas,Bebidas
vino rosado j.l. quinson 75 cl,Bebidas,Bebidas
vino rosado la baume rose languedoc domaine 75 cl,Bebidas,Bebidas
vino rosado le grand filou 75 cl,Bebidas,Bebidas
vino rosado lovelli 75 cl,Bebidas,Bebidas
vino rosado m de minuty cotes de provence 75 cl,Bebidas,Bebidas
vino rosado m edicion limitada minuty 75 cl,Bebidas,Bebidas
vino rosado marius peypol 75 cl.,Bebidas,Bebidas
vino rosado martini 75 cl,Bebidas,Bebidas
vino rosado masseria puglia 75 cl,Bebidas,Bebidas
vino rosado miracle bobal 75 cl,Bebidas,Bebidas
vino rosado miraval cotes de provence 75 cl,Bebidas,Bebidas
vino rosado montmeyrac 75 cl,Bebidas,Bebidas
vino rosado organico tempranillo verdejo cuatro rayas 75 cl,Bebidas,Bebidas
vino rosado pinot grigio blush just 75 cl,Bebidas,Bebidas
vino rosado protesta 75 cl.,Bebidas,Bebidas
vino rosado ramon bilbao 75 cl,Bebidas,Bebidas
vino rosado semi dulce don simon seleccion 75 cl,Bebidas,General
vino rosado summer in a bottle provence 75 cl,Bebidas,Bebidas
vino rosado verdejo nebla 75 cl,Bebidas,Bebidas
vino rosado vinder garnacha 75 cl,Bebidas,Bebidas
vino rosado vinder white zinfandel 75 cl,Bebidas,Bebidas
vino rosado white zinfandel barefoot 75 cl,Bebidas,Bebidas
vino rosado white zinfandel sea glass 75 cl,Bebidas,Bebidas
Vino Tinto 9 Meses Carmelo Rodero 75 Cl,Bebidas,Bebidas
Vino Tinto Baron D' Arignac 75 Cl,Bebidas,Bebidas
vino tinto barrueco pagos de anguix 75 cl.,Bebidas,Bebidas
Vino Tinto Big Red Blend Dark Horse 75 Cl,Bebidas,Bebidas
vino tinto bodegas roda sela 75 cl,Bebidas,Bebidas
vino tinto bourgogne pinot noir calvet 75 cl,Bebidas,Bebidas
Vino Tinto Cabernet Sauvignon Amaranta 75 Cl,Bebidas,Bebidas
vino tinto cabernet sauvignon bolla 75 cl,Bebidas,Bebidas
Vino Tinto Cabernet Sauvignon Costa Vera 75 Cl,Bebidas,Bebidas
Vino Tinto Cabernet Sauvignon Hanh 75 Cl.,Bebidas,Bebidas
Vino Tinto Cabernet Sauvignon Just 75 Cl,Bebidas,Bebidas
vino tinto cabernet sauvignon reserva siglo de oro santa helena 75 cl,Bebidas,Bebidas
vino tinto cabernet sauvignon sonoma louis martini 75 cl,Bebidas,Bebidas
vino tinto campeon 70 cl,Bebidas,Bebidas
vino tinto coll cabernet sauvignon lw gentlemans 75 cl,Bebidas,Bebidas
vino tinto coll red blend lw gentlemans 75 cl,Bebidas,Bebidas
Vino Tinto Cotes Du Rhone Pont Du Rhone 75 Cl,Bebidas,Bebidas
Vino Tinto Crianza Corrales Del Monte 75 Cl,Bebidas,Bebidas
Vino Tinto Crianza D.O. Ribera Del Duero Aster 75 Cl,Bebidas,Bebidas
Vino Tinto Crianza Edicion Limitada Ramon Bilbao 75 Cl,Bebidas,Bebidas
vino tinto crianza luzon 75 cl,Bebidas,Bebidas
vino tinto crianza mayor de castilla 75 cl,Bebidas,Bebidas
Vino Tinto Crianza Protos 75 Cl,Bebidas,Bebidas
Vino Tinto Crianza Ramon Bilbao 375 Ml,Bebidas,Bebidas
vino tinto crianza ramon bilbao vinedos altura 75 cl,Bebidas,Bebidas
vino tinto de verano con limon don simon 1.5lt,Bebidas,Bebidas
Vino Tinto El Sotillo 75 Cl,Bebidas,Bebidas
vino tinto finca la solana luzon 75 cl,Bebidas,Bebidas
Vino Tinto Garlandcrest 75 Cl,Bebidas,Bebidas
Vino Tinto Garnacha Legado Muñoz 75 Cl,Bebidas,Bebidas
Vino Tinto Hahn GSM Red Blend 75 CL,Bebidas,Bebidas
Vino Tinto Hahn Pinot Noir 75 cl,Bebidas,Bebidas
Vino Tinto Jumilla Altos de Luzón 75 cl,Bebidas,Bebidas
vino tinto la fuerza 70 cl,Bebidas,Bebidas
Vino Tinto Lovelli 75 Cl,Bebidas,Bebidas
Vino Tinto Marques de Somera Reserva 75 Cl,Bebidas,Bebidas
Vino Tinto Masseria Primitivo Salento 75 CL,Bebidas,Bebidas
Vino Tinto Merlot Amaranta 75 Cl,Bebidas,Bebidas
Vino Tinto Merlot Apothic Red 75 Cl,Bebidas,Bebidas
Vino Tinto Merlot Baron De Breg 75 Cl,Bebidas,Bebidas
vino tinto merlot bolla 75 cl,Bebidas,Bebidas
vino tinto merlot cabernet sauvignon entrecote 75 cl,Bebidas,Bebidas
Vino Tinto Merlot Chaka 75 Cl,Bebidas,Bebidas
Vino Tinto Merlot Dark Horse 75 Cl,Bebidas,Bebidas
Vino Tinto Merlot Just 75 Cl,Bebidas,Bebidas
vino tinto merlot noble vines 75 cl,Bebidas,Bebidas
Vino Tinto Merlot Panul 75 Cl,Bebidas,Bebidas
vino tinto merlot reserva siglo de oro santa helena 75 cl,Bebidas,Bebidas
Vino Tinto Merlot Santiago 1541; 75 Cl,Bebidas,Bebidas
Vino Tinto Montepulciano Zaccagnini 75 Cl,Bebidas,Bebidas
Vino Tinto Montmeyrac 75 Cl,Bebidas,Bebidas
Vino Tinto Pago de Balbas 9 M Balbas 75 Cl,Bebidas,Bebidas
Vino Tinto Pagos De Anguix Ocho Dos Dos 75 Cl.,Bebidas,Bebidas
vino tinto petit palace dulce 75 cl,Bebidas,General
vino tinto pinot noir coleccion sterling vintner´s 75 cl,Bebidas,Bebidas
vino tinto pinot noir noble vines 75 cl,Bebidas,Bebidas
Vino Tinto Red Blend 12 Knights 75 Cl,Bebidas,Bebidas
Vino Tinto Red Blend After Midnight Frontera 75 Cl,Bebidas,Bebidas
Vino Tinto Red Blend Calvet Aetos Meca 75 Cl,Bebidas,Bebidas
vino tinto red blend luna di luna 75 cl,Bebidas,Bebidas
Vino Tinto Red Blend Milestone 75 Cl,Bebidas,Bebidas
Vino Tinto Red Blend Primal Roots 75 Cl,Bebidas,Bebidas
vino tinto reserva mayor de castilla 75 cl,Bebidas,Bebidas
Vino Tinto Reserva Muga 75 Cl,Bebidas,Bebidas
vino tinto roble mayor de castilla 75 cl,Bebidas,Bebidas
vino tinto rosso toscana irreverente 75 cl.,Bebidas,Bebidas
vino tinto santa helena reservado red blend 75 cl,Bebidas,Bebidas
Vino Tinto Sea Glass Cabernet Sauvignon 75 cl,Bebidas,Bebidas
Vino Tinto Sea Glass Pinot Noir 75 CL,Bebidas,Bebidas
vino tinto sin alcohol castillo salobrena 1lt,Bebidas,Bebidas
vino tinto sin alcohol win.0 75 cl,Bebidas,Bebidas
Vino Tinto Syrah Reserva Vicus Orbis Plus 75 Cl,Bebidas,Bebidas
Vino Tinto Tempranillo Balbas Barrica 75 Cl,Bebidas,Bebidas
vino tinto tempranillo campo viejo 75 cl,Bebidas,Bebidas
vino tinto tempranillo lagunilla 75 cl,Bebidas,Bebidas
vino tinto tempranillo melior matarromera 75 cl,Bebidas,Bebidas
vino tinto tempranillo rose don simon nature 75 cl,Bebidas,Bebidas
Vino Tinto Tempranillo Toro Pata Negra 75 Cl,Bebidas,Bebidas
Vino Tinto The Grill Master Fan Club Merlot 75cl,Bebidas,Bebidas
Vino Tinto Viña Alberdi Reserva 75 Cl,Bebidas,Bebidas
vodka absolut 75 cl,Bebidas,Bebidas
vodka belvedere 75 cl,Bebidas,Bebidas
vodka cayman blue 75 cl,Bebidas,Bebidas
vodka ketel one 75 cl,Bebidas,Bebidas
vodka new amsterdam 75 cl.,Bebidas,Bebidas
vodka opaline 70 cl,Bebidas,Bebidas
vodka original grey goose 75 cl,Bebidas,Bebidas
vodka premium stolichnaya 75 cl,Bebidas,Bebidas
vodka pure divine 70 cl,Bebidas,Bebidas
vodka regular finlandia 75 cl,Bebidas,Bebidas
vodka ruskov 70 cl,Bebidas,Bebidas
vodka smirnoff red 75 cl,Bebidas,Bebidas
vodka stolichnaya gold 75cl,Bebidas,Bebidas
vodka tito's handmade 75 cl,Bebidas,Bebidas
whisky 12 anos buchanans 75 cl,Bebidas,Bebidas
whisky 12 anos dewar's 75 cl,Bebidas,Bebidas
whisky 12 anos glenfiddich 75 cl,Bebidas,Bebidas
whisky 12 anos old parr 75 cl,Bebidas,Bebidas
whisky 12 anos the glenlivet 75 cl,Bebidas,Bebidas
whisky 12 anos triple wood grant´s 75 cl,Bebidas,Bebidas
whisky 15 anos green label johnnie walker 75 cl,Bebidas,Bebidas
whisky apple tennessee jack daniel´s 75 cl,Bebidas,Bebidas
whisky black & white 70 cl,Bebidas,Bebidas
whisky black label johnnie walker 75 cl,Bebidas,Bebidas
whisky blended scotch passport 70 cl,Bebidas,Bebidas
whisky caribbean reserve the glenlivet 75 cl,Bebidas,Bebidas
whisky chivas regal 18 anos 75 cl,Bebidas,Bebidas
whisky destilado buchanan's pineapple 75 cl,Bebidas,Bebidas
whisky destilado johnnie walker black ruby 75 cl,Bebidas,Bebidas
whisky double black johnnie walker estuche 75 cl,Bebidas,Bebidas
whisky double cask the macallan 75 cl,Bebidas,Bebidas
whisky escoces portuguese smooth 8 anos dewars 75 cl,Bebidas,Bebidas
whisky escoces sir edward's blended scotch 70cl,Bebidas,Bebidas
whisky fire & cane glenfiddich 70 cl,Bebidas,Bebidas
whisky founders reserve the glenlivet 75 cl,Bebidas,Bebidas
whisky glenfiddich project xx 70 cl,Bebidas,Bebidas
whisky gold label reserve johnnie walker 75 cl,Bebidas,Bebidas
whisky j&b 75 cl,Bebidas,Bebidas
whisky jack daniel's gentleman 75 cl,Bebidas,Bebidas
whisky jack daniel's tennessee fire 75 cl,Bebidas,Bebidas
whisky jack daniel's tennessee honey 75 cl,Bebidas,Bebidas
whisky jameson irish 75 cl,Bebidas,Bebidas
whisky johnnie walker 18 anos 75 cl,Bebidas,Bebidas
whisky master buchanans 75 cl,Bebidas,Bebidas
whisky monkey shoulder 75 cl,Bebidas,Bebidas
whisky no. 7 mclaren edicion limitada jack daniel's 70 cl.,Bebidas,Bebidas
whisky no.7 jack daniel's tennessee 75cl,Bebidas,Bebidas
whisky red hot cinnamon fireball 75 cl,Bebidas,Bebidas
whisky red label johnnie walker 75 cl,Bebidas,Bebidas
whisky roble frances 15 anos the glenlivet 75 cl,Bebidas,Bebidas
whisky rum cask grant's 75 cl,Bebidas,Bebidas
whisky silver old parr 75 cl,Bebidas,Bebidas
whisky single barrel jack daniel's 75 cl,Bebidas,Bebidas
whisky single malta james kilton 75 cl,Bebidas,Bebidas
whisky something special 8 anos 75 cl,Bebidas,Bebidas
whisky triple cask the macallan 75 cl,Bebidas,Bebidas
whisky two souls buchanan's 75 cl,Bebidas,Bebidas
whisky white label 8 anos dewars 75 cl,Bebidas,Bebidas
whisky woodford reserve 75 cl,Bebidas,Bebidas
Aceituna Conserva Boar's Head Kalamata 7 OZ,Carnes y Mariscos,General
Aceituna Conserva Boar's Head Mix Feta 7 OZ,Carnes y Mariscos,General
Aceituna Conserva Boar's Head Olive Jubilee 7 OZ,Carnes y Mariscos,General
Aderezo Condimento Boar's Head Dill Pickle Relish 9 OZ,Carnes y Mariscos,General
Aderezo Delicatesen Boar's Head 8.5 Oz,Carnes y Mariscos,General
Alas de Pollo 1 Lb,Carnes y Mariscos,Carnes y Mariscos
alas de pollo congeladas bell & evans; lb (peso aprox. 2.5libras),Carnes y Mariscos,Carnes y Mariscos
alas de pollo congeladas paq. (aprox. 2libras por paquete),Carnes y Mariscos,Carnes y Mariscos
alas de pollo congeladas yaque; lb (peso aprox. 2.5libras),Carnes y Mariscos,Carnes y Mariscos
alas de pollo frescas empacadas; empacado (peso aprox. 1.5libras),Carnes y Mariscos,Carnes y Mariscos
alas de pollo frescas empacadas; lb (peso aprox. 3libras),Carnes y Mariscos,Carnes y Mariscos
alas de pollo frescas; lb (peso aprox. 2.5libras),Carnes y Mariscos,Carnes y Mariscos
alas de pollo sazonadas sweet & smoke bbq; lb (peso aprox. 3libra),Carnes y Mariscos,General
Bandeja De Charcutería Boar's Head 12 Onz,Carnes y Mariscos,General
bola de res brangus; lb (peso aprox. 1libra),Carnes y Mariscos,General
Boliche De Res Brangus; Lb (Peso Aprox. 1 Libra),Carnes y Mariscos,General
bologna rebanada boar's head 6 onz,Carnes y Mariscos,Carnes y Mariscos
cadera de res brangus; lb (peso aprox. 1libra),Carnes y Mariscos,General
Carne De Res Molida Brangus; Lb (Peso Aprox. 1 Libra),Carnes y Mariscos,Carnes y Mariscos
Carne Molida Cocina Rastelli's Wagyu 1 lb,Carnes y Mariscos,Carnes y Mariscos
Carne Molida De Pavo 85/15 Butterball 16 Onz,Carnes y Mariscos,Carnes y Mariscos
Carne Molida De Res Baja En Grasa 96/4 Paq,Carnes y Mariscos,Carnes y Mariscos
Carne Molida De Res Certified Angus Beef; Lb (Peso Aprox. 1 Libra),Carnes y Mariscos,Carnes y Mariscos
Carne Molida De Res De Primera Empacada; Lb (Peso Aprox. 1.5 Libras),Carnes y Mariscos,Carnes y Mariscos
carne molida de res de primera; lb (peso aprox. 1libra),Carnes y Mariscos,Carnes y Mariscos
Carne Molida De Res Super Especial Empacada; Lb (Peso Aprox. 1.5 Libras),Carnes y Mariscos,Carnes y Mariscos
carne molida de res super especial lb (peso aprox. 1libra),Carnes y Mariscos,Carnes y Mariscos
carne para guisar de res brangus; lb (peso aprox. 1libra),Carnes y Mariscos,General
Centro De Paleta Brangus; Lb (Peso Aprox. 1 Libra),Carnes y Mariscos,General
Charcuterie Duet Boar's Head 6 Onz,Carnes y Mariscos,General
Charcuterie Trio Boar's Head 6 Oz,Carnes y Mariscos,General
Chorihamburguesa Certified Angus Beef; Lb,Carnes y Mariscos,General
chorizo curado superiore boar's head 8 onz,Carnes y Mariscos,Carnes y Mariscos
Chuck Roll Brangus; Lb (Peso Aprox. 1 Libra),Carnes y Mariscos,General
Chuleta Ahumada de Cerdo 1 Lb,Carnes y Mariscos,Carnes y Mariscos
Chuleta Ahumada De Cerdo Empacada; Lb (Peso Aprox. 2.2 Libras),Carnes y Mariscos,Carnes y Mariscos
Chuleta De Cerdo Sazonada Casero; Lb (Peso Aproximado 2.5 Libras),Carnes y Mariscos,General
churrasco certified angus beef; lb (peso aprox. 3libra),Carnes y Mariscos,General
compota de guisantes y jamon cocido hero 190gr; 2 und/paq,Carnes y Mariscos,Carnes y Mariscos
Costilla De Cerdo Baby Back Importada;Lb,Carnes y Mariscos,Carnes y Mariscos
Costilla De Cerdo Tipo St. Louis A Las Finas Hierbas; Lb,Carnes y Mariscos,Carnes y Mariscos
Costilla De Cerdo Tipo St. Louis Picante; Lb,Carnes y Mariscos,Carnes y Mariscos
Costilla De Res Empacadas; Lb (Peso Aprox. 2 Libras),Carnes y Mariscos,Carnes y Mariscos
Costilla De Res; Lb (Peso Aprox. 1 Libra),Carnes y Mariscos,Carnes y Mariscos
cowboy certified angus beef prime; lb (peso aprox. 2libra),Carnes y Mariscos,General
cowboy certified angus beef; lb (peso aprox. 1libra),Carnes y Mariscos,General
Cowboy De Res Brangus; Lb (Peso Aprox. 1 Libra),Carnes y Mariscos,General
Culotte Brangus; Lb (Peso Aprox. 1 Libra),Carnes y Mariscos,General
Culotte Certified Angus Beef; Lb (Peso Aprox. 1 Libra),Carnes y Mariscos,General
Denver De Res Brangus; Lb (Peso Aprox. 1 Libra),Carnes y Mariscos,General
Dip De Yogurt Griego Tzatziki Boar's Head 12 Onz,Carnes y Mariscos,Lácteos
Dip De Yogut Griego Y Espinacas Boar's Head 12 Onz,Carnes y Mariscos,Frutas y Vegetales
Dip Griego French Onion Boar's Head 12 Onz,Carnes y Mariscos,General
Dobo De Res Brangus; Lb (Peso Aprox. 1 Libra),Carnes y Mariscos,General
Duet de Charcutería Salami & Gouda Boar's Head 12 Onz,Carnes y Mariscos,Carnes y Mariscos
Embutido Snack Boar's Head Genoa & Mozzarella 1.75 OZ,Carnes y Mariscos,Carnes y Mariscos
Embutido Snack Boar's Head Pepperoni & Cheddar 1.75 OZ,Carnes y Mariscos,Carnes y Mariscos
Fajitas De Cerdo Empacadas; Lb (Peso Aprox. 1.5 Libra),Carnes y Mariscos,General
Fajitas De Cerdo; Lb,Carnes y Mariscos,General
fajitas de pollo frescas; lb (peso aprox. 2libras),Carnes y Mariscos,Carnes y Mariscos
Fajitas De Res Brangus; Lb (Peso Aprox. 1 Libra),Carnes y Mariscos,Carnes y Mariscos
Fajitas De Res Empacadas; Lb (Peso Aprox. 1 Libra),Carnes y Mariscos,Carnes y Mariscos
fajitas de res; lb (peso aprox. 1libra),Carnes y Mariscos,Carnes y Mariscos
Filete De Cerdo Corte Mariposa Empacado; Lb (Peso Aprox. 1 Libra),Carnes y Mariscos,Carnes y Mariscos
Filete De Cerdo Corte Mariposa; Lb,Carnes y Mariscos,Carnes y Mariscos
Filete De Cerdo Empacado; Lb,Carnes y Mariscos,Carnes y Mariscos
Filete de Cerdo en Finas Hierbas Lb,Carnes y Mariscos,Carnes y Mariscos
Filete De Cerdo; Lb,Carnes y Mariscos,Carnes y Mariscos
filete de pechuga de pollo sazonado; lb (peso aprox. 2.5libras),Carnes y Mariscos,General
Filete De Res A La Pimienta. Lb,Carnes y Mariscos,Carnes y Mariscos
filete de res brangus; lb (peso aprox. 3.5libra),Carnes y Mariscos,Carnes y Mariscos
Filete De Res Importado (Peso Aprox. 5 Libras),Carnes y Mariscos,Carnes y Mariscos
Filete De Res; Lb (Peso Aprox. 4 Libra),Carnes y Mariscos,Carnes y Mariscos
Filete de Salmon Chum Penca  1 LB,Carnes y Mariscos,Carnes y Mariscos
Filete De Salmon Congelado  4 Und/Paq,Carnes y Mariscos,Carnes y Mariscos
Filete De Salmon Congelado Cape Covelle 1 Lb,Carnes y Mariscos,Carnes y Mariscos
Filete De Salmon Keta Congelado Full Circle 12 Onz,Carnes y Mariscos,Carnes y Mariscos
Filete de Salmón Noruego Con Piel Congelado; Lb (Peso Aprox. 1 Libra),Carnes y Mariscos,Carnes y Mariscos
Filete Mignon Brangus; Lb (Peso Aprox. 1.25 Libra),Carnes y Mariscos,General
Flap Meat Certified Angus Beef; Lb (Peso Aprox. 1 Libra),Carnes y Mariscos,General
Flat Iron Brangus; Lb (Peso Aprox. 1 Libra),Carnes y Mariscos,Bebidas
Flat Iron Certified Angus Beef; Lb (Peso Aprox. 1.5 Libra),Carnes y Mariscos,Bebidas
Frankfurters De Cerdo Y Res Boar's Head; 16 Oz,Carnes y Mariscos,Carnes y Mariscos
Frankfurters De Res (Natural Casing) Boar's Head; 14 Oz,Carnes y Mariscos,Carnes y Mariscos
Frankfurters De Res Boar's Head; 12.5 Oz,Carnes y Mariscos,Carnes y Mariscos
Hamburguesa Brangus; Lb,Carnes y Mariscos,General
Hamburguesa Clasica Brangus 4 Und/Paq,Carnes y Mariscos,General
Hamburguesa Con Queso Cheddar Brangus 4 Und/Paq,Carnes y Mariscos,Lácteos
Hamburguesa con Tocineta Brangus 4 Und/Paq,Carnes y Mariscos,Carnes y Mariscos
Hamburguesa Con Tocineta Y Hongos Certified Angus Beef,Carnes y Mariscos,Carnes y Mariscos
Hamburguesas A Las Finas Hierbas Certified Angus Beef; Lb,Carnes y Mariscos,Despensa
Hamburguesas Clásicas Certified Angus Beef; Lb,Carnes y Mariscos,General
Hot Dog Big Bun Nathan’s 12 oz,Carnes y Mariscos,Carnes y Mariscos
Hummus De Espinaca Y Alcachofa Boar's Head 10 Onz,Carnes y Mariscos,Frutas y Vegetales
Hummus Dill Pickle Boar's Head 10 Onz.,Carnes y Mariscos,General
Hummus Everything Bagel Boar'S Head  10 Onz,Carnes y Mariscos,General
Hummus Kalamata Boar's Head 10 Onz,Carnes y Mariscos,General
Hummus Mango Jalapeño Boar's Head 10 Onz.,Carnes y Mariscos,General
Hummus Roasted Garlic Boar's Head 10 Onz,Carnes y Mariscos,General
Hummus Sweet Chili Garlic Boar's Head 10 Onz,Carnes y Mariscos,General
Hummus Tradicional Boar's Head 10 Onz,Carnes y Mariscos,General
Jamón 42% Bajo en Sodio Boar's Head; Lb,Carnes y Mariscos,General
jamon ahumado 1954lb elpozo; lb,Carnes y Mariscos,Carnes y Mariscos
Jamón Ahumado Rebanado Boar's Head 8 Onz,Carnes y Mariscos,Carnes y Mariscos
Jamón Ahumado Rebanado Caserio 0.75 Lb,Carnes y Mariscos,Carnes y Mariscos
jamon ahumado rebanado caserio 1/2lb,Carnes y Mariscos,Carnes y Mariscos
Jamon Cocido Caserio; Lb,Carnes y Mariscos,Carnes y Mariscos
Jamon Cocido Citterio; Lb,Carnes y Mariscos,Carnes y Mariscos
Jamón Cocido de Pavo Chef; Lb,Carnes y Mariscos,Carnes y Mariscos
Jamón Cocido Extra Don Pedro; Lb,Carnes y Mariscos,Carnes y Mariscos
jamon cocido goya 16oz,Carnes y Mariscos,Carnes y Mariscos
jamon cocido picnic elpozo; lb,Carnes y Mariscos,Carnes y Mariscos
Jamón Cocido Rebanado Boar's Head 8 Onz,Carnes y Mariscos,Carnes y Mariscos
Jamón Cocido Rebanado Caserio 0.75 Lb,Carnes y Mariscos,Carnes y Mariscos
jamon cocido rebanado caserio 1/2lb,Carnes y Mariscos,Carnes y Mariscos
Jamón De Cerdo Boar's Head Maple Glazed Honey Coat; Lb,Carnes y Mariscos,Carnes y Mariscos
jamon de cerdo boar's head smokemaster; lb,Carnes y Mariscos,Carnes y Mariscos
jamon de cerdo con romero y tomates secos boar's head; lb,Carnes y Mariscos,Carnes y Mariscos
Jamon De Cerdo Deluxe Boar's Head; Lb,Carnes y Mariscos,Carnes y Mariscos
jamon de pavo ahumado butterball 16 onz,Carnes y Mariscos,Carnes y Mariscos
Jamón De Pavo Rebanado Checo 3/4 Lb,Carnes y Mariscos,Carnes y Mariscos
Kit Hot Dog Super Bowl Boar's Head,Carnes y Mariscos,Carnes y Mariscos
Knockwursts De Res Boar's Head; 16 Oz,Carnes y Mariscos,General
lomo de cerdo ahumado empacado; lb (peso aprox. 1.5libra),Carnes y Mariscos,Limpieza
Lomo De Cerdo Ahumado; Lb,Carnes y Mariscos,Limpieza
Lomo De Cerdo Fresco Empacado; Lb (Peso Aprox. 2 Libra),Carnes y Mariscos,Limpieza
Lomo De Cerdo Fresco; Lb,Carnes y Mariscos,Limpieza
luncheon meat goya 12 onz,Carnes y Mariscos,General
mayonesa boar's head 9 onz,Carnes y Mariscos,Despensa
Mayonesa Fiery Chipotle Gourmaise Boar's Head; 8.5 Onz,Carnes y Mariscos,Despensa
mayonesa pepperhouse gourmaise boar's head 8.5 onz,Carnes y Mariscos,Despensa
Medio Pollo Tradicional Cafetería,Carnes y Mariscos,Carnes y Mariscos
milanesa de res brangus; lb (peso aprox. 1libra),Carnes y Mariscos,General
Mini Hamburguesas Certified Angus Beef; Lb,Carnes y Mariscos,General
molida de pechuga de pollo; lb (peso aprox. 2.5libras),Carnes y Mariscos,Carnes y Mariscos
mortadela bologna igp beretta lb,Carnes y Mariscos,Carnes y Mariscos
mortadela con pistacho beretta; lb,Carnes y Mariscos,Carnes y Mariscos
mortadela con pistachos citterio; lb,Carnes y Mariscos,Carnes y Mariscos
mortadela de cerdo con aceitunas elpozo; lb,Carnes y Mariscos,Carnes y Mariscos
mortadela de pavo elpozo; lb,Carnes y Mariscos,Carnes y Mariscos
mortadela rebanado boar's head 4 onz,Carnes y Mariscos,Carnes y Mariscos
mortadela siciliana con aceitunas el cid lb,Carnes y Mariscos,Carnes y Mariscos
mortadela siciliana el pozo lb,Carnes y Mariscos,Carnes y Mariscos
Mostaza Amarilla Boar's Head 9 Oz,Carnes y Mariscos,Despensa
Mostaza Con Miel Boar's Head; 10.5 Oz,Carnes y Mariscos,Despensa
Mostaza Estilo Delicatesen Boar's Head; 9.5 Oz,Carnes y Mariscos,Despensa
Muslo de Pollo 1 Lb,Carnes y Mariscos,Carnes y Mariscos
muslo de pollo deshuesado; lb (peso aprox. 2.5libras),Carnes y Mariscos,Carnes y Mariscos
muslo de pollo entero paq. (aprox. 2libras por paquete),Carnes y Mariscos,Carnes y Mariscos
muslo de pollo fresco; lb (peso aprox. 2.5libras),Carnes y Mariscos,Carnes y Mariscos
New York Strip Loin Brangus; Lb (Peso Aprox. 1 Libra),Carnes y Mariscos,General
palomilla de res brangus; lb (peso aprox. 1libra),Carnes y Mariscos,General
Pan De Hot Dog Bolin 8 Und/Paq,Carnes y Mariscos,Carnes y Mariscos
Pan De Hot Dog Holsum 8 Und/Paq,Carnes y Mariscos,Carnes y Mariscos
Pan De Hot Dog Lumijor,Carnes y Mariscos,Carnes y Mariscos
Pan De Hot Dog Mini Lumijor Bocado 12 Und/Paq,Carnes y Mariscos,Carnes y Mariscos
Pan Hot Dog Mantequilla Natures Own 8/1,Carnes y Mariscos,Carnes y Mariscos
Pan Para Hot Dog Nacional 8 Und/Paq,Carnes y Mariscos,Carnes y Mariscos
Pan Para Hot Dog Pepín 10 Und/Paq,Carnes y Mariscos,Carnes y Mariscos
Pastrami De Pavo Boar's Head; Lb,Carnes y Mariscos,Carnes y Mariscos
Pastrami De Res Boar's Head; Lb,Carnes y Mariscos,Carnes y Mariscos
Pechuga de Pavo Applewood Rebanado Boar's Head 8 Onz,Carnes y Mariscos,General
Pechuga De Pavo Asada Boar's Head; Lb (Peso Aprox. 1 Libra),Carnes y Mariscos,General
pechuga de pavo bajo en sodio boar's head; lb,Carnes y Mariscos,General
pechuga de pavo boar's head maple glazed honey coat; lb,Carnes y Mariscos,General
pechuga de pavo boar's head mesquite wood smoked lb,Carnes y Mariscos,General
pechuga de pavo boar's head ovengold; lb,Carnes y Mariscos,General
Pechuga de Pavo con Miel Ahumada Rebanado Boar's Head  8 Onz,Carnes y Mariscos,General
Pechuga De Pavo Entera 4-8 Lbs (Peso Aprox. 6.5 Lbs),Carnes y Mariscos,General
pechuga de pavo entera 4-8lbs (peso aprox. 6.5lbs),Carnes y Mariscos,General
pechuga de pavo pitcraft slow smoked boar's head lb,Carnes y Mariscos,General
Pechuga De Pollo A La Plancha; Lb,Carnes y Mariscos,Carnes y Mariscos
pechuga de pollo asada rebanado boar's head 8 onz,Carnes y Mariscos,Carnes y Mariscos
pechuga de pollo boar's head lemon pepper; lb,Carnes y Mariscos,Carnes y Mariscos
pechuga de pollo deshuesada bell & evans; lb (peso aprox. 2.5libras),Carnes y Mariscos,Carnes y Mariscos
pechuga de pollo deshuesada fresca; lb (peso aprox. 2.5libras),Carnes y Mariscos,Carnes y Mariscos
pechuga de pollo deshuesada paq. (aprox. 2.25libras ),Carnes y Mariscos,Carnes y Mariscos
Pechuga de Pollo Dulce Boar's Head; Lb,Carnes y Mariscos,Carnes y Mariscos
pechuga de pollo empanizada; lb (peso aprox. 1libra),Carnes y Mariscos,Carnes y Mariscos
pechuga de pollo everroast boar's head; lb,Carnes y Mariscos,Carnes y Mariscos
pechuga de pollo firesmith boar's head; lb,Carnes y Mariscos,Carnes y Mariscos
pechuga de pollo light ; lb (peso aprox. 2.5libras),Carnes y Mariscos,Carnes y Mariscos
Pechuga de Pollo sin Hueso 1 Lb,Carnes y Mariscos,Carnes y Mariscos
Pepinillos Enteros Kosher Boar's Head; 26 Oz,Carnes y Mariscos,Despensa
Pepinillos Rebanados Kosher Boar's Head; 26 Oz,Carnes y Mariscos,Despensa
Pepperoni Boar's Head; 6 Oz,Carnes y Mariscos,Carnes y Mariscos
Pepperoni De Pavo Boar's Head; 4.5 Onz,Carnes y Mariscos,Carnes y Mariscos
Pepperoni Rebanado Boar's Head 4 onz,Carnes y Mariscos,Carnes y Mariscos
Pepperoni Rebanado El Cid 6 Oz,Carnes y Mariscos,Carnes y Mariscos
Philly Steak Certified Angus Beef; Lb (Peso Aprox. 1 Libra),Carnes y Mariscos,General
Pierna De Cerdo 10-14 Lbs (Peso Aprox. 12 Libras),Carnes y Mariscos,Carnes y Mariscos
pierna de cerdo 10-14lbs (peso aprox. 12libras),Carnes y Mariscos,Carnes y Mariscos
pierna de cerdo 14-17lbs (peso aprox. 15libras),Carnes y Mariscos,Carnes y Mariscos
Pierna de Cerdo Asada Congelada; Lb (Peso Aprox. 8 Libras),Carnes y Mariscos,Carnes y Mariscos
Pierna De Cerdo Asada; Lb,Carnes y Mariscos,Carnes y Mariscos
pierna de cerdo deshuesada; lb (peso aprox. 10libras),Carnes y Mariscos,Carnes y Mariscos
Pierna De Cerdo El Criollo Sazonada Por Emil Vega; Lb (Peso Aprox. 14 Libras),Carnes y Mariscos,General
pierna de cerdo importada 17-20lbs (peso aprox. 18libras),Carnes y Mariscos,Carnes y Mariscos
pollo entero congelado yaque; lb (peso aprox. 3.5lbs),Carnes y Mariscos,Carnes y Mariscos
pollo entero free farm;lb (peso aprox. 3.5libras),Carnes y Mariscos,Carnes y Mariscos
pollo entero fresco empacado; lb (peso aprox. 5libras),Carnes y Mariscos,Carnes y Mariscos
pollo entero importado; lb (peso aprox. 3.5lbs),Carnes y Mariscos,Carnes y Mariscos
Punta De Palomilla De Res Brangus; Lb (Peso Aprox. 1 Libra),Carnes y Mariscos,General
Queso Americano Boar's Head Lb,Carnes y Mariscos,General
Queso Americano Rebanado Boar's Head  8 Onz,Carnes y Mariscos,General
Queso Bold 3 Pepper Colby Jack Boar's Head; Lb,Carnes y Mariscos,General
Queso Caramella Boar's Head Lb (Peso Aprox. 0.25 Libras),Carnes y Mariscos,General
Queso Cheddar Canadiense Boar's Head 8 Onz,Carnes y Mariscos,Lácteos
Queso Cheddar De Vermont Boar's Head; Lb,Carnes y Mariscos,Lácteos
Queso Cheddar Irlandes Boar's Head 7 Onz,Carnes y Mariscos,Lácteos
Queso Cheddar Vermont Blanco Rebanado Boar's Head 8 Onz,Carnes y Mariscos,Lácteos
Queso Chevre Honey Boar's Head 4 Onz,Carnes y Mariscos,General
Queso Colby Jack Rebanado Boar's Head 8 Onz,Carnes y Mariscos,General
Queso de Cabra Chevre con Bluberry Boar's Head 4 Onz,Carnes y Mariscos,General
Queso De Cabra Con Hierbas y Ajo Boar's Head 4 Onz,Carnes y Mariscos,Despensa
Queso De Cabra Trufado Boar's Head; Lb,Carnes y Mariscos,General
Queso Feta Boar's Head 8 Onz,Carnes y Mariscos,General
Queso Fontina Boar's Head 9 Onz,Carnes y Mariscos,General
Queso Gouda Ahumado Rebanado Boar's Head 8 Onz,Carnes y Mariscos,Lácteos
Queso Gouda Añejado 28 Meses Boar's Head; Lb,Carnes y Mariscos,Lácteos
Queso Gouda Chipotle Boar's Head Lb,Carnes y Mariscos,Lácteos
Queso Gruyere Boar's Head Blanc Grue Lb,Carnes y Mariscos,General
Queso Havarti Con Jalapeño Boar's Head; Lb,Carnes y Mariscos,General
Queso Havarti Dill Boar's Head; Lb,Carnes y Mariscos,General
Queso Havarti Rebanado 8 Onz Boar's Head,Carnes y Mariscos,General
Queso Hickory Gruyere Ahumado Boar's Head Lb,Carnes y Mariscos,General
Queso Monterey Jack Boar's Head Lb,Carnes y Mariscos,General
Queso Mozzarella Con Hierbas Italianas Boar's Head; Lb,Carnes y Mariscos,Lácteos
Queso Mozzarella De Leche Entera Boar's Head Lb,Carnes y Mariscos,Lácteos
Queso Mozzarella Rebanado  Boar's Head  8 Onz,Carnes y Mariscos,Lácteos
Queso Muenster Boar's Head Lb,Carnes y Mariscos,General
Queso Pecorino Trufado Boar's Head; Lb,Carnes y Mariscos,General
Queso Provolone Bajo en Sodio Rebanado Boar's Head 8 Onz,Carnes y Mariscos,General
Queso Provolone Fuerte Boar's Head; Lb,Carnes y Mariscos,General
Queso Suizo Baby Rebanado Boar's Head 7 Onz,Carnes y Mariscos,General
Queso Suizo Boar's Head Switzerland Swiss; Lb,Carnes y Mariscos,General
repollo agrio boar's head; 16oz,Carnes y Mariscos,Carnes y Mariscos
Ribeye Brangus; Lb (Peso Aprox. 1 Libra),Carnes y Mariscos,General
ribeye certified angus beef; lb (peso aprox. 1.5libra),Carnes y Mariscos,General
Roast Beef London Broil Boar's Head; Lb,Carnes y Mariscos,General
Rodajas De Carite; Paq. (Peso Aprox. 1 Libra),Carnes y Mariscos,Carnes y Mariscos
Rodajas de Salmon Chum Paq. (Aprox. 1 libra),Carnes y Mariscos,Carnes y Mariscos
Salami Boar's Head Bianco D’Oro 7 Onz,Carnes y Mariscos,Carnes y Mariscos
Salami De Pavo Caserio Grande 2 Lb,Carnes y Mariscos,Carnes y Mariscos
Salami De Pavo Caserio Pequeño 1Lb,Carnes y Mariscos,Carnes y Mariscos
Salami Genoa Boar's Head; Lb,Carnes y Mariscos,Carnes y Mariscos
Salchicha de Hot Dog de Pavo Checo 8 Und/Paq,Carnes y Mariscos,Carnes y Mariscos
Salchicha De Pavo Ahumada Butterball 14 Onz,Carnes y Mariscos,Carnes y Mariscos
Salchicha De Pavo Caserio 6 Und/Paq,Carnes y Mariscos,Carnes y Mariscos
Salchicha De Pavo ElPozo Big 200 Gr,Carnes y Mariscos,Carnes y Mariscos
Salchicha De Pavo Para Desayuno Butterball 8 Onz,Carnes y Mariscos,Carnes y Mariscos
Salchicha De Pollo Chorizo Boar's Head; 12 Oz,Carnes y Mariscos,Carnes y Mariscos
Salchicha De Pollo Honeycrisp Apple Boar's Head; 12 Oz,Carnes y Mariscos,Carnes y Mariscos
Salchicha De Pollo Robust Italian Boar's Head; 12 Oz,Carnes y Mariscos,Carnes y Mariscos
Salchicha Gigante Para Hot Dog Induveca 36 Und/Paq,Carnes y Mariscos,Carnes y Mariscos
Salchicha Hot Dog Don Pedro Keto 6 Und/Paq,Carnes y Mariscos,Carnes y Mariscos
Salchicha Hot Dog Emilio'S 24 Und / Pack,Carnes y Mariscos,Carnes y Mariscos
Salchicha Hot Dog Lider Extralarga Paquete 6 Unidades,Carnes y Mariscos,Carnes y Mariscos
Salchicha Kielbasa Ahumada Boar's Head 16 Onz,Carnes y Mariscos,Carnes y Mariscos
Salchicha Para Hot Dog Con Queso Emilio'S 10 Und/Paq,Carnes y Mariscos,Carnes y Mariscos
Salchicha Para Hot Dog Frank'S 8 Und/Paq,Carnes y Mariscos,Carnes y Mariscos
Salchicha Para Hot Dog Hugo Pork 8 Und/Paq,Carnes y Mariscos,Carnes y Mariscos
Salchicha Para Hot Dog Líder 32 Und/Paq,Carnes y Mariscos,Carnes y Mariscos
Salchicha Para Hot Dog Oscar Mayer 16 Onz,Carnes y Mariscos,Carnes y Mariscos
Salchicha Redonda Boar's Head; 6 Oz,Carnes y Mariscos,Carnes y Mariscos
Salchicha Redonda De Pavo Boar's Head 6 Onz,Carnes y Mariscos,Carnes y Mariscos
Salchicha Sopressata Rebanado Boar's Head 4 Onz,Carnes y Mariscos,Carnes y Mariscos
Salchichas Cocktail Boar's Head 12 Onz,Carnes y Mariscos,Carnes y Mariscos
Salchichas Para Hot Dog Emilio'S Jumbito 8 Und/Paq,Carnes y Mariscos,Carnes y Mariscos
Salchichas Parrilleras Picantes Boar's Head; 16 Oz,Carnes y Mariscos,Carnes y Mariscos
Salchichon Loncheado ElPozo 80 Gr,Carnes y Mariscos,Carnes y Mariscos
Salchichón Loncheado Lider 80 g,Carnes y Mariscos,Carnes y Mariscos
salsa condimento boar's head garlic aioli 9.5oz,Carnes y Mariscos,General
Salsa De Rabano Boar's Head 9.5 Onz,Carnes y Mariscos,General
Short Ribs Certified Angus Beef; Lb (Peso Aprox. 1 Libra),Carnes y Mariscos,General
Sopressata Boar's Head; 9 Oz,Carnes y Mariscos,General
Strip Loin Certified Angus Beef; Lb (Peso Aprox. 1 Libra),Carnes y Mariscos,General
Super Mortadela Induveca Pequeña; Lb,Carnes y Mariscos,Carnes y Mariscos
T Bone De Res Brangus; Lb (Peso Aprox. 2 Libra),Carnes y Mariscos,General
Tender Teres Major Certified Angus Beef; Lb (Peso Aprox. 1.5 Libra),Carnes y Mariscos,General
Tenderloin Certified Angus Beef Prime; Lb (Peso Aprox. 3.5 Libra),Carnes y Mariscos,General
tocineta ahumada 16oz lider,Carnes y Mariscos,Carnes y Mariscos
Tocineta Ahumada ElPozo; Lb,Carnes y Mariscos,Carnes y Mariscos
Tocineta Ahumada Extra Gruesa Boar's Head; 12 Oz,Carnes y Mariscos,Carnes y Mariscos
Tocineta Ahumada Líder 8 Onz,Carnes y Mariscos,Carnes y Mariscos
Tocineta Ahumada Maple Y Azucar Morena Boar's Head; 12 Oz,Carnes y Mariscos,Carnes y Mariscos
Tocineta Ahumada Oscar Mayer 16 Onz,Carnes y Mariscos,Carnes y Mariscos
Tocineta Ahumada Tradicional Boar's Head; 16 Oz,Carnes y Mariscos,Carnes y Mariscos
Tocineta Ahumada; Lb (Aprox. 2 Libras),Carnes y Mariscos,Carnes y Mariscos
Tocineta De Pavo Ahumado Boar'S Head; 12 Oz,Carnes y Mariscos,Carnes y Mariscos
Tocineta Estilo Canadiense Boar'S Head; 6 Oz,Carnes y Mariscos,Carnes y Mariscos
Tocineta Precocida Boar's Head 2.29 Onz,Carnes y Mariscos,Carnes y Mariscos
Top Round Certified Angus Beef; Lb  (Peso Aprox. 1 Libra),Carnes y Mariscos,General
Top Sirloin Certified Angus Beef Prime; Lb (Peso Aprox. 1 Libra),Carnes y Mariscos,General
Trío de Charcutería Boar's Head 12 Onz,Carnes y Mariscos,General
Agua Micelar Ácido Hialurónico  Garnier 400 Ml,Cuidado Personal,Bebidas
Agua Micelar Con Agua de Rosas Garnier 13.5 Onz,Cuidado Personal,Bebidas
agua micelar de sandia hydra fresh ponds 300ml,Cuidado Personal,Bebidas
agua micelar fluido delia limpieza suave rostro 500ml,Cuidado Personal,General
agua micelar infusion de aceite garnier 13.5 onz,Cuidado Personal,Bebidas
Agua Micelar Limpiadora Garnier Skin Active 13.5 Onz,Cuidado Personal,Limpieza
agua micelar limpiadora para todo tipo de piel garnier 100ml,Cuidado Personal,Limpieza
agua micelar micellair skin breathe piel sensible nivea 200ml,Cuidado Personal,Bebidas
agua micelar nivea efecto mate 400ml,Cuidado Personal,Bebidas
agua micelar peeling garnier 400ml,Cuidado Personal,Bebidas
agua micelar rosa delia limpieza hidratante rostro 500ml,Cuidado Personal,General
Agua Micelar Rose Care Nivea 400 Ml,Cuidado Personal,Bebidas
agua micelar te verde delia limpieza matificante 500ml,Cuidado Personal,Despensa
agua micelar vitamina c garnier 100ml,Cuidado Personal,Bebidas
agua micelar vitamina c garnier 400ml,Cuidado Personal,Bebidas
Bálsamo Labial Con Protector Solar SPF 50 Banana Boat 4.25 Gr.,Cuidado Personal,Cuidado Personal
balsamo labial lip silk nude face facts 15ml,Cuidado Personal,Cuidado Personal
Bálsamo Labial Lip Silk Rosa Face Facts 15 ml,Cuidado Personal,Cuidado Personal
balsamo labial original top care 0.30 onz.,Cuidado Personal,Cuidado Personal
barra hidratante facial face fact 454ml,Cuidado Personal,Cuidado Personal
bloqueador solar fps-50 nivea 125ml,Cuidado Personal,Cuidado Personal
bloqueador solar nivea para ninos swim and play fps 50,Cuidado Personal,Cuidado Personal
cartuchos de rasuradora para hombre lider 4 unidades,Cuidado Personal,Cuidado Personal
Cepillo Dental Baby Buddy,Cuidado Personal,Cuidado Personal
cepillo dental colgate 360 avanzado 2 und/paq,Cuidado Personal,Cuidado Personal
cepillo dental colgate 360 designer 4 und/paq,Cuidado Personal,Cuidado Personal
cepillo dental colgate 360 total 12 2 und/paq,Cuidado Personal,Cuidado Personal
cepillo dental colgate 360luminous white 2 und/paq,Cuidado Personal,Cuidado Personal
cepillo dental colgate encias comfort 2 und/paq,Cuidado Personal,Cuidado Personal
cepillo dental colgate luminous white lovers 2 und/paq,Cuidado Personal,Cuidado Personal
cepillo dental colgate ninos agnes & fluffy 2-5 anos 2 und/paq,Cuidado Personal,Cuidado Personal
cepillo dental colgate ninos batman 2 und/paq,Cuidado Personal,Cuidado Personal
cepillo dental colgate orthogard single,Cuidado Personal,Cuidado Personal
cepillo dental colgate pro cuidado 3 und/paq,Cuidado Personal,Cuidado Personal
cepillo dental colgate slim soft advanced 2 und/paq,Cuidado Personal,Cuidado Personal
cepillo dental colgate triple accion xtra alcance 2 und/paq,Cuidado Personal,Cuidado Personal
cepillo dental complete limpieza oral b 3 und/paq,Cuidado Personal,Cuidado Personal
cepillo dental encias detox oral-b 3 und/paq,Cuidado Personal,Cuidado Personal
cepillo dental gum 2 und/paq,Cuidado Personal,Cuidado Personal
cepillo dental oral b pro salud ultrafino 2 und/paq,Cuidado Personal,Cuidado Personal
cepillo dental orbit soft top care 1 und/paq,Cuidado Personal,Cuidado Personal
cepillo dental para ninos de 3 anos mickey oral b,Cuidado Personal,Cuidado Personal
cepillo dental para ninos dr seuss top care 2 und/paq,Cuidado Personal,Cuidado Personal
cepillo dental para ninos top care,Cuidado Personal,Cuidado Personal
cepillo dental sensibilidad sensi-soft oral-b 2 und/paq,Cuidado Personal,Cuidado Personal
cepillo dental smart grip regular mediano top care 1 und/paq,Cuidado Personal,Cuidado Personal
cepillo dental smart grip soft top care 2 und/paq,Cuidado Personal,Cuidado Personal
Cepillo Dental Smiles 0-2 Años Colgate,Cuidado Personal,Cuidado Personal
cepillo dental suave complete deep clean oral-b 2 und/paq,Cuidado Personal,Cuidado Personal
CeraVe Loción Hidratante Facial AM FPS 50 3 Onz,Cuidado Personal,Cuidado Personal
crema corporal aclarado natural nivea 100ml,Cuidado Personal,Cuidado Personal
crema corporal aclarado natural nivea 400ml,Cuidado Personal,Cuidado Personal
Crema Corporal Citrus Dr Teals 8 Onz,Cuidado Personal,Cuidado Personal
crema corporal coco hidratante jeannette 10 onz,Cuidado Personal,Cuidado Personal
crema corporal coco hidratante jergens 13.5 onz,Cuidado Personal,Cuidado Personal
crema corporal con proteccion solar uv-15lubriderm 400ml,Cuidado Personal,Cuidado Personal
crema corporal de manteca de cacao palmer's 8.5 onz,Cuidado Personal,Cuidado Personal
crema corporal enriquecida con aloe jergens 3 onz,Cuidado Personal,Cuidado Personal
crema corporal extra humectante lubriderm 120ml,Cuidado Personal,Cuidado Personal
crema corporal extra humectante lubriderm 200ml,Cuidado Personal,Cuidado Personal
crema corporal extra humectante lubriderm 400ml,Cuidado Personal,Cuidado Personal
crema corporal hidratacion express nivea 400ml,Cuidado Personal,Cuidado Personal
crema corporal hidratante para piel extra seca top care 16 onz,Cuidado Personal,Cuidado Personal
crema corporal hidratante para piel normal a seca sin fragancia top care 16 onz,Cuidado Personal,Cuidado Personal
crema corporal hidratante top care 10 onz,Cuidado Personal,Cuidado Personal
crema corporal humectacion diaria jergens 13.5 onz,Cuidado Personal,Cuidado Personal
crema corporal humectante con aloe top care 10 onz,Cuidado Personal,Cuidado Personal
crema corporal humectante para piel seca lactovit,Cuidado Personal,Cuidado Personal
crema corporal jergens cloud creme 13oz,Cuidado Personal,Cuidado Personal
crema corporal masaje estrias palmer's 8.5 onz,Cuidado Personal,Cuidado Personal
crema corporal para dormir dr teals 8 onz,Cuidado Personal,Cuidado Personal
crema corporal para piel normal aloe refrescante jergens 13.5 onz,Cuidado Personal,Cuidado Personal
crema corporal para piel seca con multivitaminas jergens 13.5 onz,Cuidado Personal,Cuidado Personal
crema corporal para piel seca fragancia original jergens 13.5 onz,Cuidado Personal,Cuidado Personal
crema corporal para prevencion fps30luciderm 400ml,Cuidado Personal,Cuidado Personal
crema corporal reafirmante jergens 13.5 onz,Cuidado Personal,Cuidado Personal
crema corporal regeneracion intensiva nivea 400ml,Cuidado Personal,Cuidado Personal
crema corporal renewing collagen & elastin st. ives 21 onz,Cuidado Personal,Cuidado Personal
crema corporal renovadora para piel aspera cerave 8 onz,Cuidado Personal,Cuidado Personal
Crema Corporal Reparacion Intensiva Lubriderm 200 Ml,Cuidado Personal,Cuidado Personal
Crema Corporal Reparacion Intensiva Lubriderm 400 Ml,Cuidado Personal,Cuidado Personal
crema corporal revitalizante de algas yves rocher 390ml,Cuidado Personal,Cuidado Personal
crema corporal ultra humectante jergens 13.5 onz,Cuidado Personal,Cuidado Personal
Crema Dental 3D White Brilliant Fresh Oral B 75 Ml; 2 Und/Paq,Cuidado Personal,Cuidado Personal
Crema Dental Colgate Anticaries Original 125 ML,Cuidado Personal,Cuidado Personal
Crema Dental Complete 4 en 1 Oral B 66 Ml,Cuidado Personal,Cuidado Personal
Crema Dental Con Bicarbonato Oral B 100 Ml,Cuidado Personal,Cuidado Personal
Crema Dental Extra Blancura Crest 150 Ml,Cuidado Personal,Cuidado Personal
Crema Dental Frescura Completa Menta Oral B 100 Ml,Cuidado Personal,Cuidado Personal
Crema Dental Limpieza Profunda Sensodyne 90 Gr,Cuidado Personal,Cuidado Personal
Crema Dental Max Fresh Colgate 90 Ml,Cuidado Personal,Cuidado Personal
Crema Dental Para Niñas Motivo Princesas Oral B 37 Ml,Cuidado Personal,Cuidado Personal
Crema Dental Protección Total Líder 100 Ml,Cuidado Personal,Cuidado Personal
Crema Dental Repara Y Protege Sensodyne 100 Gr,Cuidado Personal,Cuidado Personal
Crema Dental Sarro Detrox Defense Oral B 80 Ml,Cuidado Personal,Cuidado Personal
Crema Dental Stages Cars/Princess/Pooh Oral B 75 Ml,Cuidado Personal,Cuidado Personal
Crema Dental Triactivo Líder 100 Ml,Cuidado Personal,Cuidado Personal
Crema Dental Whitening + Antisarro Sensodyne 113 Gr,Cuidado Personal,Cuidado Personal
Crema Facial  Cellular  Filler Nivea 50 Ml,Cuidado Personal,General
crema facial acido hialuronico delia hidratacion intensa 50ml,Cuidado Personal,General
crema facial clarant b para piel grasa ponds 100gr,Cuidado Personal,General
crema facial colageno delia reafirmante antiarrugas 50ml,Cuidado Personal,General
crema facial cuidado aclarado nivea 50ml.,Cuidado Personal,General
crema facial cuidado efecto mate nivea 100ml,Cuidado Personal,General
Crema Facial Cuidado Nutritivo Nivea 100 Ml,Cuidado Personal,General
crema facial cuidado nutritivo nivea 50ml.,Cuidado Personal,General
Crema Facial De Dia Renovadora Spf 30 Cerave 1.7 Onz,Cuidado Personal,General
Crema Facial De Limpieza Con Extracto De Pepino Ponds 100 Gr,Cuidado Personal,General
crema facial hidratante en gel face fact 50ml,Cuidado Personal,General
Crema Facial Humectante  con SPF 30 Ponds 100 Gr,Cuidado Personal,General
Crema Facial Humectante Nutritiva Ponds 100 Gr,Cuidado Personal,General
crema facial noche delia retinol 50ml,Cuidado Personal,General
crema facial oro colageno delia efecto lifting 50ml,Cuidado Personal,General
Crema Facial Para Piel Grasa Top Care 12 Onz,Cuidado Personal,General
Crema Facial Para Piel Seca Clarant B3 Ponds 100 Gr,Cuidado Personal,General
crema facial rejuveness con spf 30 ponds 100gr.,Cuidado Personal,General
Crema Facial Rejuveness Ponds 100 Gr,Cuidado Personal,General
Crema Facial Visage Cellular Nivea 50 Ml,Cuidado Personal,General
Crema Facial Y Corporal Aclarado Natural Nivea 100 Ml,Cuidado Personal,General
Crema Hidratante Ultraligera Con Protector Solar SPF 30 Cerave 1.7 Onz,Cuidado Personal,Cuidado Personal
crema para afeitar original foamy gillette 11 onz,Cuidado Personal,Cuidado Personal
desmaquillante bifasico delia limpieza rostro ojos 200ml,Cuidado Personal,General
desmaquillante de ojos bifasico efecto dual nivea 125ml,Cuidado Personal,General
Desmaquillante De Ojos Cerave 4 Onz,Cuidado Personal,General
Desmaquillante De Ojos Top Care 5.5 Onz,Cuidado Personal,General
Desmaquillante En Balsamo Cerave 1.3 Onz,Cuidado Personal,General
Desodorante Arm & Hammer para Hombre en Barra Essential Natural 2.5 Onz,Cuidado Personal,Cuidado Personal
desodorante arm & hammer para hombre en barra ultramax sin fragancia 2.8 onz,Cuidado Personal,Cuidado Personal
Desodorante Arm & Hammer para Hombre en Barra UltraMax Sport 2.8 Onz,Cuidado Personal,Cuidado Personal
desodorante axe para hombre en aerosol black 152ml,Cuidado Personal,Cuidado Personal
desodorante axe para hombre en aerosol black 96gr,Cuidado Personal,Cuidado Personal
desodorante axe para hombre en aerosol bodyspray excite 113ml,Cuidado Personal,Cuidado Personal
desodorante axe para hombre en spray apollo 113gr,Cuidado Personal,Cuidado Personal
Desodorante Dove para Hombre en Aerosol Care Cuidado Total 89 Gr,Cuidado Personal,Cuidado Personal
Desodorante Dove para Hombre en Aerosol Extra Fresh 89 Gr,Cuidado Personal,Cuidado Personal
desodorante dove para hombre en aerosol invisible dry 150ml,Cuidado Personal,Cuidado Personal
desodorante dove para hombre en barra care fresh 2.7 onz,Cuidado Personal,Cuidado Personal
desodorante dove para hombre en barra clean comfort 2.7 onz,Cuidado Personal,Cuidado Personal
Desodorante Dove para Hombre en Roll On Invisible Dry 50 Ml,Cuidado Personal,Cuidado Personal
desodorante dove para hombre en rollon clean comfort 50ml,Cuidado Personal,Cuidado Personal
desodorante dove para mujer en aerosol calendula 150ml,Cuidado Personal,Cuidado Personal
Desodorante Dove para Mujer en Aerosol Coco 150 Ml,Cuidado Personal,Cuidado Personal
Desodorante Dove para Mujer en Aerosol Invisible Dry 150 Ml,Cuidado Personal,Cuidado Personal
Desodorante Dove para Mujer en Aerosol Original 100 Gr,Cuidado Personal,Cuidado Personal
desodorante dove para mujer en aerosol tono uniforme orquidea 150ml,Cuidado Personal,Cuidado Personal
Desodorante Dove para Mujer en Aerosol Tono Uniforme Rosas 150 Ml,Cuidado Personal,Cuidado Personal
desodorante dove para mujer en barra advanced cool essentials 2.6 onz,Cuidado Personal,Cuidado Personal
desodorante dove para mujer en barra advanced shea butter 2.6 onz,Cuidado Personal,Cuidado Personal
desodorante dove para mujer en barra calendula 45gr,Cuidado Personal,Cuidado Personal
desodorante dove para mujer en barra clear finish 2.6 onz,Cuidado Personal,Cuidado Personal
desodorante dove para mujer en barra original 45gr,Cuidado Personal,Cuidado Personal
desodorante dove para mujer en barra powder 2.6 onz twin pack,Cuidado Personal,Cuidado Personal
Desodorante Dove para Mujer en Roll On Dermo Aclarant 50 Ml,Cuidado Personal,Cuidado Personal
desodorante dove para mujer en roll on original 50ml,Cuidado Personal,Cuidado Personal
desodorante dove para mujer en roll on tono uniforme rosas 50ml,Cuidado Personal,Cuidado Personal
desodorante en spray antitranspirante para pies silver active hansaplast 150ml,Cuidado Personal,Cuidado Personal
desodorante gillete para hombre en gel cool wave 4 onz,Cuidado Personal,Cuidado Personal
Desodorante Gillette para Hombre en Gel Clea Artic Ice 82 Gr,Cuidado Personal,Cuidado Personal
Desodorante Gillette para Hombre en Gel Clear Antibacterial 113 Gr,Cuidado Personal,Cuidado Personal
Desodorante Gillette para Hombre en Gel Clear Cool Wave 82 Gr,Cuidado Personal,Cuidado Personal
Desodorante Gillette para Hombre en Gel Clear Power Rush 82 Gr,Cuidado Personal,Cuidado Personal
desodorante gillette para hombre en gel clear sport peak 82gr,Cuidado Personal,Cuidado Personal
desodorante lady seed stick para mujer en barra pro-5 45grs,Cuidado Personal,Cuidado Personal
desodorante lady speed stick para mujer en barra active double defense 45gr,Cuidado Personal,Cuidado Personal
desodorante lady speed stick para mujer en barra active fresh 45gr,Cuidado Personal,Cuidado Personal
desodorante lady speed stick para mujer en barra con vitamina e 45g,Cuidado Personal,Cuidado Personal
desodorante lady speed stick para mujer en barra fresh powder 45g 2 pack,Cuidado Personal,Cuidado Personal
desodorante lady speed stick para mujer en barra naturals zero 60gr,Cuidado Personal,Cuidado Personal
desodorante lady speed stick para mujer en roll on fresh powder 50ml 2 pack,Cuidado Personal,Cuidado Personal
desodorante lady speed stick para mujer en spray con vitamina e 150ml,Cuidado Personal,Cuidado Personal
desodorante lady speed stick para mujer en spray fresh powder 91gr,Cuidado Personal,Cuidado Personal
desodorante lady speed stick para mujer en spray naturals zero 91gr,Cuidado Personal,Cuidado Personal
desodorante lady speed stick para mujer en spray pro-5 91gr,Cuidado Personal,Cuidado Personal
Desodorante Mitchum para Hombre en Gel Clear Sin Perfume 2.25 Onz,Cuidado Personal,Cuidado Personal
desodorante nivea para hombre en spray deep 150ml,Cuidado Personal,Cuidado Personal
desodorante nivea para hombre en spray powder 150ml,Cuidado Personal,Cuidado Personal
desodorante nivea para mujer en barra aclarado natural 50gr,Cuidado Personal,Cuidado Personal
desodorante nivea para mujer en roll on aclarado natural beauty touch 50ml,Cuidado Personal,Cuidado Personal
Desodorante Nivea para Mujer en Spray Clinical 150 Ml,Cuidado Personal,Cuidado Personal
desodorante nivea para mujer en spray pure black n' white 150ml,Cuidado Personal,Cuidado Personal
desodorante old spice para hombre en gel clear sudor defense 80gr,Cuidado Personal,Cuidado Personal
desodorante palmolive para mujer en aerosol original neutro balance 91gr,Cuidado Personal,Cuidado Personal
desodorante palmolive para mujer en barra neutro balance 50gr,Cuidado Personal,Cuidado Personal
desodorante rexona para hombre en aerosol clinical clean 91gr,Cuidado Personal,Cuidado Personal
desodorante rexona para hombre en aerosol invisible 105gr,Cuidado Personal,Cuidado Personal
desodorante rexona para hombre en aerosol xtracool 150ml,Cuidado Personal,Cuidado Personal
desodorante rexona para hombre en barra mix v8 50gr 2 pack,Cuidado Personal,Cuidado Personal
desodorante rexona para hombre en barra xtra cool 50gr,Cuidado Personal,Cuidado Personal
desodorante rexona para hombre en roll on xtra cool 50ml,Cuidado Personal,Cuidado Personal
desodorante rexona para hombre en spray antibacterial 150ml,Cuidado Personal,Cuidado Personal
desodorante rexona para mujer en aerosol active emotion 90gr,Cuidado Personal,Cuidado Personal
desodorante rexona para mujer en aerosol clinical classic 91gr,Cuidado Personal,Cuidado Personal
desodorante rexona para mujer en aerosol powder 105gr,Cuidado Personal,Cuidado Personal
desodorante rexona para mujer en barra powder 45g,Cuidado Personal,Cuidado Personal
Desodorante Rexona para Mujer en Roll On Clinical Classic 50 Ml,Cuidado Personal,Cuidado Personal
desodorante rexona para mujer en roll on powder 50ml,Cuidado Personal,Cuidado Personal
Desodorante Secret para Mujer en Barra Powder Protect Cotton 45 Gr,Cuidado Personal,Cuidado Personal
Desodorante Secret para Mujer en Barra Vainilla 45 Gr,Cuidado Personal,Cuidado Personal
desodorante secret para mujer en gel clinical ph balanced 1.58 onz,Cuidado Personal,Cuidado Personal
Desodorante Secret para Mujer en Gel Coco 45 Gr,Cuidado Personal,Cuidado Personal
desodorante secret para mujer en gel jasmine 45gr,Cuidado Personal,Cuidado Personal
desodorante secret para mujer en gel ph balanced lavender 45gr,Cuidado Personal,Cuidado Personal
desodorante secret para mujer en gel powder protect cotton 45gr,Cuidado Personal,Cuidado Personal
desodorante secret para mujer en gel solid fresh 45gr,Cuidado Personal,Cuidado Personal
desodorante secret para mujer en gel vanilla 45gr,Cuidado Personal,Cuidado Personal
desodorante secret para mujer en roll on powder protect 60gr,Cuidado Personal,Cuidado Personal
desodorante secret para mujer en spray powder protect cotton 93gr,Cuidado Personal,Cuidado Personal
desodorante speed stick para hombre en barra fragancia irish spring 2.7 onz,Cuidado Personal,Cuidado Personal
desodorante speed stick para hombre en barra xtreme 50gr,Cuidado Personal,Cuidado Personal
desodorante speed stick para hombre en barrra xtreme ultratech 50gr 2 pack,Cuidado Personal,Cuidado Personal
desodorante speed stick para hombre en gel x5 85gr 2 pack,Cuidado Personal,Cuidado Personal
desodorante speed stick para hombre en gel xtreme ultra tech 85gr 2 pack,Cuidado Personal,Cuidado Personal
desodorante speed stick para hombre en roll on xtreme ultra 50ml 2 pack,Cuidado Personal,Cuidado Personal
desodorante speed stick para hombre en spray x5 91gr,Cuidado Personal,Cuidado Personal
desodorante speed stick para mujer en barra derma hair minimizer 47gr,Cuidado Personal,Cuidado Personal
Desodorante Speed Stick para Mujer en Roll On Derma Hair Minimizer 50 Ml,Cuidado Personal,Cuidado Personal
enjuague anticaries zero listerine 500ml,Cuidado Personal,Cuidado Personal
Enjuague Bucal Ambar Listerine 250 Ml,Cuidado Personal,Cuidado Personal
enjuague bucal ambar listerine 500ml,Cuidado Personal,Cuidado Personal
enjuague bucal colgate luminous white carbon activado 500ml,Cuidado Personal,Cuidado Personal
Enjuague Bucal Colgate Plax Ice 250 Ml con Pasta Dental Colgate Triple Acción 50 Ml,Cuidado Personal,Cuidado Personal
enjuague bucal colgate plax ice 250ml,Cuidado Personal,Cuidado Personal
Enjuague Bucal Colgate Plax Ice 500 Ml,Cuidado Personal,Cuidado Personal
enjuague bucal colgate plax ice 60ml,Cuidado Personal,Cuidado Personal
enjuague bucal colgate plax ice glacia 500ml,Cuidado Personal,Cuidado Personal
enjuague bucal colgate plax ice infinity 180ml,Cuidado Personal,Cuidado Personal
Enjuague Bucal Colgate Plax Kids Agnes 250 Ml,Cuidado Personal,Cuidado Personal
enjuague bucal colgate sensitive pro alivio sensibilidad 250ml,Cuidado Personal,Cuidado Personal
Enjuague Bucal Colgate Total 12 Charcoal 250ml,Cuidado Personal,Cuidado Personal
Enjuague Bucal Colgate Total 12 Spray 60 Ml,Cuidado Personal,Cuidado Personal
Enjuague Bucal Colgate Total Anti Sarro 500 Ml,Cuidado Personal,Cuidado Personal
enjuague bucal colgate total clean mint 250ml + pasta dental colgate total clean mint 50ml,Cuidado Personal,Cuidado Personal
enjuague bucal colgate total clean mint 250ml,Cuidado Personal,Cuidado Personal
Enjuague Bucal Colgate Total Encías Reforzadas 250 Ml,Cuidado Personal,Cuidado Personal
Enjuague Bucal Colgate Total Plax Odor Control 500 Ml,Cuidado Personal,Cuidado Personal
enjuague bucal con alcohol menta 500ml.,Cuidado Personal,Cuidado Personal
enjuague bucal cool mint listerine 1lt,Cuidado Personal,Cuidado Personal
enjuague bucal cool mint listerine 500ml,Cuidado Personal,Cuidado Personal
Enjuague Bucal Cuidado Total Listerine 1 L,Cuidado Personal,Cuidado Personal
Enjuague Bucal Larga Duracion Sabor Menta Crest Scope 1 Lt,Cuidado Personal,Cuidado Personal
enjuague bucal listerine anticaries zero alcohol 250ml,Cuidado Personal,Cuidado Personal
enjuague bucal listerine control calculo 500ml,Cuidado Personal,Cuidado Personal
enjuague bucal para ninos minions colgate 250ml,Cuidado Personal,Cuidado Personal
enjuague bucal septicon 8 onz,Cuidado Personal,Cuidado Personal
enjuague bucal sin alcohol cool mint listerine 250ml,Cuidado Personal,Cuidado Personal
Enjuague Bucal Sin Alcohol Listerine 1 Lt,Cuidado Personal,Cuidado Personal
Enjuague Bucal Total Care Ambar 500 Ml.,Cuidado Personal,Cuidado Personal
enjuague bucal total care zero listerine 250ml,Cuidado Personal,Cuidado Personal
enjuague bucal whitening extreme listerine 473ml,Cuidado Personal,Cuidado Personal
enjuague bucal zero alcohol listerine 500ml,Cuidado Personal,Cuidado Personal
Esponjas de Maquillaje Jumbo Top Crest 16 Und/Paq,Cuidado Personal,Cuidado Personal
exfoliante intimo venus gillette 180ml,Cuidado Personal,Cuidado Personal
filtro solar spray sport spf 30 top care,Cuidado Personal,General
Gel Crema Hidratante Facial Agua De Rosas Nivea 50 Ml,Cuidado Personal,Cuidado Personal
gel de afeitar para piel sensible schick 200ml,Cuidado Personal,Cuidado Personal
gel de bano avena lider 750ml,Cuidado Personal,Cuidado Personal
Gel De Baño Calmante Para La Noche Dove Baby 13 Onz,Cuidado Personal,Cuidado Personal
Gel De Baño Calming Lavender Tippy Toes 16.9 Onz,Cuidado Personal,Cuidado Personal
Gel De Baño Coconut Delight Tippy Toes 16.9 Onz,Cuidado Personal,Cuidado Personal
Gel De Baño Con Argan Líder 750 Ml,Cuidado Personal,Cuidado Personal
Gel De Baño Con Coco Líder 750 Ml,Cuidado Personal,Cuidado Personal
Gel De Baño Con Eucalipto Y Menta Dr Teal's 24 Onz,Cuidado Personal,Cuidado Personal
Gel De Baño Con Melatonina Dr Teal's 24 Onz,Cuidado Personal,Cuidado Personal
gel de bano con shea butter top care 24 onz,Cuidado Personal,Cuidado Personal
Gel De Baño Detox Dr Teal's 24 Onz,Cuidado Personal,Cuidado Personal
gel de bano exfoliante dove 22 onz,Cuidado Personal,Cuidado Personal
gel de bano fragancia lavanda ivory 21 onz,Cuidado Personal,Cuidado Personal
Gel De Baño Frutos Rojos Líder 750 ml,Cuidado Personal,Cuidado Personal
Gel De Baño Glow & Radiance Dr Teal's 24 Onz,Cuidado Personal,Cuidado Personal
gel de bano hidrantante lavanda top care 34 onz,Cuidado Personal,Cuidado Personal
Gel De Baño Hidratante Dove Baby 13 Onz,Cuidado Personal,Cuidado Personal
Gel de Baño Lavanda Dr. Teals 24 Onz,Cuidado Personal,Cuidado Personal
Gel De Baño Neutro Líder 750 Ml,Cuidado Personal,Cuidado Personal
gel de bano oliva y aloe palmolive 390ml,Cuidado Personal,Cuidado Personal
Gel De Baño Oliva y Leche Líder 750 ml,Cuidado Personal,Cuidado Personal
gel de bano original irish spring 18 onz,Cuidado Personal,Cuidado Personal
gel de bano original ivory 21 onz,Cuidado Personal,Cuidado Personal
gel de bano para hombre extra fresh dove 13.5 onz,Cuidado Personal,Cuidado Personal
gel de bano para hombre rejuvenecedor aroma fresco top care 18 onz,Cuidado Personal,Cuidado Personal
gel de bano para hombre sway top care 16 onz,Cuidado Personal,Cuidado Personal
Gel De Baño Relaxing Lavander Dove 22 Onz,Cuidado Personal,Cuidado Personal
Gel De Baño Suave Mustela 500 Ml,Cuidado Personal,Cuidado Personal
gel limpiador maquillaje suave all aqua nivea 150ml,Cuidado Personal,Cuidado Personal
gel para afeitar piel sensible gillette series 7 onz,Cuidado Personal,Cuidado Personal
gel post afeitado para piel sensible gillette,Cuidado Personal,Cuidado Personal
Hilo Dental Colgate Menta 50M,Cuidado Personal,Cuidado Personal
Hilo Dental Colgate Total Encerado 25M 2 Und/Paq,Cuidado Personal,Cuidado Personal
Hilo Dental Con Sabor A Menta Johnson'S 50 Mts,Cuidado Personal,Cuidado Personal
Hilo Dental Encerado Sabor Menta Top Care 100 Yd,Cuidado Personal,Cuidado Personal
Hilo Dental Encerado Top Care 50 Yd,Cuidado Personal,Cuidado Personal
Hilo Dental Essential Floss Oral-B 50 Unidades,Cuidado Personal,Cuidado Personal
Hilo Dental Expert Mint Oral-B 25 m x 2,Cuidado Personal,Cuidado Personal
Hilo Dental Gum Flossers Crayola 40 uds,Cuidado Personal,Cuidado Personal
Hilo Dental Higiene Personal Lider Estándar 1 Unidad,Cuidado Personal,Cuidado Personal
Hilo Dental Regular Johnson'S 50 Mts,Cuidado Personal,Cuidado Personal
Hilo Dental Satin Tape Oral-B 25 m,Cuidado Personal,Cuidado Personal
Hilo Dental Top Care 100 Yd,Cuidado Personal,Cuidado Personal
jabon de bano pink grape top care 8.5 onz,Cuidado Personal,Cuidado Personal
Jabón de Baño Protex 3 uds,Cuidado Personal,Cuidado Personal
Jabón Huggies Extra Suave 75 G,Cuidado Personal,Cuidado Personal
jabon intimo 192ml gillette venus,Cuidado Personal,Cuidado Personal
jabon y shampoo groovy grape tippy toes 16.9 onz,Cuidado Personal,Cuidado Personal
kit de viaje crema dental y cepillo top care,Cuidado Personal,Cuidado Personal
lider rasuradora desechable hombre 5/2h,Cuidado Personal,Cuidado Personal
locion corporal almendra humectante jeannette 4 onz,Cuidado Personal,Cuidado Personal
locion corporal bio oil 175ml,Cuidado Personal,Cuidado Personal
Locion Corporal Bio Oil 250 ml,Cuidado Personal,Cuidado Personal
Loción Corporal Coco Dr. Teals 18 Onz,Cuidado Personal,Cuidado Personal
locion corporal dr teal's shea butter 18oz,Cuidado Personal,Cuidado Personal
locion corporal eucalipto dr. teals 18 onz,Cuidado Personal,Cuidado Personal
Locion Corporal Hidratante Cerave Baby 8 Onz,Cuidado Personal,Cuidado Personal
locion corporal karite reparador jeannette 10 onz,Cuidado Personal,Cuidado Personal
Loción Corporal Lavanda Dr. Teals 18 Onz,Cuidado Personal,Cuidado Personal
locion corporal palmer's aceite de coco 8.5oz,Cuidado Personal,Cuidado Personal
Locion Hidratante Facial Para El Dia Con Proteccion Solar Spf 30 Cerave 3 Onz,Cuidado Personal,Cuidado Personal
Loción Protectora Solar Para Bebes 50 SPF Hawaiian Tropic 240 Ml,Cuidado Personal,General
maquina de afeitar intuition pure nourishment schick,Cuidado Personal,Cuidado Personal
maquina para afeitar gillette venus,Cuidado Personal,Cuidado Personal
mascarilla capilar cafe y cacao deya 16 onz,Cuidado Personal,General
Mascarilla Capilar Crecimiento Líder 475 ml,Cuidado Personal,General
panales bebe pequenin toallitas humedas vitamina e 80 ud,Cuidado Personal,Cuidado Personal
Pañales Desechables para Adultos M 10 Und,Cuidado Personal,Cuidado Personal
Pañales Desechables Para Bebe XG Líder Born  16 Und/Paq,Cuidado Personal,Cuidado Personal
Pañales Desechables Snug & Dry Etapa 7 Huggies 42 Und/Paq,Cuidado Personal,Cuidado Personal
Pañales Etapa 2 Pampers Swaddlers 84 Und/Paq,Cuidado Personal,Cuidado Personal
Pañales Etapa 4 Pampers Baby Dry 92 Und/Paq,Cuidado Personal,Cuidado Personal
Pañales Huggies Active Sec Etapa 6/XXXG 21 Unidades,Cuidado Personal,Cuidado Personal
Pañales Huggies Active Sec Pants Etapa 4/XG 25 Unidades,Cuidado Personal,Cuidado Personal
Pañales Huggies Little Snugglers Etapa 2/M 29 Unidades,Cuidado Personal,Cuidado Personal
Pañales Huggies Little Swimmers Talla G 10 Unidades,Cuidado Personal,Cuidado Personal
Pañales Huggies Snug & Dry Etapa 4/XG 76 Unidades,Cuidado Personal,Cuidado Personal
Pañales Pants Desechables Ultra Large Tena 10 Und/paq,Cuidado Personal,Cuidado Personal
Pañales para Adulto Lider Pants Talla L 10 uds,Cuidado Personal,Cuidado Personal
Pañales Para Incontinencia Hombre L-Xl Top Care 18 Und/Paq,Cuidado Personal,Cuidado Personal
Pañales Para Incontinencia Mujer S-M Top Care 20 Und/Paq,Cuidado Personal,Cuidado Personal
Pañales Para Incontinencia Slip Grande Tena 8 Und/Paq,Cuidado Personal,Cuidado Personal
Pañales Para Incontinencia Slip Large Gigapack Tena 21 Und/Paq,Cuidado Personal,Cuidado Personal
Pañales Para Incontinencia Slip Mediano Tena 9 Und/Paq,Cuidado Personal,Cuidado Personal
Pañales Snug & Dry #2 Huggies 34 Und/Paq,Cuidado Personal,Cuidado Personal
Pañales Snug & Dry Talla 6 Huggies Giga 66 Und,Cuidado Personal,Cuidado Personal
Pañales Swaddlers Newborn Pampers 31 Und/Paq,Cuidado Personal,Cuidado Personal
Pañales Swaddlers Paso 6 Pampers 16 Und,Cuidado Personal,Cuidado Personal
Pañales Swaddlers S4 Super Pack Pampers 66 Und/Paq,Cuidado Personal,Cuidado Personal
Pañales Swaddlers S5 Jumbo Pampers 19 Und/Paq,Cuidado Personal,Cuidado Personal
Papel Higiénico Casa Líder Sencillo 2 Rollos,Cuidado Personal,Cuidado Personal
Papel Higiénico Charmin Ultra Strong Mega 4 Rollos,Cuidado Personal,Cuidado Personal
Papel Higiénico Cottonelle Ultra Comfort 6 Rollos,Cuidado Personal,Cuidado Personal
Papel Higiénico Delux Esencial Familia 4 Und/Paq,Cuidado Personal,Cuidado Personal
Papel Higiénico Extra Grande Aroma Max Familia 12 Und/Paq,Cuidado Personal,Cuidado Personal
Papel Higiénico Familia (Paquete 4 uds),Cuidado Personal,Cuidado Personal
Papel Higiénico Grande Casa Líder 24 Und/Paq,Cuidado Personal,Cuidado Personal
papel higienico humedo 50 pcs,Cuidado Personal,Cuidado Personal
Papel Higiénico Mega Rollo Aroma Max Familia 12 Und/Paq,Cuidado Personal,Cuidado Personal
Papel Higiénico Premium Casa Líder 6 Und/Paq,Cuidado Personal,Cuidado Personal
Papel Higiénico Premium Líder 12 Rollo,Cuidado Personal,Cuidado Personal
Papel Higiénico Scott (Paquete 4 uds),Cuidado Personal,Cuidado Personal
Papel Higiénico Scott Cuidado Completo Triple Hoja 4 Rollos,Cuidado Personal,Cuidado Personal
Papel Higiénico Scott Esencias Doble Hoja 4 Rollos,Cuidado Personal,Cuidado Personal
Papel Higiénico Scott Rindemax Doble Hoja 1 Rollo,Cuidado Personal,Cuidado Personal
Papel Higiénico Sencillo Casa Líder 12 Und/Paq,Cuidado Personal,Cuidado Personal
Papel Higiénico Suave Doble Capa Simply Done 4 Und/Paq,Cuidado Personal,Cuidado Personal
Papel Higiénico Ultra Soft Mega Charmin 6 Und/Paq,Cuidado Personal,Cuidado Personal
Papel Higiénico Ultra Soft Simply Done 12 Und/Paq,Cuidado Personal,Cuidado Personal
Papel Higiénico Ultra Suave Charmin 9 Und/Paq,Cuidado Personal,Cuidado Personal
Pasta Dental Colgate Anti-Tartaro Control 150 Ml,Cuidado Personal,Cuidado Personal
Pasta Dental Colgate Anticaries Original 3 Und/Paq 75 Ml,Cuidado Personal,Cuidado Personal
Pasta Dental Colgate Luminous White Blanqueadora Manchas de Café  70 Gr,Cuidado Personal,Cuidado Personal
Pasta Dental Colgate Luminous White Carbón Activado 75 Ml,Cuidado Personal,Cuidado Personal
Pasta Dental Colgate Niños Teen Titans Go 60 Gr,Cuidado Personal,Cuidado Personal
Pasta Dental Colgate Smiles Liga De La Justicia 75 ML,Cuidado Personal,Cuidado Personal
Pasta Dental Colgate Total Carbón Activado 3 Und/ Paq 75 Ml,Cuidado Personal,Cuidado Personal
Pasta Dental Colgate Total Carbón Activado de 100 ML,Cuidado Personal,Cuidado Personal
Pasta Dental Colgate Total Encías Reforzadas 100 ML,Cuidado Personal,Cuidado Personal
Pasta Dental Colgate Triple Acción 150 Ml,Cuidado Personal,Cuidado Personal
Pasta Dental Colgate Triple Acción 66 Ml 3 Und/Paq,Cuidado Personal,Cuidado Personal
Pasta Dental Colgate Triple Acción 75ml,Cuidado Personal,Cuidado Personal
Pasta Dental Total Original Mint Colgate 75 ml,Cuidado Personal,Cuidado Personal
Pasta Dental Triple Acción Colgate 80 Ml 2 Un/Paq,Cuidado Personal,Cuidado Personal
Protector Solar En Crema Para Bebe Spf 50+ Babyganics 13 Gr,Cuidado Personal,Cuidado Personal
Protector Solar En Polvo Translúcido SPF 30 Hawaiian Tropic 4.25 Gr.,Cuidado Personal,Cuidado Personal
protector solar en spray fps 50 sport top care 6 onz,Cuidado Personal,Cuidado Personal
Protector Solar en Spray Sun Bum 30SPF 6 Oz,Cuidado Personal,Cuidado Personal
Protector Solar en Spray Sun Bum 70SPF 6 Oz,Cuidado Personal,Cuidado Personal
protector solar facial antiedad q10 spf 50 nivea 50ml,Cuidado Personal,Cuidado Personal
protector solar facial f-50 nivea 50ml,Cuidado Personal,Cuidado Personal
Protector Solar Hidratante Transparente  Cerave SPF30,Cuidado Personal,Cuidado Personal
protector solar humectante spf-50 top care 8 onz,Cuidado Personal,Cuidado Personal
protector solar mineral spf 50 top care 1.5 onz,Cuidado Personal,Cuidado Personal
Protector Solar Para Niños En Spray Aqua Spf 50 Banana Boat 170 Gr,Cuidado Personal,Cuidado Personal
protector solar sport locion spf-30 top care 8 onz,Cuidado Personal,Cuidado Personal
Protector Solar Tintado Transparente SPF 30 Cerave 1.7 Onz,Cuidado Personal,Cuidado Personal
protector solar ultra sheer locion spf-70 top care 3 onz,Cuidado Personal,Cuidado Personal
protector solar ultra spf-30 top care 8 onz,Cuidado Personal,Cuidado Personal
Protector Solar y Hidratación SPF 50 Nivea Sun 200 Ml,Cuidado Personal,Cuidado Personal
Protectores Diarios Nosotras Con Desodorante 15 Und/Paq,Cuidado Personal,Cuidado Personal
quitamanchas desodorante y sudor dr beckmann 250ml,Cuidado Personal,Cuidado Personal
rasuradora blister comfort bic 2 und/paq,Cuidado Personal,Cuidado Personal
rasuradora con aloe schick quattro you 2 und/paq,Cuidado Personal,Cuidado Personal
rasuradora cuerpo mach 3gillette,Cuidado Personal,Cuidado Personal
rasuradora de mujer con mango y repuesto lider,Cuidado Personal,Cuidado Personal
rasuradora derma proteccion gillette 4 und/paq,Cuidado Personal,Cuidado Personal
rasuradora desechable para mujer lider 4/1,Cuidado Personal,Cuidado Personal
rasuradora eco ultimate schick 2 und/paq,Cuidado Personal,Cuidado Personal
rasuradora fusion proshield flexball gillette,Cuidado Personal,Cuidado Personal
rasuradora good news ultragrip gillette 2 und,Cuidado Personal,Cuidado Personal
rasuradora hombre handle + repuesto lider,Cuidado Personal,Cuidado Personal
rasuradora mach 3 carbono gillette 1 und,Cuidado Personal,Cuidado Personal
rasuradora para cuerpo desechable gillette 4 und/paq,Cuidado Personal,Cuidado Personal
rasuradora para hombre exacta schick 5 und/paq,Cuidado Personal,Cuidado Personal
rasuradora para hombre top care 10 und/paq,Cuidado Personal,Cuidado Personal
rasuradora para mujer quatto schick 1 und/paq,Cuidado Personal,Cuidado Personal
rasuradora para mujer quattro schick 1 und/paq,Cuidado Personal,Cuidado Personal
rasuradora para mujer venus sensitive gillette 2 und/paq,Cuidado Personal,Cuidado Personal
rasuradora para mujer xtreme 3 schick 2 und/paq,Cuidado Personal,Cuidado Personal
rasuradora presto3 carbono gillette 2 ct,Cuidado Personal,Cuidado Personal
rasuradora prestobarba 3 para mujer gillette 4und/paq,Cuidado Personal,Cuidado Personal
rasuradora prestobarba 3gillette 8 und/paq,Cuidado Personal,Cuidado Personal
rasuradora prestobarba ultragrip fija gillete 5 und,Cuidado Personal,Cuidado Personal
rasuradora prestobarba ultragrip fija gillette oferta 10 und,Cuidado Personal,Cuidado Personal
rasuradora prestobarba ultragrip movil gillette 5 und,Cuidado Personal,Cuidado Personal
rasuradora quattro titanium schick 2 und/paq,Cuidado Personal,Cuidado Personal
rasuradora sensitive gillette prestobarba 3 2 und/paq,Cuidado Personal,Cuidado Personal
rasuradora skinguard sensitive gillette 1 und,Cuidado Personal,Cuidado Personal
rasuradora venus breeze gillette,Cuidado Personal,Cuidado Personal
rasuradora venus intima desechables gillette 2 und/paq,Cuidado Personal,Cuidado Personal
rasuradora venus intima gillette 1 und,Cuidado Personal,Cuidado Personal
rasuradora xtreme 3 ultimate schick 2 und/paq,Cuidado Personal,Cuidado Personal
rasuradora xtreme3 sensible schick 4 unidades/paq,Cuidado Personal,Cuidado Personal
Removedor De Maquillaje Sin Alcohol Top Care 25 Und/Paq,Cuidado Personal,Cuidado Personal
Removedor De Maquillaje Top Care 30 Und/Paq,Cuidado Personal,Cuidado Personal
repuesto para rasuradora carbono mach 3gillete 4 und/paq,Cuidado Personal,Cuidado Personal
repuesto para rasuradora cuerpo mach 3gillette 2 und/paq,Cuidado Personal,Cuidado Personal
repuesto para rasuradora fusion 5gillette 4 und/paq,Cuidado Personal,Cuidado Personal
repuesto para rasuradora fusion proshield 4 und/paq,Cuidado Personal,Cuidado Personal
repuesto para rasuradora intima gillete 2 und/paq,Cuidado Personal,Cuidado Personal
repuesto para rasuradora intuition pure nourishment schick 2 und/paq,Cuidado Personal,Cuidado Personal
repuesto para rasuradora mach 3 carbono gillette 2 und/paq,Cuidado Personal,Cuidado Personal
repuesto para rasuradora quattro schick 4 und/paq,Cuidado Personal,Cuidado Personal
repuesto para rasuradora skinguard sensitive 4 und/paq,Cuidado Personal,Cuidado Personal
repuesto para rasuradora venus breeze gillette 4 und/paq,Cuidado Personal,Cuidado Personal
repuestos de rasuradora para mujer lider 3/1,Cuidado Personal,Cuidado Personal
Sérum Facial Ácido Hialurónico Delia Hidratante Suavizante 30 ml,Cuidado Personal,Cuidado Personal
serum facial colageno delia elasticidad reafirmante 30ml,Cuidado Personal,Cuidado Personal
Serum Facial Con Ácido Glicólico Cerave 1 Onz,Cuidado Personal,Cuidado Personal
Serum Facial Con Retinol Cerave 1 Onz,Cuidado Personal,Cuidado Personal
serum facial delia retinol nutritivo 30ml,Cuidado Personal,Cuidado Personal
serum facial hidratante con acido hialuronico cerave 1 onz,Cuidado Personal,Cuidado Personal
serum facial oro colageno delia antiedad reafirmante 30ml,Cuidado Personal,Cuidado Personal
serum facial vitamina c delia iluminador antioxidante 30ml,Cuidado Personal,Cuidado Personal
serum facial vitamina c delia revitalizante brillo 30ml,Cuidado Personal,Cuidado Personal
shampoo + bodywash con manzanilla y verbena babyganics 16 onz,Cuidado Personal,Cuidado Personal
shampoo 2 en 1 suave y manejable head and shoulders 375ml,Cuidado Personal,Cuidado Personal
Shampoo Aceite de Argán Hidratación y Movimiento  Becense 300 Ml,Cuidado Personal,Cuidado Personal
shampoo aceite de argan top care 13 onz,Cuidado Personal,Cuidado Personal
Shampoo Afro Love Halka 16 Onz,Cuidado Personal,Cuidado Personal
shampoo anti breaking tresemme 28 onz,Cuidado Personal,Cuidado Personal
shampoo anti comenzon head & shouders 180ml,Cuidado Personal,Cuidado Personal
Shampoo Anti-Comezón Head & Shoulders 375 Ml,Cuidado Personal,Cuidado Personal
Shampoo Anticaida Head & Shoulder 375 Ml,Cuidado Personal,Cuidado Personal
shampoo anticaida head & shoulders 180ml,Cuidado Personal,Cuidado Personal
shampoo anticaspa 2 en 1 top care 14.2 onz,Cuidado Personal,Cuidado Personal
shampoo anticaspa becense 300ml,Cuidado Personal,Cuidado Personal
shampoo anticaspa becense 900ml,Cuidado Personal,Cuidado Personal
shampoo biotina y colageno top care 13 onz,Cuidado Personal,Cuidado Personal
shampoo brillo lamelar tresemme 16oz,Cuidado Personal,Cuidado Personal
shampoo calmante tippy toes 13.06 onz,Cuidado Personal,Cuidado Personal
shampoo carbon activado maka essentials 16 onz,Cuidado Personal,Cuidado Personal
shampoo cerave baby 8 onz,Cuidado Personal,Cuidado Personal
shampoo coco milagroso becense 300ml,Cuidado Personal,Cuidado Personal
shampoo coconut oil & cocoa butter whole blends 12.5 onz,Cuidado Personal,Cuidado Personal
shampoo colageno nutre y revitaliza pantene 300ml,Cuidado Personal,Cuidado Personal
shampoo colageno pantene prov 510ml,Cuidado Personal,Cuidado Personal
shampoo con agua micelar l'oreal elvive,Cuidado Personal,Cuidado Personal
shampoo con manzanilla johnson's baby 400ml,Cuidado Personal,Cuidado Personal
shampoo con miel y aceite de coco african pride moisture miracle 354ml,Cuidado Personal,Cuidado Personal
shampoo con old spice head & shoulders 180ml,Cuidado Personal,Cuidado Personal
shampoo control caspa 3 en 1 head and shoulders 375ml,Cuidado Personal,Cuidado Personal
Shampoo Crecimiento Líder 475 ml,Cuidado Personal,Cuidado Personal
shampoo de crecimiento capilar 16oz hair plus,Cuidado Personal,Cuidado Personal
shampoo equilibrio raiz y puntas pantene prov 300ml,Cuidado Personal,Cuidado Personal
shampoo extra suave huggies 200ml,Cuidado Personal,Cuidado Personal
shampoo fructis hair filler color ceramidas 10.1oz,Cuidado Personal,Cuidado Personal
shampoo fructis hair filler curl acido hialuronico 10.1oz,Cuidado Personal,Cuidado Personal
shampoo fructis hair filler strength vitamina c 10oz,Cuidado Personal,Cuidado Personal
shampoo fuerza de raiz head and shoulder 375ml,Cuidado Personal,Cuidado Personal
shampoo fuerza y reconstruccion pantene 400ml,Cuidado Personal,Cuidado Personal
shampoo fuerza y vitamina johnson's baby 200ml,Cuidado Personal,Cuidado Personal
shampoo gotas de brillo johnson's baby 200ml,Cuidado Personal,Cuidado Personal
shampoo head & shoulders men old spice 375ml+ gratis 180ml,Cuidado Personal,Cuidado Personal
Shampoo Hialurónico Pure El Vive LOreal 13.5 Onz.,Cuidado Personal,Cuidado Personal
shampoo hidratacion anticaspa 300ml.,Cuidado Personal,Cuidado Personal
shampoo hidratacion enriquecida dove baby 200ml,Cuidado Personal,Cuidado Personal
shampoo hidratacion intensa johnson's baby 400ml,Cuidado Personal,Cuidado Personal
shampoo hidrocauterizacion pantene 400ml,Cuidado Personal,Cuidado Personal
shampoo honey treasures whole blends 12.5 onz,Cuidado Personal,Cuidado Personal
Shampoo Keratina Pantene 300 Ml,Cuidado Personal,Cuidado Personal
shampoo leche de coco top care 13 onz,Cuidado Personal,Cuidado Personal
Shampoo Libre De Sulfatos Cantu 13.5 Onz,Cuidado Personal,Cuidado Personal
Shampoo Líder 1 Gl,Cuidado Personal,Cuidado Personal
shampoo lider 1gl,Cuidado Personal,Cuidado Personal
shampoo ligao de lecche boe 13.2 onz,Cuidado Personal,Cuidado Personal
shampoo limpieza renovadora head & shoulder 180ml,Cuidado Personal,Cuidado Personal
shampoo limpieza renovadora head & shoulders 375ml,Cuidado Personal,Cuidado Personal
shampoo mayoliva boe 12 onz,Cuidado Personal,Cuidado Personal
shampoo medicado para la caspa top care 11 onz.,Cuidado Personal,Cuidado Personal
shampoo men anticaspa 300ml.,Cuidado Personal,Cuidado Personal
Shampoo Men Anticaspa Fortalecedor Becense 300 Ml.,Cuidado Personal,Cuidado Personal
shampoo miss key daddy 1gl,Cuidado Personal,Cuidado Personal
shampoo moisture rich top care 32 onz,Cuidado Personal,Cuidado Personal
shampoo moisture rich tresemme 28 onz,Cuidado Personal,Cuidado Personal
shampoo nourish and replenish botanique tresemme 739ml,Cuidado Personal,Cuidado Personal
shampoo nutricion oleo micelar dove 400ml,Cuidado Personal,Cuidado Personal
Shampoo Old Spice Head And Shoulders 375 Ml,Cuidado Personal,Cuidado Personal
shampoo olive juice deya 16 onz,Cuidado Personal,Cuidado Personal
shampoo original johnson's baby 200ml,Cuidado Personal,Cuidado Personal
shampoo original johnson's baby 400ml,Cuidado Personal,Cuidado Personal
shampoo original johnson's baby 750ml,Cuidado Personal,Cuidado Personal
Shampoo Pantene Bambu Nutre & Crece 400 Ml,Cuidado Personal,Cuidado Personal
shampoo para bebe cabellos claros johnson's baby 200ml,Cuidado Personal,Cuidado Personal
shampoo para bebe con manzanilla mustela 200ml,Cuidado Personal,Cuidado Personal
shampoo para bebes aloe vera becense 200ml,Cuidado Personal,Cuidado Personal
shampoo para bebes lavanda becense 200ml,Cuidado Personal,Cuidado Personal
shampoo para bebes manzanilla becense 200ml,Cuidado Personal,Cuidado Personal
Shampoo Para Cabello Rizo Cantu Kids 8 Onz,Cuidado Personal,Cuidado Personal
shampoo para ninos aloe vera becense 300ml,Cuidado Personal,Cuidado Personal
shampoo para ninos lavanda becense 300ml,Cuidado Personal,Cuidado Personal
Shampoo Para Niños Manzanilla Becense 300 Ml,Cuidado Personal,Cuidado Personal
shampoo para ninos shiny deya 16 onz,Cuidado Personal,Cuidado Personal
shampoo pelaje blanco groomer's salon 18.4 onz,Cuidado Personal,Cuidado Personal
shampoo pure clean garnier fructis 12.5oz,Cuidado Personal,Cuidado Personal
shampoo pure moisture garnier fructis 12.5 onz,Cuidado Personal,Cuidado Personal
shampoo reconstruccion completa dove 400ml,Cuidado Personal,Cuidado Personal
Shampoo Reparación Completa Becense 300 Ml,Cuidado Personal,Cuidado Personal
shampoo restauracion pantene 400ml,Cuidado Personal,Cuidado Personal
shampoo restaurador dream lengths l'oreal elvive 12.6 onz,Cuidado Personal,Cuidado Personal
shampoo revitalizing tresemme 28 onz,Cuidado Personal,Cuidado Personal
shampoo rizos definidos pantene 400ml,Cuidado Personal,Cuidado Personal
shampoo rizos obedientes sedal 350ml,Cuidado Personal,Cuidado Personal
Shampoo Rizos Poderosos Becense  300 Ml,Cuidado Personal,Cuidado Personal
Shampoo Rizos Triple Nutricion Fructis 13 Onz,Cuidado Personal,Cuidado Personal
shampoo seco dark & deep brown batiste 200ml,Cuidado Personal,Cuidado Personal
shampoo sleek & shine fructis 22 onz,Cuidado Personal,Cuidado Personal
shampoo smooth & silky top care 32 onz,Cuidado Personal,Cuidado Personal
Shampoo Smooth & Silky Tresemme 28 Onz,Cuidado Personal,Cuidado Personal
shampoo suavidad anticaspa 300ml.,Cuidado Personal,Cuidado Personal
shampoo terapeutico original top crest 8.5 onz,Cuidado Personal,Cuidado Personal
shampoo total repair 5 protein + ceramide l'oreal elvive 375ml,Cuidado Personal,Cuidado Personal
shampoo triple nutricion garnier fructis 33.8 onz,Cuidado Personal,Cuidado Personal
shampoo triple nutrition garnier fructis 13 onz,Cuidado Personal,Cuidado Personal
shampoo velvet deya 16 onz,Cuidado Personal,Cuidado Personal
shampoo y acondicionador suave y manejable 2 en 1 head & shoulders 180ml,Cuidado Personal,Cuidado Personal
shampoo y body wash sin fragancia babyganics 16 onz,Cuidado Personal,Cuidado Personal
spray desodorante para pies hansaplast 150ml,Cuidado Personal,Cuidado Personal
tampones nosotras chic regular 10 und/paq,Cuidado Personal,Cuidado Personal
tampones nosotras organicos regular con aplicador 8 und/paq,Cuidado Personal,Cuidado Personal
tampones nosotras super plus con aplicador 8 und/paq,Cuidado Personal,Cuidado Personal
tampones playtex regular sin fragancia 8 und/paq,Cuidado Personal,Cuidado Personal
tampones playtex simply gentle glide 16 und/paq,Cuidado Personal,Cuidado Personal
tampones playtex super sin fragancia 18 und/paq,Cuidado Personal,Cuidado Personal
tampones tampax regular 10 und/paq,Cuidado Personal,Cuidado Personal
tampones tampax super con aplicador 20 und,Cuidado Personal,Cuidado Personal
Tampones Tampax Super Plus Sin Aroma 18 Und,Cuidado Personal,Cuidado Personal
toallas humedas huggies limpieza diaria 80 unidades,Cuidado Personal,Cuidado Personal
toallas humedas huggies limpieza efectiva 48 unidades,Cuidado Personal,Cuidado Personal
toallas humedas huggies natural care 168 unidades,Cuidado Personal,Cuidado Personal
toallas humedas huggies simply clean 64 unidades,Cuidado Personal,Cuidado Personal
Toallas Húmedas Removedor de Maquillaje Top Care 25 Und/Paq,Cuidado Personal,Cuidado Personal
Toallas Humedas Remover Maquillaje Topcare Tc 25 Und,Cuidado Personal,Cuidado Personal
toallas sanitarias nosotras invisibles con desodorante 10 und/paq,Cuidado Personal,Cuidado Personal
toallitas desmaquillantes a base de plantas cerave 25 und/paq,Cuidado Personal,General
Toallitas Desmaquillantes Top Care 25 Und/Paq 3 Pack,Cuidado Personal,General
toallitas faciales desmaquillantes refrescantes nivea visage 25 und/paq,Cuidado Personal,General
toallitas humedas aloe pequenin 100 und/paq,Cuidado Personal,Cuidado Personal
toallitas humedas antibacteriales familia 40 und/paq,Cuidado Personal,Cuidado Personal
toallitas humedas antibacteriales para bebe pequenin 40 und/paq,Cuidado Personal,Cuidado Personal
toallitas humedas con aloe para bebe pequenin 50 und/paq,Cuidado Personal,Cuidado Personal
Toallitas Humedas Desinfectantes Simply Done 35 Und/Paq,Cuidado Personal,Cuidado Personal
toallitas humedas gelatti sonic 25 ud,Cuidado Personal,Cuidado Personal
Toallitas Húmedas Higiene Personal Líder 20 Und,Cuidado Personal,Cuidado Personal
toallitas humedas karite pequenin 24 und/paq,Cuidado Personal,Cuidado Personal
toallitas humedas para bebe fragancia te verde y pepino tippy toes 192 und/paq,Cuidado Personal,Cuidado Personal
toallitas humedas para bebe lider 80 und/paq,Cuidado Personal,Cuidado Personal
toallitas humedas para bebe ligeramente perfumadas tippy toes 72 und/paq,Cuidado Personal,Cuidado Personal
toallitas humedas para bebe megapack lider 480 und.,Cuidado Personal,Cuidado Personal
toallitas humedas para bebe sensitive travel pampers 56 und/paq,Cuidado Personal,Cuidado Personal
toallitas humedas para bebe sin fragancia 216 und/paq,Cuidado Personal,Cuidado Personal
toallitas humedas para bebe sin fragancia tippy toes 40 und/paq,Cuidado Personal,Cuidado Personal
toallitas humedas para bebe sin fragancia travel pack pampers 72 und/paq,Cuidado Personal,Cuidado Personal
toallitas humedas recien nacido para bebe pequenin 40 und/paq,Cuidado Personal,Cuidado Personal
toallitas humedas sensitive pampers 168 und/paq,Cuidado Personal,Cuidado Personal
toallitas humedas sin fragancia babyganics 80 und/paq,Cuidado Personal,Cuidado Personal
toallitas humedas stitch gelatti 25 ud,Cuidado Personal,Cuidado Personal
tratamiento capilar bambu silicon mix 16 onz,Cuidado Personal,Cuidado Personal
tratamiento capilar emergencia aguacate toque magico 16 onz,Cuidado Personal,Cuidado Personal
tratamiento capilar gloss deya 16 onz,Cuidado Personal,Cuidado Personal
tratamiento capilar ionic milk deya 16 onz,Cuidado Personal,Cuidado Personal
tratamiento capilar ligao leche boe dr cabello 16 onz,Cuidado Personal,Cuidado Personal
tratamiento capilar macadamia & collagen halka 8 onz,Cuidado Personal,Cuidado Personal
tratamiento capilar mayoliva boe 16 onz,Cuidado Personal,Cuidado Personal
tratamiento capilar proteina de perla silicon mix 8 onz,Cuidado Personal,Cuidado Personal
aceite de canola aerosol food club 6 onz,Despensa,Despensa
aceite de canola crisol 128 onz,Despensa,Despensa
aceite de canola crisol mas 64 onz,Despensa,Despensa
aceite de canola lider 900ml,Despensa,Despensa
aceite de canola mazola 64 onz,Despensa,Despensa
aceite de canola wesson 128 onz,Despensa,Despensa
aceite de canola wesson 40oz,Despensa,Despensa
Aceite de Girasol Líder  3Lt Pet,Despensa,Despensa
Aceite De Girasol Líder 1 Lt,Despensa,Despensa
Aceite De Girasol Manicero Deleite 64 Onz,Despensa,Despensa
aceite de maiz mazola 1lt,Despensa,Despensa
aceite de maiz mazola 64 onz,Despensa,Despensa
aceite de maiz wesson 40 onz,Despensa,Despensa
Aceite de Oliva Betis Extra Virgen 500ml,Despensa,Despensa
aceite de oliva con albahaca costa d'oro 250ml,Despensa,Despensa
aceite de oliva con romero monini 250ml,Despensa,Despensa
aceite de oliva con trufa blanca la espanola 250ml,Despensa,Despensa
aceite de oliva con trufa blanca monini 250ml,Despensa,Despensa
aceite de oliva en spray la espanola 200ml,Despensa,Despensa
aceite de oliva extra virgen aubocassa 500ml,Despensa,Despensa
aceite de oliva extra virgen con aguacate la espanola 500ml,Despensa,Bebidas
aceite de oliva extra virgen con chili pepper costa d' oro 250ml,Despensa,Despensa
aceite de oliva extra virgen con trufas costa d' oro 250ml,Despensa,Despensa
aceite de oliva extra virgen coosur 250ml,Despensa,Despensa
aceite de oliva extra virgen coosur 2lt,Despensa,Despensa
aceite de oliva extra virgen coosur 3lt,Despensa,Despensa
aceite de oliva extra virgen coosur 500ml,Despensa,Despensa
aceite de oliva extra virgen coosur 750ml,Despensa,Despensa
aceite de oliva extra virgen costa d'oro 750ml,Despensa,Despensa
aceite de oliva extra virgen en spray monini 200ml,Despensa,Despensa
aceite de oliva extra virgen fruttato costa d'oro 1lt,Despensa,Despensa
aceite de oliva extra virgen hojiblanca coosur 1lt,Despensa,Despensa
aceite de oliva extra virgen integral costa d'oro 500ml,Despensa,Despensa
aceite de oliva extra virgen la espanola 125ml,Despensa,Despensa
aceite de oliva extra virgen la espanola 1lt pet,Despensa,Despensa
aceite de oliva extra virgen la espanola 1lt vidrio,Despensa,Despensa
aceite de oliva extra virgen la espanola 250ml,Despensa,Despensa
aceite de oliva extra virgen la espanola 5lt,Despensa,Despensa
aceite de oliva extra virgen la espanola 750ml,Despensa,Despensa
aceite de oliva extra virgen lata costa d'oro 5lt,Despensa,Despensa
aceite de oliva extra virgen lider 1lt,Despensa,Despensa
aceite de oliva extra virgen lider 250ml,Despensa,Despensa
aceite de oliva extra virgen lider 2lt,Despensa,Despensa
aceite de oliva extra virgen lider 500ml,Despensa,Despensa
aceite de oliva extra virgen lider 5lt,Despensa,Despensa
aceite de oliva extra virgen lider 750ml,Despensa,Despensa
aceite de oliva extra virgen monini 1000ml,Despensa,Despensa
aceite de oliva extra virgen monini 250ml,Despensa,Despensa
aceite de oliva extra virgen monini 500ml,Despensa,Despensa
aceite de oliva extra virgen monini 750ml,Despensa,Despensa
aceite de oliva extra virgen olitalia 1lt,Despensa,Despensa
aceite de oliva extra virgen olitalia 500ml,Despensa,Despensa
aceite de oliva extra virgen organico hacienda guzman 500ml,Despensa,Despensa
aceite de oliva extra virgen organico ilgrezzo 500ml,Despensa,Despensa
aceite de oliva extra virgen picual intenso coosur 1lt,Despensa,Despensa
aceite de oliva extra virgen reserva familiar arbequina hacienda guzman 500ml,Despensa,Despensa
aceite de oliva extra virgen spray food club 5 onz,Despensa,Despensa
Aceite de Oliva Fígaro Extra Virgen 500ml,Despensa,Despensa
aceite de oliva organico en spray full circle 5 onz,Despensa,Despensa
aceite de oliva puro coosur 175gr,Despensa,Despensa
aceite de oliva puro la espanola 500ml,Despensa,Despensa
aceite de oliva puro lata la espanola 5lt,Despensa,Despensa
aceite de oliva y girasol lider 1lt,Despensa,Despensa
aceite de oliva y girasol lider 2lt,Despensa,Despensa
aceite de oliva y girasol lider 500ml,Despensa,Despensa
aceite de oliva y girasol lider 5lt,Despensa,Despensa
Aceite de Soya Crisol 1 Galón,Despensa,Despensa
Aceite de Soya Crisol 128 oz,Despensa,Despensa
aceite de soya crisol 64 onz,Despensa,Despensa
Aceite de Soya Ideal 1 Galón,Despensa,Despensa
aceite de soya la joya 128 onz,Despensa,Despensa
aceite de soya lider 3lt,Despensa,Despensa
aceite de soya lider 5lt,Despensa,Despensa
aceite de soya lider 900ml,Despensa,Despensa
aceite de soya mazola 1.82lt,Despensa,Despensa
aceite de soya wesson 1.25gl,Despensa,Despensa
aceite de soya wesson 24 onz,Despensa,Despensa
aceite de soya wesson 40oz,Despensa,Despensa
aceite vegetal de soya food club fc 6 onz,Despensa,Despensa
aceitunas con anchoas 35% menos sal serpis 120gr,Despensa,Despensa
aceitunas con anchoas 75% menos sal serpis benefit 300gr,Despensa,Despensa
aceitunas con anchoas serpis 200gr,Despensa,Despensa
aceitunas con anchoas serpis 350gr,Despensa,Despensa
aceitunas con anchoas serpis 850gr,Despensa,Despensa
aceitunas con anchoas serpis gran seleccion 120gr; 3 und/paq,Despensa,Despensa
aceitunas con chorizo picante serpis 300gr,Despensa,Carnes y Mariscos
aceitunas con pimiento goya 5.75 onz,Despensa,Despensa
aceitunas con pimientos serpis 175gr,Despensa,Despensa
aceitunas gordal con hueso goya 9.5oz,Despensa,Despensa
aceitunas gordal con hueso lider 445g,Despensa,Despensa
aceitunas gordal rellenas con pimientos goya 9oz,Despensa,Despensa
aceitunas la sevillana 16 onz,Despensa,Despensa
aceitunas manzanilla con hueso bernal 250gr,Despensa,Despensa
aceitunas negras en rodajas serpis 260g,Despensa,Despensa
aceitunas negras sin hueso serpis 350gr,Despensa,Despensa
aceitunas rebanadas maduras food club 6.5 onz,Despensa,Despensa
aceitunas rellena de anchoa para ensalada 44 1460gr,Despensa,Despensa
aceitunas rellenas de anchoa torreon 300gr.,Despensa,Despensa
aceitunas rellenas de anchoas 120gr; 3 und/paq,Despensa,Despensa
aceitunas rellenas de anchoas el torreon 120gr,Despensa,Despensa
aceitunas rellenas de anchoas el torreon 350gr + 15% gratis,Despensa,Despensa
aceitunas rellenas de anchoas gran seleccion el serpis 300gr,Despensa,Despensa
aceitunas rellenas de anchoas lider 350gr,Despensa,Despensa
Aceitunas Rellenas De Jamon Iberico Serpis 300 Gr,Despensa,Despensa
aceitunas rellenas de pimiento lider 230gr,Despensa,Despensa
aceitunas rellenas de pimientos con tabasco serpis 340gr,Despensa,Despensa
aceitunas rellenas de queso azul serpis 300gr,Despensa,Despensa
aceitunas verdes con hueso serpis 175gr,Despensa,Despensa
aceitunas verdes en rodajas serpis 260gr,Despensa,Despensa
aceitunas verdes sin hueso con limon y albahaca serpis 70gr,Despensa,Despensa
aceitunas verdes sin hueso con paprika serpis 70gr,Despensa,Despensa
aceitunas verdes sin hueso el torreon 300gr,Despensa,Despensa
aceitunas verdes sin hueso serpis 340gr,Despensa,Despensa
aderezo mostaza dijon 16 onz,Despensa,Despensa
aderezo para ensalada mostaza dijon y miel skinny girl 8 onz,Despensa,Despensa
ajo en polvo goya 8 onz,Despensa,Despensa
alcaparras con aceitunas sin hueso goya 7 onz,Despensa,Despensa
anchoas en aceite de oliva 1/8 ortiz 47.5gr,Despensa,Despensa
anchoas en aceite de oliva ortiz 55gr,Despensa,Despensa
anchoas; boquerones y aceitunas manuel claros 34gr 3 und/paq,Despensa,Despensa
arroz basmati scotti 500gr.,Despensa,Despensa
arroz basmati vigo 2lb,Despensa,Despensa
arroz blanco basmati organico full circle 2lb,Despensa,General
arroz blanco jasmine food club 32 onz,Despensa,General
Arroz Blanco Pequeño Cafeteria,Despensa,General
arroz integral al vacio la garza 2lb,Despensa,Despensa
arroz integral bisono 5lb,Despensa,Despensa
arroz integral goya 5lb,Despensa,Despensa
arroz jasmine marron organico full circle 2lb,Despensa,Bebidas
arroz jasmine roland 17.5 onz,Despensa,Despensa
atun bonito en aceite de oliva goya 4oz,Despensa,Despensa
Atún Claro Aceite De Oliva Bajo En Sal Calvo 80Gr 3 Und/Paq,Despensa,Despensa
atun claro con aceite de oliva ortiz 112gr,Despensa,Despensa
atun claro en aceite de girasol orbe 80gr 3 und/paq,Despensa,Despensa
atun claro en aceite de oliva orbe 3 und/paq,Despensa,Despensa
atun claro en aceite de oliva ortiz 92gr; 3 und/paq,Despensa,Despensa
atun claro en aceite vegetal calvo 160gr,Despensa,Despensa
atun claro en aceite vegetal orbe 3 und/pa,Despensa,Despensa
atun claro ventresca en aceite de oliva rodeira 120gr,Despensa,Despensa
Atún en Aceite De Oliva Calvo 80Gr 3 Und/Paq,Despensa,Despensa
atun en trozos en aceite de canola calvo 142gr,Despensa,Despensa
Atun Filete En Aceite De Oliva Con Ajo Tonnino 190 Gr,Despensa,Despensa
atun filete en aceite de oliva con oregano tonnino 190gr,Despensa,Despensa
Atun Trozos En Aceite Vegetal Calvo 142 Gr,Despensa,Despensa
avena cereal bob's red mill instantanea azucar morena 45gr,Despensa,Despensa
avena en hojuelas quaker 411gr,Despensa,Despensa
avena instantanea americana 300gr,Despensa,Despensa
avena instantanea avena americana 590g,Despensa,Despensa
avena instantanea blueberry y avellanas bob's 2.5 onz,Despensa,Despensa
avena instantanea en hojuela corazon sano quaker 620gr,Despensa,Despensa
avena instantanea lider 650gr,Despensa,Despensa
avena instantanea maple/ brown sugar reducido en azucar food club 10 und/paq,Despensa,Despensa
avena instantanea nutre mas quaker 1200gr,Despensa,Despensa
avena instantanea nutre mas quaker 618gr,Despensa,Despensa
avena instantanea original bob's 2.5 onz,Despensa,Despensa
avena instantanea proteica manzana y canela full circle 11oz,Despensa,Despensa
avena instantanea proteica maple brown sugar 11oz full circle,Despensa,Despensa
avena instantanea quaker 185gr,Despensa,Despensa
avena instantanea quaker 1880gr,Despensa,Despensa
avena instantanea quaker 18oz,Despensa,Despensa
avena instantanea sabor mantequilla de mani y chocolate mush 5 onz.,Despensa,Despensa
avena instantanea sabor manzana y canela quaker 15.1 onz,Despensa,Despensa
avena instantanea sin gluten sabor manzana y canela bob's 2.36 onz,Despensa,Despensa
avena instantanea sin gluten sabor maple y brown sugar bob's 2.15 onz,Despensa,Despensa
avena instantanea sin gluten variety pack full circle 8 und/paq,Despensa,Despensa
Azucar Blanca Refina Líder 2 Lb,Despensa,Despensa
Bandeja Sandwich Dulce de Leche Con Naranja Rodriguez 9 Onz,Despensa,General
Barra de Cereal Brown Sugar Cinnamon Special K Pastry 12 Und/Paq,Despensa,General
Barra De Granola Con Mantequilla De Maní Nature Valley 8.9 Onz,Despensa,Despensa
Barra De Granola Dark Chocolate And Nuts Nature Valley 7.4 Onz,Despensa,Despensa
Barra de Granola De Manzana y Canela Sin Azúcar Good Calories 35 Gr,Despensa,Despensa
Barra De Granola Roasted Almond Nature Valley 10 Onz,Despensa,Despensa
Barra De Granola Sweet & Salty Cashew Nature Valley 7.4 Onz,Despensa,Despensa
Barra De Granola Sweet And Salty Peanut Nature Valley 12/6 7.40,Despensa,Despensa
Barras de Granola Chocolate Oscuro y Coco Líder 126 Gr,Despensa,Despensa
Barras de Granola Clásica Líder 126 Gr,Despensa,Despensa
barras de granola con chocolate oscuro lider 126gr,Despensa,Despensa
Barras de Granola Con Frutos Rojos Líder 126 Gr,Despensa,Frutas y Vegetales
Barras de Granola Paw Patrol Líder 120 Gr,Despensa,Despensa
batido sabor chocolate sin azucar splenda 8 onz,Despensa,Despensa
Bicarbonato De Sodio Arm & Hammer 1 Lb,Despensa,Despensa
Bicarbonato De Sodio Food Club 1 Lb,Despensa,Despensa
Bicarbonato De Sodio Líder 100 Gr,Despensa,Despensa
bombones con dulce de leche delaviuda 150gr,Despensa,General
bombones de chocolate con sal marina lindt 5.1 onz,Despensa,Despensa
bonito del norte en aceite de oliva frasco ortiz 260gr,Despensa,Despensa
Boquerones y Anchoas en Aceite de Oliva Manuel Claros,Despensa,Despensa
Café Bebida Color Café Grano Original 250 GR,Despensa,General
Café Bebida Nescafé Gold Instantáneo 100 GR,Despensa,General
Cafe Clasico Instantaneo Nescafe 190 Gr,Despensa,General
Café Clásico Nescafé 95 Gr,Despensa,General
Cafe Descafeinado Nescafe 40 Gr,Despensa,General
Café Instantáneo con Chocolate Juan Valdez 95 gr,Despensa,Despensa
Cafe Instantaneo Descafeinado Juan Valdez 95 Gr,Despensa,Despensa
Cafe Instantaneo Monte Real 50 Gr,Despensa,Despensa
Café Instantáneo Nescafé Cappuccino 6 Und/Paq,Despensa,Despensa
Café Instantáneo Nescafé Mokaccino 6 Und/Paq,Despensa,Despensa
Café Instantáneo Sabor Avellanas Juan Valdez 95 Gr,Despensa,Despensa
Café Instantáneo Sabor Dulce De Leche Juan Valdez 95 Gr,Despensa,Despensa
Cafe Instantaneo Sabor Vainilla Canela Juan Valdez 95 Gr,Despensa,Despensa
Café Molido Amazonas Voorpret 8 oz,Despensa,Despensa
Café Molido Bella Aldea 12 Onz,Despensa,Despensa
Café Molido Bustelo 10 Onz,Despensa,Despensa
Cafe Molido Caracolillo Cafe Santo Domingo 1Lb,Despensa,Despensa
Café Molido Gran Origen Perla Roja Santo Domingo 12 Onz,Despensa,Despensa
Café Molido Kora 16 Onz,Despensa,Despensa
Cafe Molido Líder 12 Und/Paq,Despensa,Despensa
Cafe Molido Líder 200 Gr,Despensa,Despensa
Cafe Molido Líder 400 Gr,Despensa,Despensa
Cafe Molido Mama Ines 12 Onz,Despensa,Despensa
Café Molido Mi Tierra Voorpret 8 oz,Despensa,Despensa
Cafe Molido Mieludo Color Cafe Artesanal 250 Gr,Despensa,Despensa
Cafe Molido Monte Alto 227 Gr,Despensa,Despensa
Cafe Molido Monte Perello 1 Lb,Despensa,Despensa
Cafe Molido Monte Real 200 Gr,Despensa,Despensa
Cafe Molido Monte Real 400 Gr,Despensa,Despensa
Café Molido Original Color Café Artesanal 250 Gr,Despensa,Despensa
Cafe Molido Pilon 200 Gr,Despensa,Despensa
Cafe Molido Pilon 400 Gr,Despensa,Despensa
Cafe Molido Puro 200 Gr,Despensa,Despensa
Cafe Molido Puro 400 Gr,Despensa,Despensa
Café Molido Sabor Vainilla Caribbean Pearl 12 Onz,Despensa,Despensa
Cafe Molido Santo Domingo 0.5 Lb,Despensa,Despensa
Cafe Molido Santo Domingo Lata 10 Onz,Despensa,Despensa
Cafe Molido Suardi Santo Domingo Gran Origen 12 Onz,Despensa,Despensa
Cafe Molido Suave Y Alegre Gente De La Isla 12 Onz,Despensa,Despensa
Café Molido Volcán Juan Valdez 250 Gr.,Despensa,Despensa
Cafe Santo Domingo 12 Sobres,Despensa,Despensa
Cafe Tostado En Grano Caracolillo Cafe Santo Domingo 1Lb,Despensa,Despensa
caldo con chuleta dona gallina 10 ud,Despensa,Despensa
caldo de gallina con ajo dona gallina 12 ud,Despensa,Despensa
caldo de pollo maggi 48 und,Despensa,Despensa
caldo de pollo maggi benebien 12 und/paq,Despensa,Despensa
Caldo de Tomate Doña Gallina 12 Und/Paq,Despensa,Despensa
caldo doble capa dona gallina 10 und/paq,Despensa,Despensa
caldo dona gallina 48 und/ paq,Despensa,Despensa
Canela Molida Carmencita 43 Gr,Despensa,Despensa
Cápsulas Cortadito Dolce Gusto 16 Und/Paq,Despensa,General
Capsulas De Café Nespresso Miscela Decisa Borbone 10 Und/Paq,Despensa,General
casabe al ajillo buren casabi 300gr,Despensa,Despensa
casabe al ajillo casabi snack 56gr,Despensa,Despensa
casabe al ajillo grande el taino,Despensa,Despensa
casabe al ajillo guaraguano 11 onz,Despensa,Bebidas
casabe al ajillo guaraguano 4oz,Despensa,Bebidas
casabe al ajillo guaraguano grande,Despensa,Bebidas
casabe al ajillo guaraguano pequeno,Despensa,Bebidas
casabe artesanal origen nacional 355gr,Despensa,Despensa
casabe artesanal todus 8 onz,Despensa,Despensa
casabe cebolla casabi snack 35gr,Despensa,Despensa
casabe con ajo casabi 10.7 onz,Despensa,Despensa
Casabe Con Ajo Líder 10 Onz,Despensa,Despensa
casabe con ajo vie 4.4 onz,Despensa,Despensa
casabe con ajonjoli origen nacional 8 onz,Despensa,Despensa
casabe con ajonjoli peralta valerio,Despensa,Despensa
casabe con albahaca y aceite de oliva guaraguano 6oz,Despensa,Bebidas
Casabe Con Parmesano Origen Nacional 8 Onz,Despensa,Despensa
casabe con parmesano todus 8 onz,Despensa,Despensa
casabe con parmesano vie 4.4 onz,Despensa,Despensa
casabe con romero y nueces vie 4.4 onz,Despensa,Carnes y Mariscos
casabe corte de pizza buren 12 und/paq,Despensa,Despensa
Casabe Extra Fino Natural Guaraguanó 8 Onz,Despensa,Bebidas
casabe extrafino natural guaraguano 4oz,Despensa,Bebidas
casabe integral guaraguano gde 9oz,Despensa,Bebidas
casabe natural casabi snack 35gr,Despensa,Despensa
casabe natural gourmet guaraguano,Despensa,Bebidas
casabe natural jomisardys pequeno,Despensa,Despensa
casabe natural lider 10 onz,Despensa,Despensa
casabe natural superior buren redondo 105gr,Despensa,Despensa
casabe natural superior casabi artesanal 12/1,Despensa,Despensa
casabe natural tradicional guaraguano 11 onz,Despensa,Bebidas
casabe natural triangular grande el taino,Despensa,Despensa
casabe naturalito guaraguano 11oz,Despensa,Bebidas
Casabe Original Origen Nacional 8 Onz,Despensa,Despensa
casabe perejil y ajo guaraguano 6oz,Despensa,Bebidas
casabe ranchito guaraguano 9oz,Despensa,Bebidas
casabe sabor super de cebolla casabi 12 und/paq,Despensa,Despensa
casabe sazon criollo origen nacional 8oz,Despensa,Despensa
casabe superior natural buren 205gr,Despensa,Despensa
casabe torta premium buren casabi 308gr,Despensa,Despensa
casabe tradicional guaraguano familiar 22 onz,Despensa,Bebidas
cebolla en polvo goya 6.75 onz,Despensa,Despensa
cereal cheerios manzana y canela nestle 480gr,Despensa,Despensa
cereal cheerios sin gluten nestle 340gr,Despensa,Despensa
Cereal En Vaso Frosted Flakes Kelloggs 2.1 Onz,Despensa,Despensa
Cereal Frosted Flakes Kelloggs  21.7 Onz,Despensa,Despensa
Cereal Frosted Flakes Kelloggs 10.9 Onz,Despensa,Despensa
Cereal Frosted Flakes Kelloggs 17.3 Onz,Despensa,Despensa
Cereal Rice Krispies  Kelloggs 9 Onz.,Despensa,General
Cheetos Crunchy Flamin Hot 155 Gr,Despensa,Despensa
chili alimento hormel con frijoles 15oz,Despensa,Despensa
Chili Alimento Hormel Sin Frijoles 15 OZ,Despensa,Despensa
Chili Picante con Frijoles Hormel 15 oz,Despensa,Despensa
Chips de Tortillas De Maíz Tostitos Santa Elena 430 Gr.,Despensa,Despensa
chips snack garcita sal marina y oliva 70gr,Despensa,Despensa
chocolate negro con stevia torras 100gr,Despensa,Despensa
Coctel De Frutas Con Splenda Food Club 14.5 Onz,Despensa,Despensa
Corn Flakes Kelloggs 12 Onz,Despensa,Despensa
Cremador Coffee Mate Canela & Nuez Moscada 300ml,Despensa,Despensa
curcuma molida d' nagua 154gr,Despensa,Bebidas
curcuma molida los memisos 113.40g,Despensa,Despensa
Doritos Super Nacho Familiar 255 Gr,Despensa,Despensa
Dulce De Leche Bonne Maman 380 Gr,Despensa,General
Dulce De Leche Con Coco Rodríguez Mediano,Despensa,General
Dulce De Leche Con Coco Y Piña Rodriguez Grande,Despensa,General
Dulce De Leche Con Guayaba Rodriguez Mediano,Despensa,General
Dulce de Leche Cortado Piloto 14 oz,Despensa,General
Dulce De Leche Especial Rodriguez 1 Und,Despensa,General
Dulce De Leche Grande Jomisardys,Despensa,General
Dulce de Leche La Lechera Lata 408g,Despensa,General
Dulce De Leche La Serenisima 400 Gr.,Despensa,General
Dulce De Leche Rodriguez Grande,Despensa,General
edulcorante fruta del monje pouch splenda 175gr,Despensa,Despensa
Edulcorante Fruta Del Monje Splenda 100G,Despensa,Despensa
edulcorante liquido splenda 50ml,Despensa,Despensa
Edulcorante Splenda 100 Und/Paq,Despensa,Despensa
edulcorante sucralosa splenda 200 und/paq,Despensa,Despensa
Endulcolorante Stevia Líder Paq. 60 Unidades,Despensa,Despensa
Endulzante Stevia Natural Splenda 40 Und/Paq,Despensa,Despensa
enndulzante stevia natural splenda 80 und/paq,Despensa,Despensa
Fettuccine Precocido Refrigerado Lider 250 Gr,Despensa,Despensa
fideos pasta miyata tallarines arroz 14.8oz,Despensa,Despensa
Filete De Atun En Aceite De Oliva Con Jalapeño Calvo 180 Gr,Despensa,Despensa
filete de sardina en aceite de soya brunswick 106 onz,Despensa,Despensa
filetes de atun en agua calvo 180gr,Despensa,Bebidas
fun size navidad chocolate snickers 10.48 onz,Despensa,Despensa
galleta de coco y dulce de leche axa 140gr,Despensa,Despensa
galleta snack simple mills almendra sal marina 4.25oz,Despensa,Despensa
Galletas De Agua Con Semillas De Sesamo Carr'S 125 Gr,Despensa,Despensa
galletas maria integrales sin gluten 380gr,Despensa,Despensa
garbanzos blancos la asturiana 500gr,Despensa,Despensa
Garbanzos Cidacos 570 Gr,Despensa,Despensa
garbanzos cidacos 570gr,Despensa,Despensa
Garbanzos Cocidos La Asturiana 570 Gr,Despensa,Despensa
garbanzos con chorizo a la riojana cidacos 420gr,Despensa,Carnes y Mariscos
Garbanzos Goya 15.5 Onz,Despensa,Despensa
Garbanzos Guisados Goya 15 Onz,Despensa,Despensa
Garbanzos La Famosa 16 Onz,Despensa,Despensa
Garbanzos Líder 15 Oz,Despensa,Despensa
garbanzos lider 15oz,Despensa,Despensa
garbanzos lider 800gr,Despensa,Despensa
Garbanzos Organicos Full Circle 15.5 Onz,Despensa,Despensa
garbanzos pedrosillano la asturiana 1kg,Despensa,Despensa
garbanzos sanjuanera 400g,Despensa,Despensa
Garbanzos Sin Sal Cidacos 570 Gr,Despensa,Despensa
gel para el cabello con aceite de oliva eco 8oz,Despensa,Despensa
gelatina para cabello con aceite de oliva eco style 16oz,Despensa,Despensa
granola cereal three wishes original sin granos 8oz,Despensa,Despensa
Granola Choco Maní High Protein Líder 350 g,Despensa,Despensa
Granola de Chocolate Bolsa Líder 350 Gr.,Despensa,Despensa
Granola De Coco Con Arandanos Líder 350 Gr,Despensa,Frutas y Vegetales
granola de mantequilla de mani cluster sin gluten progranola 9 onz,Despensa,Despensa
granola de vainilla cluster sin gluten progranola 9 onz,Despensa,Despensa
Granola En Barra Avena Y Miel Nature Valley 8.9 Onz,Despensa,Despensa
Granola En Barra Chewy Fruta Y Nueces Nature Valley 10 Onz,Despensa,Despensa
Granola En Barra De Chocolate Oscuro Nature Valley 8.9 Oz,Despensa,Despensa
Granola En Barra Surtida Nature Valley 8.9 Onz,Despensa,Despensa
Granola Miel Y Almendras Gente Isla 12 Onz,Despensa,Despensa
Guandules Con Coco Goya 15.5 Onz,Despensa,General
Guandules Secos con Coco La Famosa 15 oz,Despensa,Despensa
guandules secos la famosa 15oz,Despensa,Despensa
Guandules Secos Líder 15 Oz,Despensa,Despensa
Guandules Verdes Bandeja (Peso Aprox. 1 Libra),Despensa,Despensa
Guandules Verdes Con Coco Goya 29 Onz,Despensa,Despensa
Guandules Verdes Goya 15.5 Onz,Despensa,Despensa
Guandules Verdes Guisados Goya 15 Onz,Despensa,Despensa
guandules verdes la famosa 14oz,Despensa,Despensa
Guandules Verdes La Famosa 15 Onz,Despensa,Despensa
guandules verdes la famosa 1kg,Despensa,Despensa
Guandules Verdes Líder 15 Onz.,Despensa,Despensa
Guandules Verdes Linda 16 Onz,Despensa,Despensa
Guandules Verdes Victorina 16 Onz,Despensa,Despensa
habichuela blanca giselle 400gr,Despensa,General
habichuela blanca sanjuanera 800gr,Despensa,General
habichuela negra lider 800gr,Despensa,Despensa
Habichuela Negra Refrita Old El Paso 16 Onz,Despensa,Despensa
habichuela pinta americana giselle 400gr,Despensa,Despensa
Habichuela Pinta La Famosa 15 Onz,Despensa,Despensa
habichuela pinta la sanjuanera 800gr,Despensa,Despensa
habichuela pinta lider 800gr,Despensa,Despensa
habichuela roja larga la sanjuanera 800gr,Despensa,Despensa
habichuela roja larga lider 800gr,Despensa,Despensa
harina de arroz sin gluten bob's 24 onz,Despensa,Despensa
harina de garbanzos eva 1lb,Despensa,Despensa
harina de maiz amarilla 1kg p.a.n.,Despensa,Despensa
harina de maiz amarilla pre-cocida lider 1kg,Despensa,Despensa
harina de maiz blanca p.a.n. 1kg,Despensa,Despensa
harina de maiz blanca pre-cocida lider 1kg,Despensa,Despensa
harina de maiz goya 12oz,Despensa,Despensa
harina de maiz grano de oro 397gr,Despensa,Despensa
harina de maiz lider 14oz,Despensa,Despensa
harina de maiz mazorca 14 onz,Despensa,Despensa
harina de maiz polenta roland 8.8 onz,Despensa,Despensa
harina de maiz pre-cocida masarepa goya 24oz,Despensa,Despensa
harina de maiz sin gluten bob's 22 onz,Despensa,Despensa
harina de trigo blanquita 2lb,Despensa,Despensa
harina de trigo gold medal 2lb,Despensa,Despensa
harina de trigo integral 1.5lb bioeva,Despensa,Despensa
harina de trigo lider 1kg,Despensa,Despensa
harina de trigo lider 2kg,Despensa,Despensa
harina de trigo milano 2lb,Despensa,Despensa
harina de trigo milano 5lb,Despensa,Despensa
harina panaderia multif gluten vital 400gr,Despensa,General
jabon en barra avena y azucar morena palmolive 3 und/paq,Despensa,Despensa
jabon en barra con bicarbonato de sodio asepxia 100gr,Despensa,Despensa
Jabón Íntimo Vinagre De Manzana Nosotras 200 Ml,Despensa,Despensa
jugo de berries con stevia vivo 190ml,Despensa,Bebidas
Ketchup 100% Natural Hunts 14 Onz,Despensa,Despensa
ketchup bajo en sodio y azucar fc 19.5oz 24 uds,Despensa,Despensa
Ketchup Baldom 12 Onz,Despensa,Despensa
Ketchup Baldom 7 Lb,Despensa,Despensa
ketchup baldom 7lb,Despensa,Despensa
Ketchup Heinz 32 Onz,Despensa,Despensa
Ketchup La Famosa 1 Kg,Despensa,Despensa
Ketchup La Famosa 14 Onz,Despensa,Despensa
ketchup la famosa 1kg,Despensa,Despensa
ketchup la famosa 2.1oz,Despensa,Despensa
Ketchup Linda 1 Kg,Despensa,Despensa
Ketchup Linda 14 Onz,Despensa,Despensa
ketchup linda 1kg,Despensa,Despensa
ketchup organico full circle 20 onz,Despensa,Despensa
ketchup organico woodstock 15 onz,Despensa,Despensa
ketchup picante food club 20 onz,Despensa,Despensa
ketchup reducido en azucar heinz 13 onz,Despensa,Despensa
ketchup reducido en sodio y azucar food club 19.5 onz,Despensa,Despensa
Ketchup Regular Dispensador Heinz 14 Onz,Despensa,Despensa
Ketchup Regular Food Club 20 Onz,Despensa,Despensa
Ketchup Regular Heinz 20 Oz,Despensa,Despensa
ketchup regular hunts 20 onz,Despensa,Despensa
ketchup regular that's smart 23 onz,Despensa,Despensa
ketchup sin azucar g hughes 13oz,Despensa,Despensa
ketchup sin sal heinz 14 onz,Despensa,Despensa
ketchup sriracha huy fong 20 onz,Despensa,Despensa
Ketchup Victorina 1 Kg,Despensa,Despensa
Ketchup Victorina 14 Onz,Despensa,Despensa
ketchup victorina 1kg,Despensa,Despensa
Lata De Garbanzos Jaja 15 Oz,Despensa,Despensa
Lentejas Cocidas Al Natural La Asturiana 570 Gr,Despensa,Despensa
lentejas con chorizo a la riojana cidacos 420gr,Despensa,Carnes y Mariscos
Lentejas En Frasco Cidacos 570 Gr,Despensa,Despensa
lentejas giselle 800gr.,Despensa,Despensa
Lentejas Goya 16 Onz,Despensa,Despensa
Lentejas La Sanjuanera 800 Gr,Despensa,Despensa
lentejas la sanjuanera 800gr,Despensa,Despensa
lentejas lider 800gr,Despensa,Despensa
lentejas pardina extra la asturiana 500gr,Despensa,Despensa
lentejas rojas roland 35 onz,Despensa,Despensa
Levadura Seca Fabao 500 Gr.,Despensa,Despensa
Levadura Seca Levapan 80 Gr,Despensa,Despensa
Levadura Seca Tradipan 55 Gr,Despensa,Despensa
lomo de atun en aceite de oliva calvo 160gr,Despensa,Limpieza
Macarrones Con Queso Food Club 14 Onz,Despensa,General
Macarrones Con Queso Líder 206 Gr,Despensa,General
Macarrones Con Queso Milano 7.25 Onz,Despensa,General
Maria Tortillas De Maiz Duras 10 Und/Paq,Despensa,Despensa
Mayonesa Baldom 12.5 Onz,Despensa,Despensa
mayonesa chipotle 310g herdez,Despensa,Despensa
Mayonesa Con Aceite De Aguacate Kraft 12 Onz,Despensa,Bebidas
mayonesa con aceite de aguacate squeeze sin azucar primal kitchen 17 onz,Despensa,Bebidas
mayonesa con aceite de oliva kraft 12 onz,Despensa,Despensa
mayonesa con limon kraft 30 onz,Despensa,Despensa
Mayonesa Dispenser Kraft 12 Onz,Despensa,Despensa
mayonesa extra light baldom 12.5 onz,Despensa,Despensa
mayonesa guacamole 305g herdez,Despensa,Despensa
Mayonesa Hellmanns 15 Onz,Despensa,Despensa
mayonesa jalapeno 300g herdez,Despensa,Despensa
Mayonesa Líder 14 Oz,Despensa,Despensa
mayonesa lider 14oz,Despensa,Despensa
Mayonesa Ligera Baldom 16 Onz,Despensa,Despensa
Mayonesa Ligera Hellmanns 380 Gr,Despensa,Despensa
Mayonesa Manicera 16 Onz,Despensa,Despensa
Mayonesa Original Baldom 16 Onz,Despensa,Despensa
mayonesa regular baldom 1/2gl,Despensa,Despensa
mayonesa regular baldom 1gl,Despensa,Despensa
Mayonesa Regular Baldom 8 Onz,Despensa,Despensa
Mayonesa Regular Hellmann'S 400 Gr,Despensa,Despensa
Mayonesa Regular Kraft 15 Onz,Despensa,Despensa
mayonesa vegan full circle 15 onz,Despensa,Despensa
mayonesa vegana original follow your heart 14 onz,Despensa,Despensa
Melocoton En Conserva Con Splenda Food Club 15 Onz,Despensa,Despensa
Mermelada De Fresa Bon 340 Gr,Despensa,Despensa
Mermelada De Fresa Bonne Maman 370 Gr,Despensa,Despensa
Mermelada De Fresa La Vieja Fabrica 314 Ml,Despensa,Despensa
Mermelada De Fresa Líder 340 Gr,Despensa,Despensa
Mermelada De Fresa Organica Full Circle 10 Onz,Despensa,Despensa
Mermelada De Fresa Sin Azúcar Líder 300 Gr,Despensa,Despensa
Mermelada De Guayaba Bon 340 Gr,Despensa,Despensa
Mermelada De Guayaba Líder 340 Gr,Despensa,Despensa
Mermelada De Naranja Amarga Líder 340 Gr,Despensa,Despensa
Mermelada De Naranja La Vieja Fabrica 314 Ml,Despensa,Despensa
Miel De Abeja Cohen 16 Onz,Despensa,Despensa
miel de abeja cohen 32oz,Despensa,Despensa
Miel De Abeja Del Campo 16 Onz,Despensa,Despensa
Miel De Abeja Hacienda Rivera 17.6 Onz,Despensa,Despensa
Miel de Abeja La Fronteriza 16 Onz,Despensa,Despensa
Miel De Abeja Líder 16 Onz,Despensa,Despensa
Mostaza Amarilla Food Club 20 Onz,Despensa,Despensa
Mostaza Amarilla Heinz 8 Onz,Despensa,Despensa
Mostaza Amarilla Organica Full Circle 12 Onz,Despensa,Despensa
Mostaza Dijon Con Miel Roland 7 Onz,Despensa,Despensa
Mostaza Dijon Food Club Fc 12 Onz,Despensa,Despensa
Mostaza Dijon Frenchs 12 Onz.,Despensa,Despensa
Mostaza Dijon Fuerte Roland 7 Onz,Despensa,Despensa
Mostaza Dijon Granulada Con Vino Roland 12.3 Onz,Despensa,Despensa
Mostaza Dijon Granulada Old Style Maille 7.3 Onz,Despensa,Despensa
Mostaza Dijon Granulada Roland 7 Onz,Despensa,Despensa
Mostaza Dijon Grey Poupon 8  Onz,Despensa,Despensa
Mostaza Dijon Inglehoffer 9 Onz,Despensa,Despensa
Mostaza Dijon Organica Full Circle 12 Onz,Despensa,Despensa
Mostaza Dijon Organica Woodstock 8 Onz,Despensa,Despensa
Mostaza Dijon Original Maille 7.5 Onz,Despensa,Despensa
nueces mixtas lider 10 onz,Despensa,Despensa
palitos con aceitunas negras quely 50gr,Despensa,Despensa
palitos de coliflor con sal marina from the ground up 4 onz,Despensa,Frutas y Vegetales
Palitos De Queso Cheetos Puffs Familiar 255 Gr,Despensa,Despensa
Pan Barra Pesto/Parmesano Con Aceite De Oliva,Despensa,Despensa
Pan de Molde Blanco Bauducco 400 Gr,Despensa,Despensa
Pan de Molde Blanco Lumijor 16 oz,Despensa,Despensa
Pan de Molde Blanco Pepín 16 oz,Despensa,Despensa
Pan de Molde Integral Bauducco 400 Gr,Despensa,Despensa
Pan de Molde Integral Bolin 700 Gr,Despensa,Despensa
Pan de Molde Integral Pepín 16 oz,Despensa,Despensa
Pan Hogaza  Integral Masa Madre La Panera 400 Gr.,Despensa,General
pan hogaza sin gluten airos 250gr,Despensa,General
Papitas Fritas Con Sal Marina Kettle 5 Oz,Despensa,Despensa
papitas pringles ranch 158gr.,Despensa,Despensa
paprika nagua 3.73 onz,Despensa,Bebidas
Pasta  Spaghetti No.3 Rummo 500 Gr,Despensa,Despensa
Pasta Angel Hair De Palmito Palmini 220 Gr,Despensa,General
pasta de tomate condimentada doypack victorina 8 onz,Despensa,Despensa
pasta de tomate condimentada la famosa 15.5 onz,Despensa,Despensa
Pasta de Tomate Doypack Victorina 400 Gr,Despensa,Despensa
pasta de tomate food club 15 onz,Despensa,Despensa
pasta de tomate hunts 12 onz,Despensa,Despensa
Pasta De Tomate La Famosa 16 Onz,Despensa,Despensa
pasta de tomate la famosa 1gl,Despensa,Despensa
pasta de tomate la famosa 900gr,Despensa,Despensa
pasta de tomate linda 5 onz,Despensa,Despensa
pasta de tomate linda 900gr,Despensa,Despensa
pasta de tomate sin sal hunts 33.5 onz,Despensa,Despensa
pasta de tomate victorina 16 onz,Despensa,Despensa
pasta de tomate victorina 1gl,Despensa,Despensa
pasta de tomate victorina 900gr,Despensa,Despensa
pasta elbow macaroni de garbanzos sin gluten full circle 8 onz,Despensa,Despensa
pasta fettuccine carbonara firma italia 175gr,Despensa,Despensa
Pasta Fettuccine De Cecco 500 Gr,Despensa,Despensa
Pasta Fettuccine Nidi No.89 Rummo 500 Gr,Despensa,Despensa
pasta lasagna de arroz integral organico jovial 9 onz,Despensa,Despensa
pasta linguine de palmito palmini 220gr,Despensa,General
Pasta Linguine Food Club 16 Onz,Despensa,General
Pasta Linguine No.13 Rummo 500 Gr,Despensa,General
Pasta Linguine No.13 Sin Gluten Rummo 400 Gr,Despensa,General
pasta linguine reggia 500gr.,Despensa,General
Pasta Macarrones Con Queso Kraft 7.25 Onz,Despensa,General
Pasta Macarrones Con Tres Quesos Kraft 7.25 Oz,Despensa,General
pasta penne con hongos firma italia 175gr,Despensa,Despensa
pasta penne de lenteja roja sin gluten full circle 8 onz,Despensa,Despensa
pasta penne lisce 40 de cecco 500gr,Despensa,Despensa
Pasta Penne Lisce No.59 Rummo 500 Gr,Despensa,Despensa
pasta penne mostacholi rayada princesa 400gr,Despensa,Despensa
Pasta Penne Rigate Barilla 500 Gr,Despensa,Despensa
pasta penne rigate bio integrale no.66 rummo 500gr,Despensa,Despensa
pasta penne rigate mezzani reggia 500gr.,Despensa,Despensa
pasta penne rigate sin gluten de cecco 400gr,Despensa,Despensa
pasta penne rigate sin gluten no.66 rummo 400gr,Despensa,Despensa
Pasta Penne Sin Gluten Reggia 400 Gr.,Despensa,Despensa
pasta rigatoni milano 400gr,Despensa,General
pasta rigatoni no.50 rummo 500gr,Despensa,General
Pasta Spaghetti Barilla 500 Gr,Despensa,Despensa
Pasta Spaghetti Bio Integrale No.3 Rummo 500 Gr,Despensa,Despensa
pasta spaghetti bio no.3 rummo 500gr,Despensa,Despensa
pasta spaghetti con albondigas chef boyardee 15 onz,Despensa,Despensa
pasta spaghetti de arroz integral organico jovial 120gr,Despensa,Despensa
Pasta Spaghetti De Quinoa Organica Sin Gluten Andean Dream 8 Onz,Despensa,Despensa
pasta spaghetti integral barilla 500gr,Despensa,Despensa
Pasta Spaghetti No.3 Sin Gluten Rummo 400 Gr,Despensa,Despensa
pasta spaghetti sin gluten de cecco 400gr,Despensa,Despensa
penne con guisantes sin gluten gallo 250gr,Despensa,Despensa
Pepinillos Bernal Kimbitos 160 Gr,Despensa,Despensa
Pepinillos Enteros Baby Vlasic 16 Onz,Despensa,Despensa
pimenton rojo picante nagua 3.73 onz,Despensa,Bebidas
pimienta negra molida carmencita 52gr,Despensa,Despensa
pimienta negra molida goya 5 onz,Despensa,Despensa
Polvo De Hornear Levapan 80 Gr,Despensa,Despensa
ponche artesanal dulce de leche les cusine 24 onz,Despensa,General
pretzel snack schar sal marina sin gluten 60gr,Despensa,Despensa
Queso Feta Con Aceitunas Arla 60 Gr,Despensa,Despensa
Rice Krispies Treats  Kelloggs 6.21 Onz,Despensa,General
sal marina con hierbas carmencita 95gr,Despensa,Despensa
sal marina con molinillo food club 9.5 onz,Despensa,Despensa
sal marina don rodrigo 18oz,Despensa,Despensa
sal marina en cristales refisal 500gr,Despensa,Despensa
sal marina fina food club 17.6 onz,Despensa,Despensa
sal marina fina roland 8.8 onz,Despensa,Despensa
sal marina gruesa morton 17.6 onz,Despensa,Despensa
sal marina kosher food club 24 onz,Despensa,Despensa
sal marina mediterranea molinillo carmencita 360gr,Despensa,Despensa
sal marina refisal 110gr,Despensa,Despensa
sal marina refisal 2lb,Despensa,Despensa
sal marina refisal 510gr,Despensa,Despensa
sal marina refisal 750gr,Despensa,Despensa
sal marina refisal 800gr,Despensa,Despensa
salmon en aceite de oliva 7oz lider,Despensa,Despensa
salsa bbq hickory azucar morena hunts 18 onz,Despensa,Despensa
salsa chili sriracha roland 17 onz,Despensa,Despensa
Salsa Condimento Lakanto Ketchup Sin Azúcar 13 OZ,Despensa,Despensa
salsa condimento miyata chili sriracha 18oz,Despensa,Despensa
salsa de soya baja en sodio kikkoman 10 onz,Despensa,Despensa
salsa de soya food club 10 onz,Despensa,Despensa
Salsa De Soya Kikkoman 15 Onz,Despensa,Despensa
Salsa De Soya Líder 10 oz,Despensa,Despensa
salsa de soya ligera la choy 15 onz,Despensa,Despensa
salsa de soya reducida de sodio kikkoman 5 onz,Despensa,Despensa
salsa de soya regular la choy 10 onz,Despensa,Despensa
salsa de soya tamari sin gluten organica san-j 10 onz,Despensa,Despensa
salsa inglesa lider 5 onz,Despensa,Despensa
Salsa Inglesa Ranchero 23 Onz,Despensa,Despensa
salsa medium maiz con habichuela negra food club 15.5 onz,Despensa,Despensa
salsa mild maiz con habichuela negra crav´n 15.5 onz,Despensa,Despensa
Salsa Para Pasta Alfredo Rana 10 Onz,Despensa,Despensa
salsa para pasta con ajo y verduras food club 24 onz,Despensa,Despensa
salsa para pasta estilo marinara full circle 24 onz,Despensa,Despensa
Salsa Para Pasta Hongos Portobello Rana 7 Onz,Despensa,Despensa
Salsa Para Pasta Lider 4 Quesos 680 gr,Despensa,Despensa
Salsa Para Pasta Lider Alfredo 400 gr,Despensa,Despensa
Salsa Para Pasta Lider Bolognesa 400 gr,Despensa,Despensa
Salsa Para Pasta Lider Cebolla Caramelizada 400 gr,Despensa,Despensa
Salsa Para Pasta Lider Marinara 680 gr,Despensa,Despensa
salsa para pasta marinara ragu 24 onz,Despensa,Despensa
Salsa Para Pasta Marinara Rana 15 Onz,Despensa,Despensa
salsa para pasta napolitana barilla 400gr,Despensa,Despensa
salsa para pasta pesto alla genovese rummo 185gr,Despensa,Despensa
salsa para pasta pesto food club 6.7 onz,Despensa,Despensa
salsa para pasta pesto genovese barilla 190gr,Despensa,Despensa
salsa para pasta pesto organica full circle 6.7 onz,Despensa,Despensa
salsa para pasta pesto rosso rummo 190gr,Despensa,Despensa
salsa para pasta ragu alla bolognese rummo 350gr,Despensa,Despensa
salsa para pasta sugo al basilico rummo 350gr,Despensa,Despensa
salsa para pasta tradicional sin azucar food club 23.5 onz,Despensa,Despensa
salsa picante sriracha amazon 12oz,Despensa,Despensa
salsa tabasco original mcilhenny co 5 onz,Despensa,Despensa
salsa teriyaki food club 10 onz,Despensa,Despensa
Salsa Teriyaki Líder 5 oz,Despensa,Despensa
salsa teriyaki marinada kikkoman 15 onz,Despensa,Despensa
salsa worcestershire food club 10 onz,Despensa,Despensa
Salsa Worcestershire Lea & Perrins 15 Onz,Despensa,Despensa
sardina en aceite de oliva a la antigua ortiz 140gr,Despensa,Despensa
sardina en aceite de oliva a la antigua ortiz 190gr,Despensa,Despensa
sardina en aceite de soya brunswick 95gr,Despensa,Despensa
sardina en aceite vegetal lider 125gr,Despensa,Despensa
sardina en salsa de tomate lider 15 onz,Despensa,Despensa
sardinas en aceite orbe 124gr,Despensa,Despensa
sardinas en aceite paco fish 15 onz,Despensa,Despensa
Sardinas En Aceite Vegetal Paco Fish 125 Gr,Despensa,Despensa
Sardinas en Agua Paco Fish 125 Gr.,Despensa,Bebidas
sardinas en agua paco fish 15 onz,Despensa,Bebidas
Sardinas En Salsa De Tomate Líder 215 Gr.,Despensa,Despensa
Sardinas En Salsa De Tomate Paco Fish 15 Onz,Despensa,Despensa
sardinas en salsa de tomate paco fish 215gr,Despensa,Despensa
Sardinas En Salsa Picante Paco Fish 15 Onz,Despensa,Despensa
sardinas en tomate brunswick 106gr.,Despensa,Despensa
Sazon Completo En Polvo Maggi 110 Gr,Despensa,Despensa
sazon completo en polvo maggi 180gr,Despensa,Despensa
Sazon Completo En Polvo Maggi 280 Gr,Despensa,Despensa
Sazon Completo En Polvo Ricompleto 180 Gr,Despensa,Despensa
Sazon Completo En Polvo Ricompleto 280Gr,Despensa,Despensa
Sazon Completo Líder 8 Onz,Despensa,Despensa
sazonador de paprika tsmart 2.75 onz,Despensa,Despensa
semillas de macadamia con sal marina la loma 42gr,Despensa,Despensa
sirop de chocolate hersheys 24 onz,Despensa,Despensa
sirop sin azucar endulzado con stevia ontario 12 onz,Despensa,Despensa
Sopa De Cebolla En Polvo Lipton 1.8 Onz 2 Und/Paq,Despensa,Bebidas
Sopa De Fideos Picante Shin Ramyun Sobre 120 Grs,Despensa,Despensa
sopa de mariscos picante neoguri sobre 120gr,Despensa,Despensa
Sopa De Pollo Con Fideos Knorr 55 Gr,Despensa,Despensa
Sopa De Pollo Con Fideos Maggi 56 Gr,Despensa,Despensa
sopa de pollo con fideos maggi 56g pack 6,Despensa,Despensa
Sopa De Pollo Ramen Maruchan 3 Onz,Despensa,General
Spaghetti Alla Chitarra No.104 Rummo 500 Gr,Despensa,Despensa
Splenda Fruta Del Monje 50 Gr,Despensa,Despensa
Stevia 0% Escuche 54 Sobres Carmencita,Despensa,Despensa
Stevia Granulada 0 Calorías Carmencita 315 Gr,Despensa,Despensa
Stevia Liquida Diet 80 Ml,Despensa,Despensa
sustituto de salsa de soya organico bragg 16 onz,Despensa,Despensa
te de jengibre y curcuma full circle 20 ct,Despensa,Despensa
tomate triturado cidacos 400gr,Despensa,General
tortillas de maiz duras nacho old el paso 5.4 onz,Despensa,Despensa
Tortillas De Maiz Duras Originales Old El Paso 275 Gr,Despensa,Despensa
tortillas de maiz sin sal food club 4.9 onz.,Despensa,Despensa
tortita de arroz integral bicentury 130gr,Despensa,Despensa
Tortitas De Maíz Sabor A Tomate Y Aceite De Oliva Bicentury 123.5 Gr,Despensa,Despensa
tostones con sal marina inka 100gr,Despensa,Despensa
ventresca en aceite de oliva calvo 115gr,Despensa,Despensa
vinagre balsamico blanco mutti 250ml,Despensa,Despensa
vinagre balsamico blanco roland 8.5 onz,Despensa,Despensa
Vinagre Balsamico De Modena Ponti 250 Ml,Despensa,Despensa
Vinagre Balsamico De Modena Roland 8.45 Onz,Despensa,Despensa
vinagre balsamico di modena roland 16.9 onz,Despensa,Despensa
vinagre balsamico en spray monari federzoni 250ml,Despensa,Despensa
Vinagre Balsamico Etiqueta Negra Monari Federzoni 500 Ml,Despensa,Despensa
vinagre balsamico etiqueta silver monari federzoni 250ml,Despensa,Despensa
Vinagre Balsámico Módena 500 ml Líder,Despensa,Despensa
vinagre balsamico modena alta densidad ponti 250ml,Despensa,Despensa
Vinagre Balsamico Organico Full Circle 17 Onz,Despensa,Despensa
vinagre balsamico organico monari federzoni 250ml,Despensa,Despensa
Vinagre Balsamico Ponti 500 Ml,Despensa,Despensa
vinagre blanco food club 1gl,Despensa,Despensa
Vinagre Blanco Food Club 32 Onz,Despensa,Despensa
vinagre blanco heinz 1gl,Despensa,Despensa
Vinagre Blanco Heinz 32 Onz,Despensa,Despensa
Vinagre Blanco Líder 1/2 Gl,Despensa,Despensa
Vinagre Blanco Ponti 500 Ml,Despensa,Despensa
Vinagre Blanco Ranchero 52 Onz,Despensa,Despensa
vinagre de manzana con miel bragg 16 onz,Despensa,Despensa
vinagre de manzana curcuma + pina bragg 16oz,Despensa,Despensa
Vinagre De Manzana Heinz 16 Onz,Despensa,Despensa
Vinagre de Manzana Líder 500 Ml,Despensa,Despensa
vinagre de manzana prebiotico jengibre bragg 16 onz,Despensa,Despensa
vinagre de manzana prebiotico manzana y canela bragg 16 onz,Despensa,Despensa
Aguacate Popenoe; Und,Frutas y Vegetales,Bebidas
Aguacate Selecto; Und,Frutas y Vegetales,Bebidas
Aji Cubanela;Lb (Aprox. 4 unidades Por Libra),Frutas y Vegetales,Frutas y Vegetales
Ajo Pelado Paq. 8 Onz,Frutas y Vegetales,Frutas y Vegetales
Auyama Criolla En Porción; Lb ( Peso Aprox. 2.5 Por Libra),Frutas y Vegetales,General
Batata Amarilla; Lb (Aprox. 1-2 Unidades Por Libra),Frutas y Vegetales,Frutas y Vegetales
Batata Anaranjada; Lb (Aprox.1-2 unidades Por Libra),Frutas y Vegetales,Bebidas
Cebolla Amarilla Colosal; Lb (Aprox. 1-2 Unidades Por Libra),Frutas y Vegetales,General
Cebolla Blanca; Lb (Aprox. 2-3 Unidades Por Libra),Frutas y Vegetales,Frutas y Vegetales
Cebolla Roja Selecta; Lb (Aprox. 3 unidades Por Libra),Frutas y Vegetales,Frutas y Vegetales
Espinaca Fresca Paq. 10-14 Onz,Frutas y Vegetales,Frutas y Vegetales
Guineo Maduro; Lb  (Aprox. 3-5 unidades Por Libra),Frutas y Vegetales,Frutas y Vegetales
Guineo Verde; Lb (Aprox. 4-7 Unidades Por Libra),Frutas y Vegetales,Frutas y Vegetales
Lechuga Romana Bebe; Und,Frutas y Vegetales,Frutas y Vegetales
Lechuga Romana Criolla Paq. (Peso Aprox. 1 Libra),Frutas y Vegetales,Frutas y Vegetales
Lechuga Romana Hidropónica Heco; Und,Frutas y Vegetales,Frutas y Vegetales
Manzana Fuji Orgánica Paq. 2 Lbs (Aprox. 6-8 Unidades),Frutas y Vegetales,Frutas y Vegetales
Manzana Fuji Paq. (Aprox. 3 Libras)),Frutas y Vegetales,Frutas y Vegetales
Manzana Fuji/ Jonagold; Lb (Aprox. 2-3 unidades Por Libra),Frutas y Vegetales,Frutas y Vegetales
Manzana Gala Orgánica Paq. (Aprox. 3 Libras)),Frutas y Vegetales,General
manzana gala organica paq. 2libras (aprox. 6-8 unidades),Frutas y Vegetales,General
Manzana Gala/ Cameo; Lb  (Aprox. 2-3 unidades Por Libra),Frutas y Vegetales,General
Ñame Americano; Lb (Peso Aprox. 2.5 Libra),Frutas y Vegetales,General
Ñame Mina; Lb (Aprox. 1- 2 unidades Por Libra),Frutas y Vegetales,General
Naranja Navel; Lb (Aprox. 2-4 unidades Por Libra),Frutas y Vegetales,Frutas y Vegetales
Tomate Bugalu Lb (Aprox.3-5 unidades Por Libra),Frutas y Vegetales,General
Tomate Bugalu Premium Paq. (Aprox. 9-11 Unidades Por Libra),Frutas y Vegetales,General
tomate cherry mutti 400gr,Frutas y Vegetales,Frutas y Vegetales
Tomate Cherry Paq. 10 Onz,Frutas y Vegetales,Frutas y Vegetales
tomate cherry pelado lider 400gr,Frutas y Vegetales,Frutas y Vegetales
Tomate De Ensalada Lb  (Aprox. 2-4 unidades Por Libra),Frutas y Vegetales,General
Tomate De Ensalada Premium Paq.(Aprox. 6-8 Unidades Por Libra),Frutas y Vegetales,General
Tomate Hidropónico; Lb (Aprox. 4-5 unidades Por Libra),Frutas y Vegetales,General
uvas rojas sin semillas paq. (peso aprox. 1libra),Frutas y Vegetales,Frutas y Vegetales
Yuca Selecta Parafinada; Lb  (Aprox. 1- 2 Unidades Por Libra),Frutas y Vegetales,General
Ablandador De Carne Sin Sazon Food Club 4 Onz,General,General
abrelatas reforzado ilko clasico,General,General
Absorbente De Humedad Closec,General,General
Absorbente de Humedad Fragancia Fresca DampRid 14 Onz,General,General
Absorbente de Humedad Fragancia Lavanda Vainilla DampRid 15.4 Onz,General,General
Absorbente De Humedad Fuente Juventud,General,General
Absorbente De Humedad Recargable Closec 12 Onz,General,General
Absorbente De Humedad West Hippo 500 Ml,General,General
Absorbente De Humedad West Hippo Para Rellenar 800 Ml,General,General
Absorbente De Humedad West Hippo Reusable 800 Ml,General,General
aceite 100% de soya la joya 64 onz,General,General
Aceite Antes De Dormir Johnson'S Baby 100 Ml,General,General
Aceite Calmante De Manteca De Cacao Palmer'S 150 Ml,General,General
Aceite Cocina Chosen Foods Aguacate Puro 500 ML,General,Bebidas
aceite coco extra monte fresco16oz,General,General
Aceite Concentrado De Eucalipto Casa De Los Aroma 18 Ml,General,General
aceite condimento miyata ajonjoli puro 5oz,General,General
aceite corporal almendra jeannette 16 onz,General,General
aceite corporal bio oil 60ml,General,General
Aceite Corporal Coco Dr. Teals 8.8 Onz,General,General
aceite corporal dr teal's lemon balm 8.8oz,General,General
aceite corporal dr teal's melatonina sleep 8.8oz,General,General
aceite corporal dr teal's shea butter 8.8oz,General,General
Aceite Corporal Eucalipto Dr. Teals 8.8 Onz,General,General
Aceite Corporal Lavanda Dr. Teals 8.8 Onz,General,General
aceite corporal natural bio oil 125ml,General,General
aceite criollo crisol 96 onz,General,General
aceite de aguacate capilo 4 onz,General,Bebidas
aceite de aguacate en spray food club 5 onz,General,Bebidas
aceite de aguacate en spray pam 5 onz,General,Bebidas
aceite de aguacate fuente juventud 100ml,General,Bebidas
aceite de ajonjoli kikkoman 5 onz,General,General
Aceite De Ajonjoli Lee Kum Kee 7Oz,General,General
Aceite De Ajonjoli Roland 6 Onz,General,General
aceite de almendra 100% puro capilo pro 2 onz,General,General
aceite de almendra capilo 4 onz,General,General
aceite de argan capilo pro 2 onz,General,General
aceite de coco en spray pam 5 onz,General,Despensa
aceite de coco extra virgen organico eva 7.5 onz,General,Despensa
aceite de coco extra virgen virgin nature 7.5 onz,General,Bebidas
aceite de coco organico refinado full circle 14 onz,General,Despensa
aceite de coco refinado eva 33.8 onz,General,Despensa
aceite de coco refinado virgin nature 7.5 onz,General,Bebidas
aceite de jengibre capilo 4 onz,General,General
aceite de lavanda capilo pro 2 onz,General,General
aceite de macadamia capilo pro 2 onz,General,General
Aceite de Maní El Manicero 128 oz,General,Despensa
aceite de menta capilo pro 2 onz,General,General
aceite de oregano y coco fuente juventud 100ml,General,Despensa
aceite de semilla de lino vida natural 8 onz,General,General
aceite de semilla de uva costa d'oro 1lt,General,General
aceite en aerosol de canola pam 5 onz,General,General
aceite en aerosol de oliva pam 5 onz,General,General
aceite en aerosol para hornear pam 5 onz,General,General
Aceite En Gel Para Bebe Con Aloe Vera Tippy Toes 192 Ml,General,General
aceite espiritu de canela capilo 4 onz,General,General
aceite humectante palmer's 8.5 onz,General,General
aceite mantequilla en aerosol food club fc 6 onz,General,General
Aceite Original Johnson'S Baby 200 Ml,General,General
aceite orujo oliva altivo 1lt,General,General
Aceite Para Bebé Bambino 4 Onz,General,General
Aceite Para Bebe Tippy Toes 20 Onz,General,General
Aceite Para Bebes Johnson'S Baby 100 Ml,General,General
aceite para cabello seco garnier fructis 150ml,General,General
aceite para hornear con harina en aerosol food club fc 5 onz,General,General
Aceite Puro Aguacate Líder 500 ml,General,Bebidas
aceite refinado de aguacate organico spectrum 8 onz,General,Bebidas
aceituna chupadedos bernal 250gr,General,General
aceituna con pimiento serpis 340gr,General,General
aceituna con pimientos el torreon 300gr,General,General
aceituna conserva bernal negra aragon con hueso 250gr,General,General
aceituna gordal con hueso fragata 340gr,General,General
aceituna gordal con hueso fragata 935gr,General,General
aceituna gordal rellena de pimientos fragata 340gr,General,General
aceituna gordal rellena de pimientos fragata 440gr,General,General
aceituna gordal rellena de pimientos lider 445gr,General,General
aceituna kalamata con hueso roland 6.7 onz,General,General
aceituna kalamata mitades roland 10.2oz,General,General
aceituna kalamata sin hueso food club 6 onz,General,General
aceituna kalamata sin hueso roland 10.2oz,General,General
aceituna manzanilla con hueso serpis 350gr,General,Despensa
aceituna manzanilla con pimientos goya 9.5 onz,General,Despensa
aceituna manzanilla rellena de almendras bernal 436gr,General,Despensa
aceituna manzanilla rellena de pimiento lider 445gr,General,Despensa
aceituna manzanilla rellena de pimientos food club 13 onz,General,Despensa
aceituna manzanilla rellena de pimientos lider 330gr,General,Despensa
aceituna manzanilla sin hueso serpis 175gr,General,Despensa
aceituna manzanilla verde sin hueso lider 350gr,General,Despensa
aceituna negra con hueso serpis 350gr,General,General
aceituna negra hojiblanca sin hueso lider 350gr,General,General
aceituna negra rebanada food club 2.25 onz,General,General
aceituna negra sin hueso fragata 350gr,General,General
aceituna negra sin hueso grande food club 6 onz,General,General
aceituna negra sin hueso jumbo food club 5.75 onz,General,General
aceituna rellena de pimiento serpis 300gr,General,General
aceituna verde rebanada food club 10 onz,General,General
acondicionador aceite de argan hidratacion y movimiento becense 300ml,General,Cuidado Personal
acondicionador aceite de argan top care 13 onz,General,Cuidado Personal
acondicionador aceite de coco milagroso becense 300ml,General,Cuidado Personal
Acondicionador Biotin y Colageno Top Care 33.8 Onz,General,Cuidado Personal
acondicionador biotina y colageno top care 13 onz,General,Cuidado Personal
acondicionador colageno nutre y revitaliza pantene 250ml,General,Cuidado Personal
Acondicionador Crecimiento Líder 475 ml,General,Cuidado Personal
Acondicionador de Crecimiento Capilar 16 oz Hair Plus,General,Cuidado Personal
acondicionador desenredante dream lengths l'oreal elvive 12.8 onz,General,Cuidado Personal
acondicionador gotas de brillo johnson's baby 200ml,General,Cuidado Personal
Acondicionador Grow Strong  Garnier Fructis 12.5 Onz,General,Cuidado Personal
Acondicionador Hidra Hialurónico Elvive L'Oreal 12.6 Onz,General,Cuidado Personal
acondicionador keratin smooth tresemme 22 onz,General,Cuidado Personal
Acondicionador Keratina Pantene 250 Ml,General,Cuidado Personal
acondicionador leche de coco top care 13 onz,General,Cuidado Personal
Acondicionador Libre De Sulfatos Cantu 13.5 Onz,General,Cuidado Personal
acondicionador mantequilla de karite liso irresistible becense 300ml,General,Cuidado Personal
acondicionador morado tonificante ever pure l'oreal 6.8 onz,General,Cuidado Personal
acondicionador original johnson's baby 400ml,General,Cuidado Personal
Acondicionador Pantene Bambu Nutre & Crece 400 Ml,General,Cuidado Personal
acondicionador para bebe manzanilla becense 200ml,General,Cuidado Personal
Acondicionador Para Cabello Rizo Cantu Kids 8 Onz,General,Cuidado Personal
acondicionador para ninos aloe vera becense 300ml,General,Cuidado Personal
acondicionador para ninos lavanda becense 300ml,General,Cuidado Personal
acondicionador para ninos manzanilla becense 300ml,General,Cuidado Personal
acondicionador reconstruccion completa dove 400ml,General,Cuidado Personal
acondicionador reparacion completa becense 300ml,General,Cuidado Personal
acondicionador rica humedad top care 32 onz,General,Cuidado Personal
acondicionador rizos poderosos becense 300ml,General,Cuidado Personal
Acondicionador Rizos Triple Nutricion Fructis 13 Onz,General,Cuidado Personal
acondicionador smooth & silky tresemme 28 onz,General,Cuidado Personal
acondicionador suave y sedoso top care 32 onz,General,Cuidado Personal
acondicionador wonder deya 32 onz,General,Cuidado Personal
aderezo cesar clasico food club 16 onz,General,Mascotas
Aderezo César Vegano Orgánico Follow Yrht 12 oz,General,Mascotas
aderezo ensalada briannas blush wine sin azucar 12oz,General,General
aderezo para ensalada blue cheese wishbone 8 onz,General,General
aderezo para ensalada cesar con aceite de aguacate primal kitchen 8 onz,General,Mascotas
aderezo para ensalada honey french royale virginia brand 12 onz,General,General
aderezo para ensalada ranch that's smart 16 onz,General,General
aderezo para ensalada ranch wishbone 8 onz,General,General
aderezo para ensaladas cesar wishbone 15 onz,General,Mascotas
Aderezo Para Ensaladas Frances Wishbone 8 Onz,General,General
aderezo para ensaladas italiano kraft 8 onz,General,General
aderezo para ensaladas italiano wishbone 8 onz,General,General
aderezo para ensaladas mil islas kraft 8 onz,General,General
aderezo para ensaladas vinagreta virginia brand 12 onz,General,General
Aderezo Para Sandwich Baldom 16 Onz,General,General
Aderezo Ranch Sin Azúcar Skinny Girl 8 Onz,General,General
aderezo ranchero food club 16 onz,General,General
Adobo con Azafran en Polvo Goya 16.5 Onz,General,General
Adobo En Polvo Con Pimienta Goya 8 Onz,General,General
adobo sin pimienta goya 12 onz,General,General
Age Miracle Crema Ponds 50G,General,General
age miracle limpiador facial ponds 100gr.,General,Limpieza
Age Miracle Serum  Dia  Ponds 30 ml,General,Cuidado Personal
Age Miracle Serum Noche Ponds 50 Gr.,General,Cuidado Personal
Agrio De Limon Goya 32 Onz,General,General
Agrio De Naranja El Fogon 12 Onz,General,General
Agrio De Naranja Goya 12 Onz,General,General
agua alcalina alkalife ten 0.5lt,General,Bebidas
agua alcalina alkalife ten 1lt,General,Bebidas
agua alcalina talking rain 1lt,General,Bebidas
agua aquactiva alcalina orbis 1gl,General,Bebidas
agua carbonatada enriquillo 400ml.,General,Bebidas
agua carbonatada sabor berry la croix 12 onz,General,Bebidas
agua carbonatada sabor chinola la croix 12 onz,General,Bebidas
agua carbonatada sabor cranberry frambuesa la croix 12 onz,General,Bebidas
agua carbonatada sabor lima la croix 12 onz,General,Bebidas
agua carbonatada sabor mandarina la croix 12 onz,General,Bebidas
agua carbonatada sabor mango la croix 12 onz,General,Bebidas
agua carbonatada sabor naranja la croix 12oz,General,Bebidas
agua carbonatada sabor sandia la croix 12oz,General,Bebidas
agua carbonatada sparkling la croix 12 onz,General,Bebidas
agua con fluor orbis 1gl,General,Bebidas
agua crystal 16 onz,General,Bebidas
agua crystal 5lt.,General,Bebidas
agua evian 33 cl,General,Bebidas
agua evian 500ml,General,Bebidas
agua gasificada con cafeina sabor strawberry citrus ice sparkling 17 onz,General,Bebidas
agua gasificada dasani 12 onz,General,Bebidas
agua gasificada sabor a fruit punch ice sparkling 17 onz,General,Bebidas
agua gasificada sabor black raspberry food club 17 onz,General,Bebidas
agua gasificada sabor kiwi strawberry food club 17 onz,General,Bebidas
agua gasificada sabor lemonade food club 17 onz,General,Bebidas
agua gasificada sabor naranja mango food club 17 onz,General,Bebidas
agua gasificada sabor pink grapefruit food club 17 onz,General,Bebidas
agua lider 16 onz,General,Bebidas
Agua Micellar Hidratante Cerave 10 Onz,General,Bebidas
agua natural con minerales orbis 1gl,General,Bebidas
agua natural panna 1lt,General,Bebidas
agua natural panna 500ml,General,Bebidas
agua planeta azul 16 onz,General,Bebidas
agua planeta azul 5lt,General,Bebidas
agua sabor cherry limeade sparkling ice 17 onz,General,Bebidas
agua sabor coco pina ice sparkling 17 onz,General,Bebidas
agua sabor grape raspberry ice sparkling 17 onz,General,Bebidas
agua sabor kiwi fresa ice sparkling 17 onz,General,Bebidas
agua sabor limon planeta azul 16.9 onz,General,Bebidas
agua sabor mango y naranja ice sparkling 17 onz,General,Bebidas
agua sabor toronja ice sparkling 17 onz,General,Bebidas
agua san benedetto botella vidrio 25 cl,General,Bebidas
agua solan de cabras 1.5lt,General,Bebidas
agua solan de cabras 500ml,General,Bebidas
Aguacate Criollo; Und,General,Bebidas
Aji Gustoso Paq. 8 Onz  (Aprox. 12-15 unidades Por Paquete),General,General
Ají Morrón 1 Lb,General,Bebidas
Aji Morron Rojo; Lb  (Aprox. 1-3 unidades Por Libra),General,Bebidas
Ají Sweet Palermo Rojo; Lb (Aprox. 3-4 unidades Por Libra),General,General
Ajo Bolo Para Hornear Paq. (Aprox. 5-6 unidades),General,General
Ajo Desgranado Gigante Paq. (Peso Aprox. 0.8-1Libras),General,General
Ajo Elefante Paq. (Peso Aprox. 0.8-1Libras),General,General
Ajo En Pasta Baldom 15.5 Onz,General,General
ajo en pasta constanza 15 onz,General,General
Ajo En Pasta Líder 15 Onz,General,General
Ajo Importado 1 Lb,General,General
Ajo Importado;Lb (Aprox. 4 Unidades Por Libra),General,General
ajo molido natural ke 113.4g,General,General
ajo negro jr 50gr,General,General
Ajo Picado En Aceite Badia 8 Onz,General,General
Ajo Picado Food Club 2.75 Onz,General,General
Ajo Selecto Premium Paq. (Aprox. 4 Unidades),General,General
ajonjoli negro biosalud 200gr,General,General
ajuste para zapato mujer clear gel top care,General,General
Alas De Pavo; Lb (Peso Aprox. 1.5 Libras),General,General
Albahaca Herb Garden Paq. 2 Onz,General,General
Albahaca Morada Trudeau Paq. 40 Gr,General,General
Albahaca Thai Trudeau Paq. 40 Gr,General,General
Albahaca Verde Trudeau Paq.  40 Gr,General,General
albaricoque deshidratado food club 6 onz,General,General
Albondiga Especial De Res Casero; Lb,General,General
Albondigas De Cerdo Casero; Lb,General,General
albondigas de pollo; lb (peso aprox. 1.5libras),General,Carnes y Mariscos
Albondigas Homestyle Food Club 26 Onz,General,General
Albondigas Italianas Food Club 26 Onz,General,General
Alcachofa Troceada Maheso 400 Gr.,General,General
Alcachofa; Lb (Aprox. 2 unidades Por Libra),General,General
Alcachofas Con Pimienta Zero Olio Mutti 300 Gr,General,General
alcaparrado con pimientos goya 5 onz,General,General
alcaparrado sin hueso con aceituna goya 9.5 onz,General,General
alcaparrado sin pimientos la sevillana 8 onz,General,General
alcaparras nonpareil goya 2.25 onz,General,General
alcaparras nonpareilles roland 16 onz,General,General
alcaparras roland 3oz,General,General
alcaparras surfine en frasco serpis 100gr,General,General
alcaparras surfines roland peq 16 onz,General,General
alcaparrones roland 8.25 onz,General,General
Alcohol Desinfectante 70% Manitas Limpias 16 Onz,General,Limpieza
Alcohol Isopropílico 70% Dr Collado 8 Onz,General,General
Alcohol Isopropílico 70% Le Blanc 8 Onz,General,General
alcohol isopropilico al 70% lider 1/2gl,General,General
Alcohol Isopropílico Al 70% Líder 12 Onz,General,General
alcohol isopropilico al 70% lider 1gl,General,General
Alcohol Puro 95 Grados Dr Collado 4 Onz,General,General
Alfajores De Almendra La Estepeña 250 Gr,General,General
Alfalfa Importada Paq.,General,General
alga ingrediente miyata nori sushi 5 ud,General,General
alga rostizada para sushi roland 10 und/paq,General,General
Algas Marina Nori Okayama 10 Und/Paq,General,General
algicida aqua klean 1gl,General,General
Algodon Cuadrado Top Care 160 Und/Paq,General,General
algodon de azucar fun sweets 2 onz,General,General
algodon dr collado 56gr,General,General
algodon dr collado 7gr,General,General
algodon dr. collado 14gr,General,General
algodon dr. collado 28gr,General,General
Algodon En Bolas Triples Size Top Care 100 Und/Paq,General,General
algodon facial redondo organico full circle 80 und/paq,General,General
Algodon Facial Redondo Top Care 80 Und/Paq,General,General
Alimento Gato Felix Sobre Carne 85 GR,General,General
Alimento Gato Felix Sobre Pescado Blanco 85 GR,General,General
Alimento Gato Felix Sobre Pollo 85 GR,General,Carnes y Mariscos
Alimento Gato Master Cat Gatitos Pollo Leche 2.2 LB,General,Carnes y Mariscos
alimento gato mirringo gaticos crecimiento saludable 1kg,General,General
Alimento Gato Mirringo Original Adulto 1 KG,General,General
Alimento Gourmet para Cacatúa Flocks 3 lb (8 uds),General,General
Alimento Lácteo en Polvo Nestlé Ideal Bolsa 2.2 Kg,General,General
Alimento Para Cacatua Flocks 3 Lb,General,General
alimento para cacatuas kaytee forti diet 3lb,General,General
Alimento Para Conejos Paws Premium 4 Lb,General,General
alimento para conure y lovebird forti diet kaytee 2lb,General,General
Alimento para Cotorra Flocks 4 lb,General,General
Alimento Para Cotorras Kaytee Supreme 5 Lb,General,General
Alimento Para Loros Pequeños Líder 800 Gr,General,General
alimento para peces amazone 100gr,General,General
alimento para peces amazone 250gr,General,General
alimento para peces hojuelas de colores nutrafin 24gr,General,General
alimento para peces hojuelas de colores nutrafin 48gr,General,General
alimento para peces hojuelas de colores nutrafin 77gr,General,General
Alimento Para Peces Verde Amazon 250 Gr,General,General
alimento para periquito australiano lider 800gr,General,General
alimento para periquitos flocks finest 3lb,General,General
alimento para periquitos forti diet kaytee 2lb,General,General
alimento para tortugas nutrafin 210gr,General,General
alimento para tortugas nutrafin 360gr,General,General
alimento para tortugas nutrafin 85gr,General,General
alimento perro adulto pollo alican 40lb,General,Carnes y Mariscos
Alimento Perro Ringo Original Adultos Nutrición Completa 4 kg,General,General
Alimento Pez Labcon Goldfish Hojuelas 110 GR,General,General
Alimento Pez Labcon Hojuelas Básicas 50 GR,General,General
alimento seco para adultos patas pequenas hill´s 4.5lt,General,General
alimento seco para adultos rufo pro 8.8lb,General,General
Alimento Tortuga Labcon Reptiles 75 GR,General,General
Alitas Con Bbq 6 Und/Paq,General,General
Alitas De Cerdo Empacadas; Lb (Peso Aprox. 1 Libra),General,General
alitas de cerdo; lb,General,General
Almejas Importadas 17/22 Congeladas (Peso Aprox. 1 Libra),General,General
Almejas Pequeñas Enteras Roland 10 Onz,General,General
almendra con pasas eloys 10 onz,General,General
almendras asadas imperial nuts 8 onz,General,Despensa
almendras asadas sin sal setton 10 onz,General,Despensa
almendras enteras eloy's 10 onz,General,Despensa
almendras naturales enteras blue diamond 16 onz,General,Despensa
almendras naturales rebanadas lider 10 onz,General,Despensa
almendras rebanadas setton 7 onz,General,Despensa
Almendras Suity Jordan 4 Onz,General,Despensa
almendras y nueces power bag imperial nuts 2.25 onz,General,Despensa
almidon liquido para planchar lider 1/2gl,General,General
almidon liquido para planchar lider 25 onz,General,General
almidon niagara original 20 onz,General,General
almidon para planchar casa lider 20oz,General,General
almidon para planchar fragancia lavanda niagara 20 onz,General,General
almidon para planchar fragancia limon niagara 20 onz,General,General
almidon para planchar niagara 20 onz,General,General
almidon para ropa plancha oh 16 onz,General,General
Almohadilla De Acero Inoxidable Cisne 2 Und/Paq,General,General
Almohadilla Ovalada Premium Top Care 50 Und/Paq,General,General
Almohadilla Para Callos Top Care 9 Und/Paq,General,General
Almohadilla Para Mascotas XX Large Paws,General,General
almohadillas de entrenamiento para mascotas royal pet 30 ct,General,General
Almohadillas De Protección Para Mascotas Paws Premium 30 Und/Paq,General,General
almohadillas entrena mascota lider 30 und,General,General
almohadillas entrena mascotas lider 100 und,General,General
alubia blanca extra la asturiana 500gr,General,General
alubia extra grande la asturiana 500gr,General,General
alubia rojas extra la asturiana 1kg,General,General
Alubias Blancas Cidacos 570 Gr,General,General
Alubias Blancas La Asturiana 570 Gr,General,General
Alubias Goya 15.5 Onz,General,General
Amaretto Licor  Accademia 70 Cl,General,General
Ambientador Automático Aqua Waves Glade 6.2 Onz,General,General
Ambientador Automático Fragancia Clean Linen Con Refill Glade 6.2 Onz,General,General
Ambientador Automatico Fragancia Hawaiian Breeze Con Refill Glade 6.2 Onz,General,General
Ambientador Automático Lavanda y Aloe Vera Glade 6.2 Onz,General,General
Ambientador Electrico Fragancia Fresh Water 1.34 Onz; 2 Und/Paq,General,General
Ambientador En Aceite Fragancia Lavanda Y Manzanilla Airwick 2 Und/Paq,General,Despensa
Ambientador En Aerosol Lavanda Vainilla Recargable De Glade 6.2 Onz,General,General
Ambientador En Aerosol Manzana Canela Recargable De Glade 6.2 Onz,General,General
ambientador en sobre fragancia canela y naranja la casa de los aromas 100ml,General,General
Ambientador En Sobre Fragancia Infantil  La Casa De Los Aromas 100 Ml,General,General
ambientador en sobre fragancia jazmin la casa de los aromas 100ml,General,General
Ambientador En Spray Citrus Casa Líder 250 Ml,General,General
ambientador en spray floral casa lider 250ml,General,General
Ambientador En Spray Fresh Linen Casa Líder 250 Ml,General,General
Ambientador en Spray Glade 2X Cashmere Woods 8.3 Onz,General,General
ambientador en spray glade 2x clean linen 8.3 onz,General,General
Ambientador en Spray Glade 2X Lavender & Vanilla 8.3 Onz,General,General
Ambientador en Spray Glade 2X Sky & Sea Salt 8.3 Onz,General,General
Ambientador En Spray Ocean Breeze Casa Líder 250 Ml,General,General
Ambientador Freshmatic Fragancia Fresh Waters Airwick 6.17 Onz,General,General
ambientador hogar glade spray balsam & spruce 8oz,General,General
ambientador hogar glade spray embers & sandalwood 8oz,General,General
ambientador hogar glade spray pumpkin & ginger 8oz,General,General
ambientador hogar glade spray warm apple & spice 8oz,General,General
Ambientador Manzana Y Canela Casa Líder 250 Ml.,General,General
Ambientador Mikado Fragancia Canela Y Naranja La Casa De Los Aromas 100 Ml,General,General
Ambientador Mikado Fragancia Intense Algodón Casa de las Aromas 100 Ml,General,General
Ambientador Mikado Fragancia Lavanda La Casa De Los Aromas 100 Ml,General,General
ambientador mikado fragancia vainilla la casa de los aromas 100ml,General,General
Ambientador Para Autos Fragancia Algodón La Casa De Los Aromas 7 Ml,General,General
ambientador para autos fragancia lavanda la casa de los aromas 7ml,General,General
Ambientador Para Baño En Spray Fragancia Vainilla Smelit 4 Onz,General,General
Ambientador Plug In Woodland Mystique Airwick 1.34 Onz; 2 Und/Paq,General,General
Ambientador Recargable Cashmere Woods Glade 2 Und/Paq,General,General
Ambientador Recargable Clean Linen De Glade 2 Und/Paq 0.67 Onz,General,General
Ambientador Recargable Clean Linen Mas Conector Electrico De Glade 0.67 Onz,General,General
Ambientador Recargable Vainilla Passion & Hawaiian Glade,General,General
Anillas de Calamar Paq. (Peso Aprox. 2 Libra Por Paquete),General,Carnes y Mariscos
anis estrella los memisos corazon dominicano 9g,General,General
Anis Fino Confite 70 Cl,General,General
Anis Rojo Del Mono 75 Cl,General,General
antiacido liquido sabor original pepto bismol 8 onz,General,General
Aperitivo Amargo Campari Bitter 75 Cl,General,General
Aperitivo Aperol 70 Cl,General,General
aperitivo rosado lillet 75 cl,General,General
Aperitivo Spritz Spirits & More 75 Cl.,General,General
Apio Entero De Constanza; Lb (Peso Aprox. 1 Libras),General,Frutas y Vegetales
apothic dark 75 cl,General,General
arandano deshidratado food club 3.5 onz,General,General
arandanos congelados cn navarra 300gr,General,Frutas y Vegetales
Arándanos Congelados Lider 450 gr,General,Frutas y Vegetales
Arenque Ahumado Lb,General,General
Arenque Lider Ahumado 16 oz,General,General
arepa comida la arepita para rellenar chia 5 ud,General,General
Arepa de Chia  y Flaxseed La Arepita 10 Und/Paq,General,General
Arepa de Maiz Dulce La Arepita 10 Und/Paq,General,General
Arepa de Queso La Arepita 10 Und/Paq,General,General
Arepa de Yuca y Parmesano La Arepita 10 Und/Paq,General,General
Arepa La Panera; Lb,General,General
Arepas Venezolanas Cacharepa 8 Und/Paq,General,General
Armour Lunchmaker Galleta Jamón 2.44oz,General,Despensa
Armour Lunchmaker Pizza Pepperoni 2.44oz,General,General
Armour Lunchmaker Pizza Queso 2.44oz,General,General
Aromatizador De Telas Fabric Refresher Simple Done 27 Onz,General,General
Aros De Cebolla Congelados Maheso 300 Gr,General,General
Aros De Cebolla Congelados McCain 350 Gr,General,General
aros de cebolla picantes moonions lesserevil sin gluten 6oz,General,General
Aros De Chile Banana Suave Food Club 16 Onz,General,General
arror para sushi japonica lotus 2.2lb.,General,General
arroz amarillo selecto vigo 2.75lb,General,General
arroz arborio scotti 1000gr.,General,General
arroz arborio scotti 500gr.,General,General
arroz arborio superfino roland 35 onz,General,General
Arroz Bisonó 10 Lbs,General,General
Arroz Campos Premium 10 Lbs,General,General
arroz carnaroli scotti 1000gr.,General,General
arroz carnaroli scotti 500gr.,General,General
arroz con leche de cabra los caserinos 200gr,General,General
Arroz Con Leche Los Caserinos 200 Gr,General,General
arroz cristalino 10lb,General,General
Arroz de Coliflor Arcoíris Congelado Green Giant 10?oz,General,Frutas y Vegetales
Arroz De Coliflor Con Verduras Congelado Green Giant 12 Onz,General,Frutas y Vegetales
Arroz De Coliflor Emborg 450 Gr.,General,Frutas y Vegetales
arroz don cola 10lb,General,General
Arroz Donato 10 Lbs,General,General
arroz dorado vaporizado canilla 5lb,General,General
arroz enriquecido bisono 10lb,General,General
arroz enriquecido bisono 20lb,General,General
arroz enriquecido bisono 5lb,General,General
arroz enriquecido la garza 10lb,General,General
arroz enriquecido la garza 12lb,General,General
arroz enriquecido la garza 20lb,General,General
arroz enriquecido la garza 30lb,General,General
arroz enriquecido la garza 5lb,General,General
arroz especial saco etiqueta verde lider 20lib,General,General
arroz gourmet pimco saco 20lb,General,General
arroz grano sos especial caldoso 500gr,General,Despensa
arroz la garza 2lb,General,General
Arroz Paella Valenciana Vigo 19 Onz,General,General
arroz para paella extra sos 1kg,General,General
arroz para sushi roland 32 onz,General,General
Arroz Pimco Selecto 10 Lbs,General,General
arroz premium 3lb campos,General,General
arroz premium campos 10lb,General,General
arroz premium campos 20lb,General,General
arroz premium campos 30lb,General,General
arroz premium campos 5lb,General,General
arroz premium don negro 10lb,General,General
Arroz Premium La Garza 10 Lbs,General,General
arroz premium lider 10lb,General,General
arroz premium lider 5lb,General,General
arroz premium nacional 10lb,General,General
arroz premium pimco 20lb,General,General
arroz premium pimco 5lb,General,General
arroz premium pimco funda 10lb,General,General
arroz premiun saco campos 50lb,General,General
arroz redondo para paella santo tomas santo tomas 1kg,General,General
arroz saffron amarillo vigo 10 onz,General,Bebidas
arroz salvaje roland 16 onz,General,General
arroz selecto dos pinos 10lbs,General,Lácteos
arroz selecto lider 10lb,General,General
arroz selecto lider 2lb,General,General
arroz selecto lider 5lb,General,General
arroz selecto pimco 10lb,General,General
arroz selecto saco etiqueta azul lider 20lb,General,General
arroz super selecto bisono 30lb,General,General
arroz super selecto bisono 50lb,General,General
arroz super selecto enriquecido bisono 10lb,General,General
arroz super selecto enriquecido bisono 20lb,General,General
arroz super selecto enriquecido bisono 5lb,General,General
arroz super selecto pimco 5lb,General,General
arroz super selecto pimco gourmet 10lb,General,General
arroz vaporizado canilla golden; 10lb,General,General
Arroz Wala Premium 10 Lb,General,General
arvejas lider 800gr,General,General
arvejas sanjuanera 800gr,General,General
Asopao de Pollo con Arroz Maggi Sobre 56 Gr,General,Despensa
Astringente Piel Sensible Top Care 8 Onz,General,General
atun ahumado en trozos calvo 142gr,General,General
atun blanco trozos en aceite bumble bee 5 onz,General,General
atun claro al natural calvo 160gr,General,General
atun claro al natural calvo 3 und/paq 80gr,General,General
atun claro con aceite girasol calvo 80gr,General,General
atun claro sin aceite al natural calvo 80gr,General,General
Atún Claro Trozos En Agua Food Club 5 Onz,General,Bebidas
atun con jalapeno y tomate con galletas my gourmet 3.5 onz,General,Despensa
atun con romero y tomate deshidratados con galletas my gourmet 3.5 onz,General,Despensa
atun desmenuzado en aceite brunswick 142gr,General,General
atun desmenuzado en aceite bumble bee 5 onz,General,General
atun desmenuzado en aceite dimar 142gr,General,General
atun desmenuzado en aceite lider 6 onz,General,General
Atun Desmenuzado En Agua Brunswick 142 Gr,General,Bebidas
atun desmenuzado en agua lider 8 onz,General,Bebidas
atun en trozos con vegetales calvo 142gr,General,General
atun en trozos ligero bumble bee 5 onz,General,General
atun en trozos y aceite brunswick 142gr,General,General
atun en trozos y aceite lider 6 onz,General,General
atun en trozos y agua brunswick 142gr,General,Bebidas
Atun En Trozos Y Agua Líder 6 Onz,General,Bebidas
atun filete en agua tonnino 190gr,General,Bebidas
atun lomo con vegetales en agua calvo 142gr,General,Limpieza
atun lomo en agua ligero calvo 170gr,General,Limpieza
atun natural bajo en sal calvo 3 und/paq 80gr,General,General
atun picante suave con galleta my gourmet 3.5 onz,General,Despensa
atun solido white albacore en aceite bumble bee 5 onz,General,General
atun solido white albacore en agua bumble bee 5 onz,General,Bebidas
Atun Trozos En Agua Calvo 142 Gr,General,Bebidas
AURICCHIO TALEGGIO DOP 200 GR,General,General
Auyama Taiwanesa En Porción; Lb ( Peso Aprox. 2.75 Libras),General,General
avellanas naturales setton 10 onz,General,General
avena cereal bob's red mill copa vainilla 60gr,General,General
avena cereal bob's red mill instantanea clasica 45gr,General,General
avena cereal fc quick oats instantanea 18oz,General,General
avena cereal quaker instantanea canela 10.93oz,General,Despensa
avena cereal quaker instantanea vainilla 10.93oz,General,Despensa
avena con mantequilla de mani sin lactosa mush 5 onz,General,Despensa
avena con proteina regular sin gluten bob’s red mill 16oz,General,General
avena cortada sin gluten bob's 24 onz,General,General
avena entera con proteina quaker 300gr,General,Despensa
avena entera sin gluten bob's 24 onz,General,General
avena integral americana 360gr,General,General
avena integral lider 650gr,General,General
avena integral quaker 300gr,General,Despensa
avena integral quaker 600gr,General,Despensa
avena molida americana 300gr,General,General
avena molida corazon quaker 475gr,General,Despensa
avena molida lider 650gr,General,General
avena molida quaker 1000gr,General,Despensa
avena molida quaker nutremas 550gr,General,Despensa
avena nutre mas quaker 285gr,General,Despensa
avena old fashioned americana 600gr,General,General
avena old fashioned quaker 18oz,General,Despensa
avena organica bob's 32oz,General,General
avena organica instantanea con linaza full circle 11.29 onz,General,General
avena original con canela quaker 45gr,General,Despensa
avena sabor blueberry sin lactosa mush 5 onz,General,General
avena sabor chocolate negro sin lactosa mush 5 onz,General,Despensa
avena sabor vainilla quaker 45gr,General,Despensa
avent vaso sorbo facil morado 9oz,General,General
azafran carmencita 0.375gr,General,General
Azucar Crema Líder 5 Lb,General,General
azucar datiles organica just date 12 onz.,General,General
Azúcar de Coco Orgánica Full Circle 16 Onz,General,General
Azucar De Coco Organica Madhava 16 Onz,General,General
Azucar Demerara Full Circle 24 Onz,General,General
Azucar Marron Organica Full Circle 24 Onz,General,Bebidas
Azucar Pulverizada Levapan 1 Lb,General,General
baby corn roland 15 onz,General,General
Bacalao Noruego Empacado Lb,General,General
Bacalao Noruego; Lb (Peso Aprox. 1 Libra),General,General
Bagels De Pasas Y Canela Toufayan 20 Onz,General,General
Bagels Everything Toufayan 20 Onz,General,General
Bagels Integrales Toufayan 20 Onz,General,General
Bagels Plain Toufayan 20 Onz,General,General
Bagels Sabor Blueberry Toufayan 20 Onz,General,General
Baguetinas De Pan Maheso 500 Gr,General,General
Baklava Kontos 11 Onz,General,General
balanza digital lyra gris,General,General
ballers figura sorpresa fifa 2026,General,General
Balsamo Hidratante Para Labios Top Care 0.3 Onz; 2 Und/Paq,General,General
Balsamo Para Labios Top Care 2 Und/Paq,General,General
balsamo sensitive post afeitada nivea men 100ml,General,General
banana deshidratada food club 6 onz,General,General
Bandeja De Aluminio Ovalada Grande Líder,General,General
Bandeja De Aluminio Ovalada Mediana Líder,General,General
Bandeja De Aluminio Rectangular Grande Líder,General,General
Bandeja De Aluminio Rectangular Mediana Líder,General,General
Bandeja De Antipasto Beretta 6 Onz,General,General
Bandeja de Canquinas Rodriguez,General,General
bandeja de carton canoa lider 1lb,General,General
Bandeja de Cocada Rodriguez,General,General
Bandeja de Genoa y Queso Provolone Citterio 6 Onz,General,General
Bandeja de Jalao Rodriguez 5 Onz,General,General
Bandeja de Pilones Rodriguez,General,General
Bandeja Dulces 3 en 1 Rodriguez 9 Onz,General,Despensa
Banditas Clear A Prueba De Agua Top Care 30 Und/Paq,General,Bebidas
Banditas Para Limpieza Profunda Nariz Top Care 6 Und/Paq,General,General
Banditas Transparentes Surtidas Top Care 60 Und/Paq,General,General
Banditas/Curitas Con Diseño Minios Top Care 30 Und,General,General
Barquilla Rellena De Avellena Chocolate Pirulin Bites 200 Gr.,General,Despensa
Barquilla Rellena de Chocolate y Avellanas Pirulin 10 Und/Paq,General,Despensa
barquilla rellena de chocolate y avellanas pirulin flowpack 66gr,General,Despensa
Barquilla Rellena De Coco Pirulin Bites 200 Gr.,General,General
Barquilla Rellena Doble Chocolate Pirulin 200 Gr.,General,Despensa
barra 33% coco go on 50g,General,General
barra 33% fresa go on 50g,General,General
barra cereal three wishes chocolate peanut butter 5 pk,General,Despensa
barra cereal three wishes s'mores 5 pk,General,General
barra choco chip cookie dough david 58g,General,General
Barra Chocolate con Coco Alto en Proteínas Líder 114 Gr,General,Despensa
barra chocolate pretzel datil sin azucar harken 1.41oz,General,Despensa
barra dark chocolate nuts sea salt kind 1.4oz,General,Despensa
Barra de Avena Canela y Maple Mush 2.3 oz,General,General
Barra De Avena Con Mantequilla De Maní Y Chocolate Bob's 50 Gr,General,Despensa
Barra De Avena Con Mantequilla De Maní Y Coco Bob's 50 Gr,General,Despensa
Barra De Avena Con Mantequilla De Maní Y Fresa Bob's 50 Gr,General,Despensa
Barra de Avena Sin Gluten Para Niños GoMacro 7 Und/Paq,General,General
Barra De Cereza Pop Tarts Kelloggs 14.7 Onz,General,General
barra de chocolate con almendra premium cortes 40gr,General,Despensa
barra de chocolate con crema de avellana hu kitchen 2.1 onz,General,Despensa
barra de chocolate negro con mantequilla de cajuil y vainilla hu kitchen2.10 onz,General,Despensa
barra de chocolate negro organico con sal hukitchen 2.1 onz,General,Despensa
barra de chocolate organico 70% kah kow 50gr,General,Despensa
Barra de Chocolate Para Niños Sin Gluten GoMacro 7 Und,General,Despensa
barra de chocolate relleno de oreo milka 100gr,General,Despensa
Barra De Cookies & Cream Pop Tarts Kelloggs 14.10 Onz,General,General
Barra De Mantequilla La Asturiana 125 Gr,General,General
Barra de Proteína de Cajuil Barebell’s 1.94 oz Pack 4,General,General
Barra De Proteina De Mani Con Chocolate Nature Valley,General,Despensa
Barra de Proteína de Maní y Datiles Con Coco Good Calories 45 Gr,General,Despensa
Barra De Smores Pop Tarts Kelloggs 14.10 Onz,General,General
Barra Gallega Artesanal 280 Gr.,General,General
barra mani y chocolate alto en proteinas lider 114gr,General,Despensa
Barra Special K Sabor Fresa Kelloggs 6 Und/Paq,General,General
Barra Sugar Cinnamon Pop Tarts Kelloggs 15.2 Onz,General,General
Barra Trialmix Fruit And Nuts Nature Valley Und,General,General
Barra Waffer Chocolate y Mantequilla de Maní Nature Valley 5 Und/Paq,General,Despensa
barrita one hershey’s 60g,General,General
barrita one s’mores 60g,General,General
barritas de chocolate rellenas de leche y avellana kinder bueno 20 und/paq,General,Despensa
Barritas de Surimi 0% Grasa Congeladas Krissia 200 Gr,General,General
Base De Pizza Sin Gluten Schar 10.6 Onz,General,General
base para pie food club 6 onz,General,General
base para pizza de coliflor meve gourmet 2 und/paq,General,Frutas y Vegetales
base para pizza de coliflor valance 2 und/paq,General,Frutas y Vegetales
baston de chocolate san valentin m&m's 3 onz,General,Despensa
Bastoncitos de Caramelo Sabor Menta Brach's 12 Und/Paq,General,General
Bastones de Yuca Precocido Líder 454 Gr,General,General
batata congelada sweet potato puffs alexia 567gr,General,Frutas y Vegetales
batata dulce cortada en conserva food club 15 onz,General,General
Batata Roja; Lb (Peso Aprox. 1 Libra),General,Frutas y Vegetales
Batatas en Rodajas Precocida Líder 454 Gr,General,Frutas y Vegetales
baterias alkalinas aaa lider 4 unidades,General,General
batida de chocolate con 40gr de proteina muscle milk 14 onz,General,Despensa
batida de proteina organica sin gluten sabor a chocolate orgain 8.25 onz,General,Limpieza
batida de vainilla con 25gr de proteina musclemilk 11 onz,General,General
batida de vainilla con 40gr de proteina musclemilk 11 onz,General,General
batida de vainilla organica sin lactosa orgain 11 onz,General,Limpieza
batida sabor choco creme muscle milk,General,General
batida sabor chocolate con 25gr de proteina musclemilk 11 onz,General,Despensa
batida sabor fresa 25gr proteinas muscle milk 14 onz,General,General
batida vegetal organica alta en proteina sabor vainilla orgain 11 onz,General,Limpieza
batido de cacao sin azucar cacaolat 200ml,General,General
batido de proteina sabor chocolate gnc 14 onz,General,Despensa
batido de proteina sabor chocolate lean body 17 onz,General,Despensa
batido de proteina sabor fresa lean body 17 onz,General,General
batido de proteina sabor fresa muscle milk 11 onz,General,General
batido de proteina sabor vainilla gnc 14 onz,General,General
Batido Nutrición Lider Suplemento Sabor Chocolate 200 ml,General,Despensa
Batido Nutrición Lider Suplemento Sabor Vainilla 200 ml,General,General
batido proteina chocolate peanut butter muscle milk 11oz,General,Despensa
batidor de mano de acero inoxidable,General,General
Bay Rum Constanza 12 Onz,General,General
bayeta de microfibra con esponja cisne 2 und/paq,General,Limpieza
bayeta de microfibra multiusos cisne 1 und/paq,General,General
Bebedero Drija Botellón Oculto Acqua,General,General
bebida aloe vera manzana lider 500ml,General,General
bebida aloe vera original lider 1.5l,General,General
bebida aloe vera original lider 500ml,General,General
bebida aloe vera sin azucar lider 500ml,General,General
bebida aperitivo mionetto spritz sin alcohol 50 cl,General,General
bebida barista de avena scotti 1lt,General,General
bebida coctel de frutas lider 200ml,General,General
Bebida de Cajuil Caramelo Latte Elmhurst 25.4 Onz,General,General
bebida energetica cafe supligen 290ml.,General,General
Bebida Energética con Gas Líder 250 ml,General,General
Bebida Energía Ghost Cherry Limeade 16 OZ,General,General
Bebida Energía Ghost Orange Cream 16 OZ,General,General
Bebida Energía Ghost Sour Watermelon Warheads 16 OZ,General,General
Bebida Energía Ghost Welch's Grape 16 OZ,General,General
Bebida Energizante 911; 16.9 Onz,General,Bebidas
Bebida Energizante Mango Loco 16 oz Monster,General,Bebidas
Bebida Energizante Monster 16 Onz,General,Bebidas
Bebida Energizante Original Vive 100 500 Ml,General,Bebidas
Bebida Energizante Para Revitalizar Bloom Cherry Lime 12oz,General,Bebidas
Bebida Energizante Para Revitalizar Bloom Raspberry Lemon 12oz,General,Bebidas
Bebida Energizante Para Revitalizar Bloom Straw Watermelon 12oz,General,Bebidas
bebida energizante sabor bluebbery vive 100 500ml,General,Bebidas
Bebida Energizante Sabor Cherry Fresa Vive 100 500 Ml,General,Bebidas
Bebida Energizante Sabor Manzana Vive 100 500 Ml,General,Bebidas
Bebida Energizante Ultra Sin Azúcar 16 oz Monster,General,Bebidas
Bebida Energizante Zero Azúcar Vive 100 500 Ml,General,Bebidas
Bebida Espumosa  J.P. Chenet Fashion Frambuesa Lata 250 ml,General,General
bebida espumosa celebracion j.p. chenet fashion fresa lata 250ml,General,General
bebida espumosa j.p. chenet fashion limon lata 250ml,General,General
bebida ginger san benedetto 0.098l,General,General
bebida hidratante fresa y limon roar 18 onz.,General,General
bebida hidratante gatorlyte sabor mixed berry 591ml,General,General
bebida hidratante gatorlyte sabor sandia 591ml,General,General
bebida hidratante melon y sandia roar 18 onz.,General,General
bebida hidratante roar blueberry limon 18oz,General,General
bebida hidratante roar dragon fruit 18oz,General,General
bebida hidratante sabor cereza & limon gatorlyte 591ml,General,General
bebida hidratante sabor fresa & kiwi gatorlyte 591ml,General,General
Bebida Hidratante Sabor Frutos Rojos Tropical Suerox 630 Ml,General,General
Bebida Hidratante Sabor Kiwi Fresa Suerox 630 Ml,General,General
bebida hidratante sabor lima limon suerox 630ml,General,General
Bebida Hidratante Sabor Manzana Suerox 630 Ml,General,General
Bebida Hidratante Sabor Mora Azul Hierbabuena Suerox 630 Ml,General,General
bebida hidratante sabor naranja gatorlyte 591ml,General,General
bebida holiday nog de almendra califia farms 48oz,General,General
Bebida Láctea Kefir Lowfat Blueberry Lifeway 32oz,General,General
bebida naranja lider 200ml,General,General
bebida nutricional para ninos sabor vainilla tippy toes 6 und/paq,General,General
Bebida Para Hidratación Gatorlit Fresa Kiwi 591 ml,General,General
Bebida Para Hidratación Gatorlit Naranja 591 ml,General,General
bebida para hidratacion gatorlit sabor coco 591ml,General,General
Bebida Para Hidratación Gatorlit Sabor Mora 591 ml,General,General
Bebida Para Hidratación Gatorlit Sabor Uva 591 ml,General,General
bebida pera lider 200ml,General,General
bebida polvo nesquik chocolate 100 cal 8oz,General,Despensa
bebida proteina de chocolate impulso 250ml,General,Despensa
bebida proteina de fresa impulso 250ml,General,General
Bebida Proteína De Vainilla Impulso 250 Ml,General,General
Bebida Rehidratante Sabor Naranja y Mandarina Suerox 630 Ml,General,General
Bebida Rehidratante Sabor Uva Suerox 630 Ml,General,General
bebida sabor chocolate cacolat original 200ml,General,Despensa
bebida vegetal riso scotti almendra barista 1lt,General,General
bebida vegetal riso scotti arroz y almendra 1lt,General,General
Berberechos Al Natural Orbe 112 Gr,General,General
Berenjena China; Lb (Aprox. 2-3 unidades Por Libra),General,General
Berenjena Morada; Lb (Aprox. 1- 2 unidades Por Libra),General,General
berries congeladas food club 12 onz,General,General
Berro Tierno Hidroponico Paq. (Peso Aprox. 1/2),General,Frutas y Vegetales
besitos de chocolates san valentin hershey's 10.01 onz,General,Despensa
Besugo; Lb (Peso Aprox. 1.5 Libras),General,General
betun autobrillo para calzado marron bufalo 60ml,General,Bebidas
betun para calzados liquido blanco gold diamond 60ml,General,General
betun para calzados liquido cafe gold diamond 60ml,General,General
betun para calzados pasta cafe diamond 31gr.,General,General
betun para calzados pasta negro gold diamond 31gr.,General,General
Bicarbonato De Soda D' Nagua  256 Gr,General,Bebidas
Biscuit Con Yogurt Sin Azucar Misura 400 Gr,General,General
biscuit de chocolate con leche bauducco 80gr,General,Despensa
Bistec Al Minuto; Lb (Peso Aprox. 1 Libra),General,General
Bistec Pasado Por Maquina Empacado; Lb (Peso Aprox. 1.5 Libras),General,General
bistec pasado por maquina; lb (peso aprox. 1libra),General,General
Bites De Chicharron Precocido Hugo Pork 8 Onz,General,Bebidas
Bites de Pollo Crispy Tyson 680 g,General,Carnes y Mariscos
bitter angostura 4 onz,General,General
Bitter Rojo San Benedetto 10 cl 6 Und/Paq,General,General
Bizcocho Cinnamon Roll La Panera,General,General
Bizcocho De Aro Con Pasas La Panera,General,General
Bizcocho De Aro Marmoleado La Panera,General,General
Bizcocho De Chocolate Relleno Sin Gluten Katz 8.8 Onz,General,Despensa
Bizcocho De Guineo Rebanado Sweet P'S 16 Onz.,General,General
bizcocho de limon candela cusine 415gr,General,General
Bizcocho De Limón Rebanado Sweet P'S 16 Onz.,General,General
Bizcocho De Mantequilla Sara Lee 16 Onz,General,General
Bizcocho Esponjoso Bolena Líder 40 g,General,General
Bizcocho Esponjoso Choco Chips Líder 67 g,General,Despensa
Bizcocho Mármol Líder 40 g,General,General
Bizcocho Marmol Rabanado Sweet P's 16 Onz.,General,General
Bizcocho Pascua Sabor Pistacho Edición Especial,General,General
Bizcocho Pascua Sabor Zanahoria Tradicional,General,General
Bizcocho Pudin De Mantequilla Y Canela Rebanao Sweet P'S  16 Onz.,General,General
Bizcocho Relleno De Cacao Luppo 36 Gr.,General,General
Bizcocho Vainilla Líder 38.5 g,General,General
Bizcocho Vainilla Sponggy 150 Gr,General,General
Bloose Blue Cheese Arla Lb,General,General
blueberries congelados dole 12 onz,General,General
blueberries congelados food club 12 onz,General,General
blueberries organicos congelados full circle 10 onz,General,General
Blueberries Paq.  6 Onz,General,General
Bocaditos de Mild Salami Citterio 6 Onz,General,Carnes y Mariscos
Bocaditos de Pepperoni Cittero 6 Onz,General,Carnes y Mariscos
Bok Choy Trudeau Paq. 250 Gr,General,General
Bola De Res Empacada; Lb (Peso Aprox. 1.5 Libras),General,General
Bola De Res; Lb (Peso Aprox. 1 Libra),General,General
Bola Dulce Color Jomisardys 4 Onz,General,General
bolas de algodon organico full circle 80 und/paq,General,General
Bolas De Algodon Top Care 200 Und/Paq,General,General
Boliche De Res Empacado; Lb (Peso Aprox. 1 Libra),General,General
boliche de res; lb (peso aprox. 1libra),General,General
bolitas de cepa de apio congeladas valance 15 und/paq,General,Frutas y Vegetales
bolitas de queso congeladas valance 15 und/paq,General,General
Bollitos De Yuca Congelados La Higueyana 14 Und/Paq,General,General
Bolsa Para Sandwich Emoji Simply Done 70 Und/Paq,General,General
Bolsa Para Snacks Diseño Deportes Simply Done 80 Und/Paq,General,General
bolsas almacenamiento quart casa lider con cierre 35ct,General,General
Bolsas De Almacenamiento Con ZIP Simply Done,General,General
Bolsas De Almacenamiento Reciclabe Simply Done,General,General
bolsas freezer galon casa lider con cierre 8ct,General,General
bolsas freezer quart casa lider con cierre 15ct,General,General
Bolsas para Alimentos Tamaño Galón Líder 12 Und,General,General
Bolsas Para Almacenar Sandiwch Diamond 100 Und/Paq,General,General
Bolsas Sandwich Casa Líder 150 Und,General,General
bolsas sandwich doble cierre casa lider 50ct,General,General
bolsas snack con cierre casa lider 60ct,General,General
bolt gummies granada organico pro bar 60g,General,Despensa
bombillo led a60 12w 6500k agd3012725,General,General
bombillo led a60 7w 3000k agd3012730,General,General
bombillo led a60 7w 6500k agd3012726,General,General
bombillo led a60 9w 3000k agd3012817,General,General
bombillo led a60 9w 6500k agd3012790,General,General
bombillo led a70 15w 3000k agd3012806,General,General
bombillo led a70 15w 6500k agd3012799,General,General
bombillo led ace a55 5w 3000k agd5000,General,General
bombillo led ace a55 5w 6500k agd3012789,General,General
bombones artesanos delaviuda 180gr,General,General
bombones cacao noir witor's 250gr,General,General
bombones choco avellana corazon lider 8 und,General,General
bombones choco avellana lider 12 unidades,General,General
bombones chocolate con leche bolsa baci 125gr,General,Despensa
bombones chocolate con leche delaviuda 150gr,General,Despensa
bombones chocolate negro baci 250gr,General,Despensa
bombones con avellanas delaviuda 150gr,General,General
bombones con avellanas sin azucar delaviuda 150gr,General,General
bombones cuore caramelo witors 145gr,General,General
bombones de chocolate blanco delaviuda 150gr,General,Despensa
bombones de chocolate con avellana lider 3 pack,General,Despensa
bombones de chocolate con leche sin azucar delaviuda 150gr,General,Despensa
bombones de chocolate ferrero rocher t.3,General,Despensa
bombones de chocolate negro delaviuda 150gr,General,Despensa
bombones gold box hamlet 180gr,General,General
bombones golden caramel salato witor's 200gr,General,General
bombones image line hamlet 250gr,General,General
bombones rellenos con cerezas queen anne 13.2oz,General,General
bombones rellenos de cerezas suity 6oz,General,General
bombones selection creamy witor's 250gr,General,General
bombones surtido caja de navidad hamlet 250gr,General,General
bombones surtidos selection hamlet 125gr,General,General
bombones surtidos witor's 200gr,General,General
bombones surtidos witor's selection crispy 250gr,General,General
bombones trufas capuccino hamlet 175gr,General,General
bombones trufas de chocolate funda lindor 5.1 onz,General,Despensa
bombones witor's golden 250gr,General,General
Bondiola De Cerdo Empacada; Lb (Peso Aprox. 1.5 Libras),General,General
bondiola de cerdo; lb,General,General
bonito del norte reserva familiar ortiz 112gr,General,General
bonito norte sal calvo 120gr,General,General
Boquerones Lb (Peso Aprox. 1 Libra),General,General
Boston Steak Empacado; Lb (Peso Aprox. 1.5 Libras),General,General
boston steak; lb,General,General
Breadsticks De Ajo Congelados Food Club 10.75 Onz,General,General
Bresaola All Natural Citterio 4 Onz,General,General
brillador para metales brasso 8 onz,General,General
brillador para metales bufalo 200 cc,General,General
Broccoli Congelado Vima 450 Gr,General,General
brocha plastica 8.5,General,General
Brocoli Congelado Food Club 10 Onz,General,Frutas y Vegetales
Brócoli Congelado Líder 450 g,General,Frutas y Vegetales
Brócoli Crown Hibrido;Lb (Peso Aprox. 1.5 Libras),General,Frutas y Vegetales
Brócoli De Constanza;Lb (Peso Aprox. 2 Libras),General,Frutas y Vegetales
Brownie Chocolate Líder 57 g,General,Despensa
brownie vegan sin gluten fibre 45gr,General,General
Brownies Cafe Del Parque 6 Und/Paq,General,General
brownies de chocolate bocados gourmet 250gr,General,Despensa
bruschettas sabor romero valentina 150gr,General,Carnes y Mariscos
Burrata Congelada Granarolo 250 Gr,General,General
Burrata La Zarina 200 Gr,General,General
burrata la zarina 200gr,General,General
Burrata Lupa 160 Gr,General,General
burrata lupa 160gr,General,General
cabernet sauvignon barefoot 75 cl,General,General
cabeza de cerdo 7 hermanos; lb,General,General
cacao en polvo con especias y jengibre cacao mae 6 onz.,General,Despensa
cacao organico en polvo cacao mae 8 onz,General,General
cacao tostado molido nagua 150g,General,Bebidas
Cachaca Ipanema Bottega 70 Cl,General,General
Cachapas Venezolanas Cacharepa 6 Und/Paq,General,General
Cadera De Res Empacada; Lb (Peso Aprox. 1.5 Libras),General,General
Cadera De Res; Lb (Peso Aprox. 1 Libra),General,General
Cafe  En Grano Tostado Monte Perello 1 Lb,General,General
Café Bebida El Cibao Molido 400 GR,General,General
cafe bebida quest protein iced vanilla latte 296ml,General,General
Café Cappuccino Líder 16 Cápsulas,General,General
Cafe Caracolillo Capsulas Santo Domingo 10 Und/Paq,General,General
Café Ciao Venezia en Cápsulas Borbone 10 Und/Paq,General,General
Cafe Colina Juan Valdez 250 Gr,General,General
Café con Leche Líder 16 Cápsulas,General,General
Café Con Macadamia Caribbean Pearl 12 Onz,General,General
Café Cortado Líder 16 Cápsulas,General,General
Cafe Cumbre Juan Valdez 250 Gr,General,General
Cafe Decafeinado Monte Real 200 Gr,General,General
Cafe Descafeinado Bustelo 10 Onz,General,General
Cafe Descafeinado Capsulas Santo Domingo 10 Und/Paq,General,General
Cafe Descafeinado Santo Domingo 10 Onz,General,General
Cafe En Capsulas Borbone Blu 10 Und/Paq,General,General
Cafe En Capsulas Borbone Gold 10 Und/Paq,General,General
Café En Grano Borbone 500 Gr,General,Despensa
Cafe En Grano Fuerte Y Expresivo Gente De La Isla 12 Onz,General,Despensa
Cafe En Grano Gente De La Isla Intenso Y Decidido,General,Despensa
Cafe En Grano Gente De La Isla Suave Y Alegre,General,Despensa
Cafe En Grano Líder 400 Gr,General,Despensa
Café En Grano Mieludo Color Café 250 g,General,Despensa
Cafe En Grano Santo Domingo 1 Lb,General,Despensa
Cafe Envasado Al Vacio Santo Domingo 8.8 Onz,General,General
Cafe Espresso Santo Domingo 1 Lb,General,General
Café Expresso Líder 16 Cápsulas,General,General
Cafe Gourmet En Grano Induban 1 LB,General,General
Cafe Gourmet Induban 10 Onz,General,General
Café Intenso Líder 10 Cápsulas,General,General
Café Latte Sabor Vainilla Mokato Gold 140 Gr,General,General
Café Mía Napoli en Cápsulas Borbone 10 Und/Paq,General,General
Café Mocaccino Canela Líder 16 Cápsulas,General,General
Cafe Organico Líder 340 Gr,General,General
Cafe Organico Monte Alto 12 Onz,General,General
Café Sabor Chocolate Negro y Frambuesa Caribbean Pearl 12 Onz,General,Despensa
Café Súper Forte Líder 10 Cápsulas,General,General
cafetera electrica cuisinart 5 tazas fcc-2,General,General
cafetera rainbow de aluminio roja 3 tz,General,General
caja blanca con bombones elit 170gr,General,General
caja de regalo de trufas de chocolate lindt 6.8 onz,General,Despensa
caja para llevar casa lider 30 onz.,General,General
caja verde coleccion luxury elit 170gr,General,General
Cajüiles Conserva Delifruit En Almíbar 20 OZ,General,General
Calamar de California 1 Lb,General,Carnes y Mariscos
Calamares En Salsa Americana Orbe 110 Gr,General,Carnes y Mariscos
Calamares En Tinta Calvo 115 Gr,General,Carnes y Mariscos
Calamares En Trozos En Su Tinta Orbe 110 Gr,General,Carnes y Mariscos
Calamares Rellenos En Su Tinta Orbe 115 Gr,General,Carnes y Mariscos
calamina en spray top care 4.1 onz,General,General
Calcio Sepia para Pájaros Alcon 22 g,General,General
Caldo Cocido Don Simon 1 Lt,General,General
Caldo Cocido Gallo 1 Lt.,General,General
Caldo De Cebolla Liquido Campbells 10.5 Onz,General,General
Caldo de Gallina Líder 12 Und/Paq,General,General
Caldo De Gallina Mi Sabor Maggi 48 Und/Paq,General,Despensa
Caldo De Hueso De Pollo 16 Onz,General,General
Caldo De Hueso De Res 16 Onz,General,General
Caldo De Huesos Mixto Corpo Natura 16 Onz.,General,General
caldo de paella y fideua don simon 1lt,General,General
Caldo De Pescado Y Marisco Con Verduras Naturales Don Simon 1 Lt,General,General
caldo de pollo criollito 6 und,General,Despensa
Caldo De Pollo Don Simon 1 Lt,General,Despensa
Caldo de Pollo Gallo 1 Lt.,General,Despensa
Caldo de Pollo Jamón Iberico Gallo 1 Lt.,General,Despensa
Caldo De Pollo Liquido Campbells 10.5 Onz,General,Despensa
Caldo de Res Kettle & Fire 16.9 Onz,General,Despensa
caldo de vegetales en cubos edward & sons 8 und/paq,General,General
Caldo De Verduras Don Simon 1 Lt,General,General
Caldo de Verduras Gallo 1 Lt.,General,General
caldo en polvo gallinita con tomate maggi 6 ud,General,Despensa
Caldo en Polvo Gallinita Maggi  360 Gr,General,Despensa
caldo en polvo gallinita maggi 12 und.,General,Despensa
Caldo Liquido De Mariscos Kitchen Basics 32 Onz,General,Carnes y Mariscos
Caldo Liquido De Pollo Reducido En Sodio Food Club 32 Onz,General,General
Caldo Liquido De Res Campbells 10.5 Onz,General,General
Caldo Liquido De Res Food Club 32 Onz,General,General
Caldo Liquido De Res Organico Full Circle 32 Onz,General,General
Caldo Liquido De Vegetales Full Circle 32 Onz,General,General
Caldo Liquido De Vegetales Sin Sal Kitchen Basics 32 Onz,General,General
Caldo Liquido De Verduras Aneto 1 Lt,General,General
Caldo Liquido Para Fideuá De Pescado Y Marisco Aneto 1 Lt,General,General
caldo liquido para paella valenciana aneto 1lt,General,General
Caldo Sin Pollo Y Sin Gluten Edward & Sons  2.5 Onz,General,General
California Blend Orgánica Full Circle 12 Onz,General,General
California De Cerdo Empacada; Lb (Peso Aprox. 1.5 Libra),General,General
California De Cerdo; Lb,General,General
California Deshuesada; Lb (Peso Aprox. 1 Libra),General,General
Calzoncillo de Entrenamiento Pull-Ups® Niña Talla 4T-5T 17 Unidades,General,General
camion de bloques,General,General
camion de volteo victory toys,General,General
camion monster jam con ruedas luminosas,General,General
camion ojito pequeno rosado de playa shflt,General,General
camion volteo azul/verde de playa shflt,General,General
canoas desechables casa lider 3lb,General,General
Canquiña Jomisardys 4 Onz,General,General
capacillos de aluminio simple done.,General,General
capacillos de papel para hornear de 6.35 centimetros.,General,General
capacillos de papel para hornear; con divertidos disenos. tamano 6.35 centimetros,General,General
capacillos desechables para hornear cupcakes; color plateado brillante.,General,General
capacillos desechables para hornear cupcakes; colores mixtos.,General,General
capacillos grandes desechables para hornear cupcakes.,General,General
capacillos para hornear mini cupcakes.,General,General
Cappelletti Carne Chianina y Prosciutto Líder 250 Gr,General,Carnes y Mariscos
capsulas extra fuertes tylenol 20 und/paq,General,General
Capuccino Clásico Colcafe 6 Und/Paq,General,General
Caracoles Consul Scargot Roland 15 Onz,General,General
caracolito con queso milano 7.25oz,General,General
carambola;lb (aprox. 2-3 unidades por libra),General,General
caramelo barrilete original 120gr,General,General
caramelo masticable chalaca funda,General,General
caramelo relleno sabor a chocolate bianchi 400gr,General,Despensa
caramelos candy jelly hearts brach's 12 onz,General,Despensa
Caramelos Circus Peanuts Food Club 5 Onz,General,Despensa
Caramelos Con Sabor A Menta Food Club 7.5 Oz,General,Despensa
Caramelos De Frutas Azucarados Food Club 10.25 Oz,General,Despensa
Caramelos Duros Pequeños Jomisardys,General,Despensa
Caramelos Grandes Jomisardys 9 Onz,General,Despensa
caramelos rellenos de miel 430g ambrosoli,General,Despensa
caramelos sabor a frutas tic tac 1 onz,General,Despensa
caramelos sabor frutas mixtas welchs 2.25 onz,General,Despensa
carbon briquets charking 7.7lb,General,General
carbon briquets hickory charking 16.6lb,General,General
carbon enciende charking 3.3lb,General,General
carbon instant light charking 11.6lb,General,General
carbon instant light charking 6.7lb,General,General
carbon mesquite charking 7lb,General,General
carbon vegetal instantaneo carboncil 3.3lb,General,General
carbon vegetal lider 3.3lb,General,General
carbosota lider 750 cc 12 und/paq,General,General
Carnation Coco UHT 290ml,General,General
Carne #7 De Res Deshuesada; Lb (Peso Aprox. 1 Libra),General,General
Carne De Cerdo En Cuadros Empacada; Lb (Peso Aprox. 1.5 Libras),General,General
Carne De Cerdo Molida 1 Lb,General,General
carne de cerdo molida super especial empacada (peso aprox. 1libra),General,General
Carne De Cerdo Molida Super Especial Lb; (Peso Aprox. 1.5 Libras),General,General
Carne De Cerdo Molida Super Especial,General,General
Carne de Cerdo para Guisar 1 Lb,General,General
Carne de Cerdo Salada Empacada por Libra Líder,General,General
Carne De Chimi Wurstmeister 1 Lb,General,General
Carne De Mejillones Congelada; Lb (Peso Aprox. 1 Libra),General,General
carne de res cocida goya 12oz,General,Carnes y Mariscos
Carne De Res Molida 5 Libras,General,Carnes y Mariscos
Carne de Res Molida Premium 1 Lb,General,Carnes y Mariscos
Carne De Res Para Guisar Empacada; Lb (Peso Aprox. 1.75 Libras),General,Carnes y Mariscos
Carne De Res Para Guisar; Lb (Peso Aprox. 1 Libra),General,Carnes y Mariscos
Carne De Res Salada; Lb,General,Carnes y Mariscos
Carne De Ternera En Cuadros; Lb (Peso Aprox. 1 Libra),General,General
Carne Molida Cocina Rastelli's Black Angus 1 lb,General,Carnes y Mariscos
Carne Molida Cocina Rastelli's Grass-Fed 1 lb,General,Carnes y Mariscos
Carne Molida De Ternera; Lb (Peso Aprox. 1 Libra),General,Carnes y Mariscos
Carne Para Hamburguesas Angus Rastelli´s 6 Und/Paq,General,General
Carne Para Hamburguesas de Chuck& Short Ribs Rastelli´s 6 Und/Paq,General,General
Carne Para Hamburguesas de Pechuga de Pavo Rastelli´s 6 Und/Paq,General,General
Carne Para Hamburguesas de Salmón Rastelli´s 6 Und/Paq,General,Carnes y Mariscos
Carne Para Hamburguesas de Tocineta y Queso Rastelli´s 6 Und/Paq,General,Carnes y Mariscos
Carne Para Hamburguesas Grass Fed Rastelli´s 6 Und/Paq,General,General
Carne Para Hamburguesas Waygu Rastelli´s 6 Und/Paq,General,General
carnes cocina sancocho mixto lb,General,General
Carrillada De Cerdo Empacada; Lb (Peso Aprox. 1 Libra),General,General
carrillada de cerdo; lb,General,General
casa lider bolsas doble cierre 2galones 12ct,General,General
casa lider bolsas galon con cierre 20ct,General,General
Catchup Líder  450 Gr,General,General
catchup lider 450gr,General,General
catchup linda 7lb,General,General
Catchup Orgánico Squeeze Sin Azúcar Primal Kitchen 18.5 Onz,General,General
Catchup Sin Azúcar Food Club 19 Onz,General,General
Catibia de Queso 6 Und,General,General
Catibias de Chivo Encendio Maty 12 Und/Paq,General,Carnes y Mariscos
catibias de pollo maty 12 und/paq,General,Carnes y Mariscos
Catibias De Pollo Origen Nacional 6 Und,General,Carnes y Mariscos
Catibias de Res 6 Und,General,General
Catibias de Res Maty 12 Und/Paq,General,General
Catibias de Ricotta y Puerro Maty 12 Und/Paq,General,General
Caticepas De Cheddar Distelca 1 lb,General,General
Cayena Molida Carmencita 43 Gr,General,General
Cebolla Amarilla; Malla (Peso Aprox. 2 Libras),General,General
Cebolla Perla Blanca Paq. (Aprox. 25 Unidades Por Paquete),General,General
Cebolla Picada Food Club 1.88 Onz,General,General
Cebolla Roja 1 Lb,General,Frutas y Vegetales
Cebolla Roja Malla Lb (Peso Aprox. 2 Libras),General,Frutas y Vegetales
Cebollín Herb Garden Paq. 2 Onz,General,General
Cebollitas Bernal 200 Gr,General,General
cebollitas bernal 200gr,General,General
Cebollitas Encurtidas Fragata 345 Gr,General,General
Cepa De Apio; Lb (Peso Aprox. 2 Libras),General,Frutas y Vegetales
cepillo de bano con mango de madera top care,General,General
cepillo interdental proxabrush 1414gum 4 und/paq,General,General
cepillo interdental top care 5 und/paq,General,General
cepillo max white suave colgate 2 und/paq,General,Cuidado Personal
Cepillo No. 02022 Aldo Paleieri,General,General
cepillo para botellas simply done,General,General
Cepillo para Cabello Vila Uso Diario,General,General
cepillo para cocina simply done,General,General
cepillo para higiene bucal ninos lider suave 1 pza,General,General
cepillo para inodoro con base lider,General,General
cepillo para inodoro simply done,General,General
cepillo para lavado lider,General,General
Cepillo Para Tazas Novica,General,General
Cepillo Para Uso Diario #9009  Vila 1 Und,General,General
Cepillo Plástico No. 2026 Aldo Palieri,General,General
Cepillo Sanitario Con Soporte Sanilux,General,General
Cepillo Sanitario Limpia Facil Sanilux,General,General
Cepillo Sanitario Plástico Sanilux,General,General
cepillos para limpiar sorbetes 4 unidades,General,General
cera de ortodoncia 724 butler gum,General,General
cera gel xtreme 250gr,General,General
Cera Liquida Para Pisos Leblanc 1000 Ml,General,General
Cera Liquida Para Pisos Leblanc 16 Onz,General,General
Cerdo Para Guisar Empacado; Lb (Peso Aprox. 2 Libra),General,General
Cerdo Para Guisar; Lb,General,General
Cereal Bran Stick Líder 375 Gr.,General,General
cereal caliente 5granos bob's 16 onz,General,General
Cereal Choco Krispis Kellogs 12.6 Onz,General,General
Cereal Cinnamon Toast Crunch Nestle 340 Gr,General,General
Cereal Con Almendras Y Vainilla Kellogg'S Special K 12.9 Onz,General,Despensa
cereal con marshmallow fruity pebbles post 11 onz,General,General
Cereal Corn Pops Kellogs 7.8 Onz,General,General
cereal cream of wheat canela cup 2.29oz,General,General
cereal cream of wheat frutos bosque cup 2.29oz,General,General
Cereal de Arroz y Trigo Con Chocolate Extra Negro Líder 300 Gr,General,Despensa
Cereal de Arroz y Trigo Líder 375 Gr.,General,Despensa
cereal de cacao y galleta maria nutriben 250gr,General,Despensa
cereal de cacao y galleta maria nutriben 500gr,General,Despensa
cereal de cocoa sin azucar magic spoon 8 onz,General,General
cereal desayuno seven sundays avena miel 8oz,General,General
cereal desayuno seven sundays cacao sin gluten 8oz,General,General
cereal desayuno seven sundays maple salt 8oz,General,General
Cereal Fitness De Fruta Nestle 350 Gr,General,General
Cereal Froot Loops Kelloggs 1.5 Onz,General,General
Cereal Fruity Sin Gluten Three Wishes 8.6 Onz,General,General
Cereal Fruta Y Yogurt Special K Kellogg'S 13 Onz,General,General
Cereal Hojuelas De Maiz Nestle 500 Gr,General,General
cereal infantil 24 meses cerelac 400gr.,General,General
cereal infantil 8 cereales 6 meses nestum 250gr,General,General
cereal infantil multicereal con ciruela nestum 250gr,General,General
cereal infantil nestle nestum avena y arroz bolsa 250g,General,General
cereal infantil trigo 6 meses cerelac 1000gr.,General,General
cereal infantil trigo 6 meses cerelac 250gr.,General,General
cereal infantil trigo y frutas nestum 250gr,General,General
cereal infantil trigo y leche 24 meses cerelac 1kg.,General,General
cereal infantil trigo y miel nestum 250gr,General,General
Cereal Muesli De Frutas Líder 500 Gr.,General,General
Cereal Muesli Frutas del Bosque Vitalisimo Bruggen 450 Gr,General,General
Cereal Peanut Butter Capitan Crunch 11.4 oz,General,General
Cereal Pop Tarts Fresa Kelloggs 14.7 Onz,General,General
Cereal Sabor Canela Sin Gluten Three Wishes 8.6 Onz,General,General
cereal sabor frutal sin azucar magic spoon 8 onz,General,General
cereal trix nestle 340gr,General,General
Ceres Copos De Maiz Azucaradas Líder 454 Gr.,General,General
cereza roja cristalizada paradise 16 onz,General,General
Cerezas En Almibar Food Club 16 Onz,General,General
Cerezas Maraschino Rojas Con Tallo Food Club 10 Onz,General,General
champin gasificada sin alcohol 75 cl,General,General
champinon entero cidacos 150gr,General,General
chapatas maheso 320gr 2 und/paq,General,General
Cheese Jumbo Franks Bar-S 1 Lb,General,General
Cheesecake De Oreo Palacios 350 Gr,General,General
Cheesecake Marmoleado De Fresa Crav'N Flavor 24 Onz,General,General
Cheesecake New York Sin Gluten Daiya 14.1 Onz,General,General
cherries;lb (peso aprox. 0.5-0.8libras),General,General
cherry berry blend congelados food club 12 onz,General,General
Chervil Trudeau Paq. 40 Gr,General,General
Chicharon De Cerdo Chef Jabali 1.5 Onz,General,Bebidas
Chicharon De Cerdo Hugo Pork; Lb,General,Bebidas
chicharos goya 14oz,General,General
Chicharrón De Cerdo Empacado; Lb (Peso Aprox. 1.2 Libra),General,Bebidas
chicharron de cerdo; lb (peso aprox. 1.75libras),General,Bebidas
Chicharron Jabalí Limón Chef 1.41 Oz,General,Bebidas
Chicharron Jabalí Picante Chef 1.41 Oz,General,Bebidas
Chicharron Sixteen Hugo Pork; Lb,General,Bebidas
chicharros verdes partidos goya 16 onz,General,General
Chick/Porc Bun Length Franks Bar-S 1 Lb,General,General
Chicken Tenders Beyond Meat 8 Onz,General,General
Chile Jalapeño Entero La Costeña 220 Gr,General,General
Chimichanga de Pollo La Mexicana 571 Gr,General,Carnes y Mariscos
Chimichanga de Res Congelada La Mexicana 571 Gr,General,General
China Barcelo Para Jugo Malla (Aprox. 5 Libra ),General,Bebidas
Chinola Malla Paq (Peso Aprox. 3 Libras),General,General
chips bruschette sabor vegetales mediterraneos maretti 140gr.,General,Despensa
chips chili dulce garcita 18gr,General,Despensa
chips de batata salada inka 130gr,General,Frutas y Vegetales
chips de chocolate blanco sin azucar lily´s 9 onz,General,Despensa
chips de coco eloy's 5 onz,General,Despensa
chips de platano maduro inka 100gr,General,Despensa
chips de tortilla de maiz sabor hint of lime tostitos 10 onz,General,Despensa
chips de tortilla sin gluten siete nacho 4oz,General,Despensa
chips natural garcita 18gr,General,Despensa
chips queso y cebolla garcita 18gr,General,Despensa
chips snack garcita natural 70gr,General,Despensa
chips snack garcita queso y cebolla 70gr,General,Despensa
chips snack garcita sweet chili 70gr,General,Despensa
chips snack siete variety pack sin gluten 6 und,General,Despensa
chispas de chocolate 60% cacao para hornear food club 10 onz,General,Despensa
chispas de chocolate con leche hershey's 11.5 onz,General,Despensa
chispas de chocolate con leche sin azucar lily's 9 onz,General,Despensa
chispas de chocolate food club 11.5 onz,General,Despensa
chispas de chocolate negro sin azucar lily's sweet 9 onz,General,Despensa
chispas de chocolate semi dulce hershey's 12 onz,General,Despensa
Chispas de Chocolate Semi Dulce Mini Para Hornear Food Club 12 Onz,General,Despensa
chispas de vainilla food club 11 onz,General,General
Chistorra Ahumada Lider 230g,General,General
Chistorra Receta De Navarra Palacios Floristan 200 Gr,General,General
Chivo Para Guisar; Lb,General,Carnes y Mariscos
choco junior rica 1lt,General,General
choco trio chocolate nestle,General,Despensa
choco trio cookies and cream nestle,General,General
choco trio mani nestle,General,Despensa
chocolate 70% cacao con avellanas torras,General,Despensa
chocolate blanco con coco sin azucar torras 75gr,General,Despensa
chocolate blanco cookies and cream lider 60gr,General,Despensa
chocolate blanco crujiente ritter sport 100gr,General,Despensa
chocolate blanco kitkat barra 41.5gr,General,Despensa
chocolate con canela embajador 10 und/paq,General,Despensa
chocolate con caramelo milka 100gr,General,Despensa
Chocolate Con Crema De Cacao Y Avellanas Sin Azucar Torras 200 Gr,General,Despensa
chocolate con leche alpina milka 100gr,General,Despensa
chocolate con leche en barra xl hershey's 4.4 onz,General,Despensa
chocolate con leche hershey's 3.6 onz; 8 und/paq,General,Despensa
Chocolate Con Leche Parmalat 330 Ml,General,Despensa
chocolate con leche y almendras lily's sweets 3 onz,General,Despensa
chocolate con leche y avellanas lindt 4.4 onz,General,Despensa
chocolate con mani m&m's 5.3 onz,General,Despensa
chocolate con nueces milka 100gr,General,Despensa
chocolate cookies 'n' creme hershey's 4 und/paq,General,Despensa
chocolate crachi funda cortes 24 und/paq,General,Despensa
chocolate dark milky 51% cacaoteca 50gr,General,Despensa
chocolate en barra reese's cups 1.5 onz,General,Despensa
chocolate en polvo cola cao 0% azucar 325g,General,Despensa
chocolate en polvo sabor caramelo salado mokate 10 und/paq,General,Despensa
chocolate ferrero hanuta waffer t2,General,Despensa
chocolate ferrero kinder joy t1,General,Despensa
chocolate huesitos valor 6 und/paq,General,Despensa
chocolate kisses cookies and creme hershey's 2.7 onz,General,Despensa
chocolate kisses hershey's 1.55 onz,General,Despensa
chocolate kisses singles hershey's 2.5 onz,General,Despensa
chocolate milka happy cow 100gr,General,Despensa
chocolate mini snickers 9.7 onz,General,Despensa
chocolate minis de waffle cortes 3.5oz,General,Despensa
chocolate molido embajador 200gr.,General,Despensa
chocolate munne 30 und/paq,General,Despensa
chocolate negro 70% cacao con sal y caramelo valor 100gr,General,Despensa
chocolate negro 70% ritter sport 100gr.,General,Despensa
chocolate negro 85% lindt 3.5 onz,General,Despensa
chocolate negro con fresas sin azucar torras 75gr,General,Frutas y Vegetales
chocolate negro con naranja sin azucar torras 125gr,General,Despensa
chocolate negro en polvo swiss miss 8 sobres,General,Despensa
chocolate negro intenso a la taza valor cao 400gr,General,Despensa
chocolate negro para fundir sin azucar torras 200gr,General,Despensa
chocolate nutissimo hamlet 150gr,General,Despensa
chocolate oscuro almendras enteras ritter 100gr,General,Despensa
chocolate postre puro valor 200gr,General,Despensa
chocolate puro sin azucar valor 100gr,General,Despensa
chocolate puro sin azucar valor 200gr,General,Despensa
chocolate sin azucar valor cao 200gr,General,Despensa
chocolate snack lakanto almendras cubiertas 4oz,General,Despensa
chocolate snack lakanto peanut butter cups 3.17oz,General,Despensa
chocolate tiny pillow toblerone 200gr,General,Despensa
chocolate valor cao 250gr,General,Despensa
chocolate valor taza 300gr,General,Despensa
chocolates kisses monster hershey's 10 onz,General,Despensa
Chocorica Sin Lactosa 200 Ml,General,General
cholocate con leche hershey's kisses 2.24 onz,General,General
chorizo aperitivo ahumado naveda,General,Carnes y Mariscos
Chorizo Artisan Con Vino Bussetto 7 Onz,General,Carnes y Mariscos
Chorizo Asturiano Naveda 3 Und/Paq,General,Carnes y Mariscos
Chorizo Bbq Master Grill 400 Gr,General,Carnes y Mariscos
Chorizo Cantimpalo Citterio Lb,General,Carnes y Mariscos
chorizo casero el cid,General,Carnes y Mariscos
Chorizo ElPozo 500 Gr,General,Carnes y Mariscos
chorizo elpozo 500gr,General,Carnes y Mariscos
chorizo extra campofrio 80gr,General,Carnes y Mariscos
chorizo extra vela palacios 100gr,General,Carnes y Mariscos
chorizo granulado quijote 9.5 onz,General,Carnes y Mariscos
Chorizo Iberico Loncheado ElPozo 75 Gr,General,Carnes y Mariscos
chorizo iberico palacios 250gr,General,Carnes y Mariscos
chorizo johnsonville 19.76oz,General,Carnes y Mariscos
chorizo loncheado elpozo 80gr,General,Carnes y Mariscos
Chorizo Loncheado Líder 80 g,General,Carnes y Mariscos
Chorizo Nobleza Extra ElPozo; Lb,General,Carnes y Mariscos
Chorizo Noreña El Cid 4 Und/Paq,General,Carnes y Mariscos
Chorizo Parrillero El Criollo 450 Gr,General,Carnes y Mariscos
Chorizo Sabrosso Palacios 200 Gr,General,Carnes y Mariscos
Chorizo Sarta Dulce ElPozo 200 Gr,General,Carnes y Mariscos
Chorizo Sarta Dulce Palacios 225 Gr,General,Carnes y Mariscos
chorizo sarta extra picante elpozo 200gr,General,Carnes y Mariscos
Chorizo Sarta Picante ElPozo 200 Gr,General,Carnes y Mariscos
chorizo sarta picante palacios 225gr,General,Carnes y Mariscos
chorizo superior quijote 5.75 onz,General,Carnes y Mariscos
chorizo vela rebanado don pedro 4 onz,General,Carnes y Mariscos
Chorizo y Salami Extra Líder Pack 2x40 g,General,Carnes y Mariscos
Chorizo y Salchichón Extra Líder Pack 2x40 g,General,Carnes y Mariscos
Chorizon De Lomo El Cid; Lb,General,Limpieza
chorizon de lomo rebanado el cid 6 onz,General,Limpieza
Chuleta de Cordero Frenched 16-22 Pasture Fresh; Lb (Peso Aprox 3 Lb),General,General
Chuleta Fresca De Cerdo Empacada; Lb (Peso Aprox. 1.5 Libra),General,General
Chuleta Fresca De Cerdo; Lb,General,General
Chuleta Fresca de Ternera; Lb (Peso Aprox. 1.5 Libra),General,General
Churrasco Criollo; Lb (Peso Aprox. 1 Libra),General,General
Churrasco De Cerdo Empacado; Lb (Peso Aprox. 1.5 Libras),General,General
churrasco de cerdo; lb (peso aprox. 1.5libra),General,General
Churros Rectos Congelados Maheso 500 Gr,General,General
Cielito Lindo Pequeño,General,General
Cilantrico Inahnsa Paq. (Peso Aprox. 0.18 Libras Por Paquete),General,General
Cilantro Ancho Inahnsa Paq. (Peso Aprox. 0.18 Libra Por Paquete),General,General
Cilantro Hidroponico;Und,General,General
ciruela con semilla ligo 8oz,General,General
Ciruela Negra; Lb  (Aprox. 3-5 unidades Por Libra),General,General
Ciruela Roja; Lb  (Aprox. 3-5 unidades Por Libra),General,General
ciruela sin semilla food club 18 onz,General,General
ciruela sin semilla lider 8 onz,General,General
ciruelas lider 10 onz,General,General
ciruelas sin semillas setton 12 onz,General,General
Clara De Huevo Pasteurizada Don Papito 400 Gr,General,General
Claras de Huevo Líquidas Egg Beaters 16 oz,General,General
Clementinas Importada; Lb (Aprox. 3-5 Unidades Por Libra),General,Frutas y Vegetales
clips para fundas de pan,General,General
club soda cool heaven 500ml,General,Bebidas
club soda fever tree 4 und/paq 200ml,General,Bebidas
Cochinita Pibil Andale 1 Lb,General,General
coco al horno con guayaba banchetto und,General,General
Coco De Agua; Und,General,Bebidas
Coco Rallado En Almíbar Ancel 17 Onz,General,General
coco rallado eva 250gr,General,General
Coco Seco; Und,General,General
cocoa amarga munne 16 onz,General,General
cocoa amarga sobrino pouch 160g,General,General
cocoa dulce munne 1lb,General,General
cocoa dulce munne 2lb,General,General
cocoa en polvo 0% azucar sobrino 160gr.,General,General
cocoa en polvo dulce munne 0.5lb,General,General
cocoa en polvo lider 16oz,General,General
cocoa natural hershey's 8 onz,General,General
cocoa sobrino 16 onz,General,General
cocoa sobrino 2lb,General,General
cocoa sobrino 320gr,General,General
coctel chili mango buzzballz 200ml,General,General
coctel chocolate tease 200ml buzzballz,General,Despensa
Coctel Cosmopolitan Master Of Mixes 1 Lt,General,General
Coctel De Frutas En Almibar Libby'S 30 Onz,General,General
Coctel De Frutas En Almibar Líder 29 Onz,General,General
coctel espresso martini buzzballz 200ml,General,General
Cóctel Frutas Líder 4Pk 113 Oz,General,General
coctel lotta colada buzzballz 200ml,General,General
coctel mojito master of mixes 1lt,General,General
coctel opera prima bellini lata 330ml,General,General
coctel opera prima mimosa lata 330ml,General,General
Coctel Strawberry Daiquiri Margarita Master Of Mixes 1 Lt,General,General
coctel strawberry rita buzzballz 200ml,General,General
Coctel Sweet And Sour Master Of Mixes 1Lt,General,General
coctelera acrilica,General,General
coctelera de acero inoxidable 550ml.,General,General
codillo de jamon asado 7 hermanos 750gr,General,General
Codillos De Jamón Curado ElPozo 1 Kg,General,General
Codorniz Criolla; Lb,General,General
Col De Bruselas Paq. (Aprox. 5-6 Unidades Por Libra),General,General
cola cao original 390gr,General,General
colado heinz 6 pack surtido 113gr,General,General
colador para fregadero esfrebom,General,General
colageno hidrolizado en polvo bio eva 150gr,General,General
colageno para contorno de ojos delia efecto 15ml,General,General
Coles de Bruselas Emborg 900 Gr.,General,General
Coliflor Congelada Lider 450 gr,General,Frutas y Vegetales
Coliflor Congelado Food Club 16 Onz,General,Frutas y Vegetales
Coliflor Constanza; Lb (Peso Aprox. 2 Libra),General,Frutas y Vegetales
Colonia Antimosquito Para Bebé Bambino 4 Onz,General,Cuidado Personal
Colonia Para Bebe Chichi 16 Onz,General,Cuidado Personal
Colonia Para Bebe Johnson'S Baby Sonrisas 100 Ml,General,Cuidado Personal
Colonia Para Bebe Johnson'S Baby Sonrisas 200 Ml,General,Cuidado Personal
colorante alimentario carmencita 65gr,General,General
Colorante Vegetal Food Club 4 Und/ Paq,General,General
combo cuberteria plastica simply done 192 und/paq,General,General
combo cuberteria plateada simply done 24 und/paq,General,General
combo de cuberteria desechable transparente simply done 24 und/paq,General,General
combo tradicional premium habichuela con dulce,General,General
Compango Naveda 3 Und/Paq,General,General
compota de banana heinz 113gr,General,General
compota de banana heinz 170gr,General,General
compota de banana lider 113gr.,General,General
compota de banana rica 113gr,General,General
compota de banana y melocoton organica tippy toes 3.5 onz,General,General
compota de banana y pera hero baby 115gr,General,General
compota de bananas tippy toes 2 und/paq 4 onz,General,General
compota de calabaza manzana y pera tippy toes 2 und/paq 4 onz,General,General
compota de ciruela pasa heinz 113gr,General,General
compota de ciruela vivo 120gr,General,General
compota de durazno lider 113gr,General,General
compota de frambuesa y cranberry vivo 120gr,General,General
compota de fruta mixta heinz 170gr,General,General
compota de frutas criollas heinz 113gr,General,General
compota de frutas mixtas heinz 113gr,General,General
compota de frutas mixtas lider 113gr.,General,General
compota de frutas rica 113gr,General,General
compota de frutas tropicales heinz 113gr,General,General
compota de frutas tropicales heinz 170gr,General,General
compota de guayaba heinz 113gr,General,General
compota de inicio pollo con arroz nutriben 130gr,General,Carnes y Mariscos
compota de mango heinz 113gr,General,General
compota de mango y chinola vivo 120gr,General,General
compota de manzana 100% fruta heinz 105gr,General,General
compota de manzana banana y fresa tippy toes 2 und/paq 4 onz,General,General
compota de manzana clasica food club 4 onz; 6 und/paq,General,General
compota de manzana heinz 113gr,General,General
compota de manzana heinz 170gr,General,General
compota de manzana hero baby 115gr,General,General
compota de manzana lider 113gr.,General,General
compota de manzana organica tippy toes 3.5 onz,General,General
compota de manzana rica 113gr,General,General
compota de manzana sin azucar food club 4 onz; 6 und/paq,General,General
compota de manzana y mezcla de berries food club 4 onz; 6 und/paq,General,General
compota de manzana; espinaca y zucchini tippy toes 3.5 onz,General,General
compota de melocoton heinz 113gr,General,General
compota de melocoton rica 113gr,General,General
compota de pavo con verduras hero 235gr,General,General
compota de pera 100% fruta heinz 105gr,General,General
compota de pera heinz 113gr,General,General
compota de pera heinz 170gr,General,General
compota de pera lider 113gr.,General,General
compota de pera rica 113gr,General,General
compota de pollo con arroz nutriben 120gr,General,Carnes y Mariscos
compota de pollo con guisantes y zanahorias nutriben,General,Carnes y Mariscos
compota de postre de frutas 100% heinz 105gr,General,General
compota de postre de frutas heinz 113gr,General,General
compota de postre de frutas heinz 170gr,General,General
compota de ternera con zanahorias hero 250gr,General,General
compota de ternera; judias verdes y zanahorias nutriben potitos 235gr,General,General
compota de verduras a la crema gerber 190gr; 2 und/paq,General,General
compota de yogurt sabor banana y fresa hero mi merienda 100gr,General,Lácteos
compota de zanahoria tippy toes 2 und/paq 4 onz,General,General
compota de zanahoria y naranja heinz 113gr,General,General
compota frutas hero 100gr,General,General
compota manzana y banana hero 100gr,General,General
compota manzana; naranja y guineo con galletas nutriben,General,Despensa
compota mix de vegetales tippy toes 2 und/paq 4 onz,General,General
compota multifrutas y galletas hero baby 100gr,General,Despensa
compota organica banana y mango loco bebe 113gr,General,General
compota sabor 4 frutas hero 115gr,General,General
compota sabor coctel de frutas heinz 113gr,General,General
compota sabor manzana; blueberries y avena tippy toes 3.5 onz,General,General
compota sabor manzana; blueberries y espinaca tippy toes 3.5 onz,General,General
compota sabor manzana; naranja y zanahoria vivo 120gr,General,General
compota sabor manzana; pera y espinaca vivo 120gr,General,General
Concentrado De Almendra Cristal 12 Onz,General,General
Concentrado De Frambuesa Oriente 12 Onz,General,General
conchiglie rigate no. 42 rummo 500gr,General,General
Concón De Leche Jomisardys Grande,General,General
Concón De Leche Rodriguez 9 Onz,General,General
Conconete Jomisardys,General,General
Conconete Rodriguez,General,General
Condensada Azucarada Nestle Lata 180g,General,General
Condensada Azucarada Nestle Lata 395g,General,General
condimento en polvo sabor sustituto de tocino 2oz fc,General,General
conector electrico individual para fragancias glade en aceite,General,General
confetti sweet treat over the top 2.60oz,General,General
Confit De Muslo De Pato Martiko 320 G,General,General
conserva condimento miyata jengibre sushi 6.7oz,General,General
Contenedor Cuadrado Mediano 34 Onz Simply Done 4 Und/Paq,General,General
Contenedor de Plástico Mini Twist Simply Done 3 Onz 6 Und/Paq,General,General
Contenedor Refractario de Vidrio Con Tapa 1350 ml,General,General
Contenedor Refractario de Vidrio Con Tapa 640 ml,General,General
Contenedor Refractario de Vidrio Con Tapa 950 ml,General,General
Contenedor Vidrio Cuadrado Tapa Azul 800ml 6x6x3,General,General
Contenedor Vidrio Redondo Tapa Azul 400ml 5x2,General,General
Contenedores Familia Exhibición SDone Rojo 24 uds,General,General
contorno de ojos defensa total l’oreal,General,General
contorno ojos vitamina c delia antifatiga iluminador 15ml,General,General
contorno para ojos delia retinol anti-envejecimiento 15ml,General,General
Cookie Butter Original Lotus Biscoff 13.4 Onz,General,General
copa para vino desechables lemon 6 onz 12 und/paq,General,General
Copa Slice Beretta 4 Onz,General,General
copos de avena organica sin gluten bob's 16 onz,General,General
Corazon De Apio Paq. (Aprox. 2 unidades),General,Frutas y Vegetales
Corazon De Apio Paq. (Peso Aprox. 1 Libra Por Paquete),General,Frutas y Vegetales
Corazon De Romana Importada Paq. (Aprox. 3 Unidades Por Paquete),General,General
corona con varita rosada,General,General
cortador de galletas darling en metal con 6 unidades en forma de flores de diversos tamanos.,General,Despensa
cortador de galletas so many en metal con 6 unidades en forma redonda de diversos tamanos.,General,Despensa
cortador de pastillas top care 1 und,General,General
cortadores para galletas,General,Despensa
Cortauñas Con Lima Para Pies Top Care,General,Frutas y Vegetales
Cortauñas Deluxe Con Lima Top Care,General,Frutas y Vegetales
Costilla Ahumada De Cerdo Empacada; Lb (Peso Aprox. 2 Libra),General,General
Costilla Ahumada De Cerdo; Lb,General,General
Costillas De Cerdo Baby Back Criolla; Lb,General,General
Costillas De Cerdo Deshuesadas Empacadas; Lb (Peso Aprox. 1.5 Libra),General,General
Costillas De Cerdo Deshuesadas; Lb,General,General
Costillas De Cerdo En Salsa Bbq Food Club 32 Onz,General,General
Costillas De Cerdo Tipo St. Louis Al Bbq,General,General
Costillas De Cerdo; Lb (Peso Aproximado 2 Lb),General,General
Costillas De Cerdo; Lb Empacada,General,General
Costillas de Cordero Pasture Fresh; Lb,General,General
Costillas Deshuesadas Hugo Pork; Lb,General,General
Couscous Pre Cocido Roland 17.5 Onz,General,General
Couscous Tradicional Israeli Roland 21.16 Onz,General,General
Couscous Tricolor Israeli Roland 21.16 Onz,General,General
cranberries congelados food club 12 onz,General,General
cranberries deshidratadas oceanspray 6 onz,General,General
cranberries deshidratadas setton 10 onz,General,General
cranberries eloy's 10 onz,General,General
Cranberries Importados Ocean Spray 12 Onz.,General,General
Cranberries Líder 10 Oz,General,General
cranberries lider 10oz,General,General
cranberries y granada secos ocean spray 6oz,General,General
cranberry deshidratada con cereza oceanspray 6 onz,General,General
cream cheese cheeson 200gr,General,General
Cream Cheese Con Ajo Sin Lactosa Arla 200 Gr,General,General
Cream Cheese con Cebolla y Puerro Arla 200 Gr,General,General
Cream Cheese De Cabra President 125 Gr,General,General
Cream Cheese En Barra Organic Valley 8 Onz,General,General
Cream Cheese Light Arla 200 Gr,General,General
Cream Cheese Natural Arla 200 Gr,General,General
cream cheese natural light arla 150gr,General,General
cream cheese natural sin lactosa arla 200gr,General,General
cream cheese neufchatel 1/3 menos grasa food club 8 onz,General,General
cream cheese original en barra food club 8 onz,General,General
Cream Cheese Original Sin Lactosa Daiya 8 Onz,General,General
cream cheese queso azul cheeson 200g,General,General
cream cheese sabor pina arla 200gr,General,General
cream cheese sin lactosa cheeson 200g,General,General
cream cheese sosua tarro 8 onz,General,General
Creamer Avena Chai Spice Elmhurst 16 Onz,General,General
creamer de cajuil sin azucar elmhurst 25.4oz,General,General
Crema  Para Montar Asturiana 1 Lt,General,General
Crema Alisadora Super Tcb 15 Oz,General,General
Crema Antes De Dormir Johnson'S Baby 200 Ml,General,General
Crema Antes De Dormir Johnson'S Baby 400 Ml,General,General
Crema Anti Ojeras Nivea Cellular Luminous 15 Ml,General,General
Crema Antimanchas De Dia Nivea Cellular Luminous 40 Ml,General,General
Crema Batida De Coco Nature'S Charm 15 Oz,General,General
Crema Batida En Aerosol Food Club 6.5 Onz,General,General
Crema Batida Original Extra Creamy Reddi Whip 6.5 Onz,General,General
Crema Batida Original Food Club 13 Onz,General,General
Crema Batida Original President 250 Gr,General,General
Crema Batida Original President 500 Gr,General,General
Crema Batida Original Reddi Wip 6.5 Onz,General,General
Crema Batida Sin Grasa Reddi Whip 7 Onz,General,General
crema cafe almendra vainilla califia 25.4oz,General,General
Crema Catalana Pastoret 150 Gr,General,General
Crema Cheddar Reny Picot 125 Gr,General,General
Crema Contra Rozaduras 1-2-3 Mustela 50 Ml,General,General
Crema Creme Fraiche Devon 170 Gr,General,General
Crema Cuidado CeraVe Baby Eczema Soothing 5 OZ,General,General
Crema Curativa Para Pañalitis Cerave Baby 3 Onz,General,Cuidado Personal
Crema De Almendra Y Coco Sabor Avellanas Sin Lactosa Nutpods 11.2 Onz,General,General
Crema De Almendras Y Coco Original Sin Lactosa Nutpods 11.2 Onz,General,Despensa
crema de arroz cream of rice 14 onz,General,General
Crema De Avellana Con Pretzels Nutella 1.9 Onz,General,General
Crema de Avellana Líder 400 Gr.,General,General
Crema De Avellana Líder 750 Gr,General,General
Crema De Avellana Nutella  0.52 Onz,General,General
Crema De Avellana Nutella 26.5 Onz,General,General
Crema De Avellanas Food Club 26.5 Onz,General,General
Crema De Avellanas Pirulin 280 Gr,General,General
Crema De Avellanas Untable Nutella & Go 1.8 Onz,General,General
Crema De Avellanas Y Cocoa Organica Sin Lactosa Nocciolata 9.52 Onz,General,General
Crema De Base Vegetal  Sabor Coffee Cake Nutpods 25.4 Onz,General,General
Crema De Base Vegetal Nutpods 25.4 Onz,General,General
Crema De Base Vegetal Sabor Vainilla Sin Azúcar Nutpods 25.4 Onz,General,General
Crema De Galleta Speculoos Vermeiren 400 Gr.,General,Despensa
Crema De Hongos 98% Fat Free Campbell'S 10.5 Onz,General,General
crema de maiz dulce libby's 15 onz,General,General
crema de maiz food club 14.75 onz,General,General
crema de maiz la famosa 8oz,General,General
Crema De Marshmallow Food Club 7 Onz,General,General
crema de peinar colageno nutre y revitaliza pantene 300ml,General,General
crema de peinar para ninos adios frizzy deya kids 8 onz,General,General
Crema de Peinar Para Niños Aloe Vera Becense 300 Ml,General,General
crema de peinar para ninos lavanda becense 300ml,General,General
crema de peinar para ninos manzanilla becense 300ml,General,Despensa
Crema de Pistacho Líder 190 g,General,General
Crema De Pollo 98% Fat Free Campbell'S 10.5 Onz,General,General
Crema De Queso Curado Garcia Baquero 125 Gr,General,General
crema de queso semi curado garcia baquero 125gr,General,General
Crema De Rabano Picante Inglehoffer 9.5 Onz,General,General
crema de trigo cream of wheat original 28 onz,General,General
crema de trigo el negrito 8 onz,General,General
crema de trigo maple y nuez cream of wheat 2.29 onz,General,General
crema de trigo sabor manzana y nueces cream of wheat 2.29 onz.,General,Despensa
Crema Depiladora Con Aloe Y Lanolin Nair 9 Onz,General,General
Crema Depiladora Piel Sensible Nair,General,General
Crema Depilatoria Byly 130 Ml,General,General
Crema Emmental Reny Picot  125 Gr,General,General
Crema Espumosa Para el Acne Cerave 5 Onz,General,General
Crema Hidratante Aceite de Argán Becense 490 Ml,General,General
Crema Hidratante Aceite de Uva Becense 490 Ml,General,General
crema hidratante age perfect l'oreal 1.7 onz,General,General
Crema Hidratante Almendra y Karité Becense 490 Ml,General,General
Crema Hidratante Colágeno y Vitamina E Becense 490 Ml,General,General
crema hidratante con acido hialuronico l' oreal 1.7 onz,General,General
crema hidratante con retinol y niacinamide l'oreal 1.7 onz,General,General
crema hidratante corporal tc 12oz,General,General
crema hidratante face fact 50ml,General,General
Crema Hidratante Para Bebe Mustela 300 Ml,General,General
Crema Hidratante Para El Cuerpo Cerave 8 Onz,General,General
crema hidratante para piel seca nivea 400ml,General,General
Crema Hidratante Pump Cerave 16 Onz,General,General
Crema Hidratante Rosa Mosqueta Becense 490 Ml,General,General
crema humectante con karite para pies dr teals 8 onz,General,General
Crema Humectante Diaria Lubriderm 750 Ml,General,General
crema humectante fres pies 4 onz,General,General
crema humectante para diabeticos goicoechea diabet tx 400ml,General,General
Crema Latte de Pistacho Elmhurst 25.4 Onz,General,General
Crema Lide Galleta Chocolate Oscuro 350g,General,Despensa
Crema Lider Avellana Con Leche 350g,General,General
Crema Lider Coco Rallado Untable 200g,General,General
Crema Lider Coco Rallado y Almendras 200g,General,Despensa
crema limpiadora facial revitalift l'oreal 5 onz,General,Limpieza
Crema Liquida Original Johnson'S Baby 100 Ml,General,General
Crema Liquida Original Johnson'S Baby 200 Ml,General,General
Crema Liquida Original Johnson'S Baby 400 Ml,General,General
Crema Líquida Para Café French Vanilla Coffee Mate 300 Ml,General,General
Crema Líquida Para Café Hazelnut Coffee Mate 16 Onz,General,General
Crema Líquida Para Café Original Coffee Mate 300 Ml,General,General
Crema Liquida Para Café Sabor Avellanas International Delight 32 Onz,General,General
Crema Liquida Para Cafe Sabor Vainilla Francesa International Delight 24 Und,General,General
crema manos palmer's coco hydrate 3.4oz,General,General
crema nutpods gingerbread latte 11.2oz,General,General
crema nutricion esencial dove 400ml,General,General
crema nutritiva para el cuerpo nivea 400ml,General,General
Crema Para Bebes Desitin 2 Onz,General,General
Crema Para Cabello Rizo Afro Love Halka 10 Onz,General,General
Crema Para Café Caramel Latte Coffee Mate 15 Oz,General,General
Crema Para Café Coffee Mate Original  11 Onz.,General,General
Crema Para Cafe Cremora 22 Onz,General,General
Crema Para Cafe De Almendras Y Coco Sabor Vainilla Francesa Sin Lactosa Nutpods 11.2 Onz,General,Despensa
Crema Para Cafe De Avena Sabor Vainilla Sin Azúcar Nutpods 11.2 Onz,General,General
Crema para Café Dulce Chobani 24 Onz,General,General
Crema Para Cafe Food Club 11 Onz,General,General
Crema Para Café French Vainilla Coffee Mate 15 Onz,General,General
Crema Para Café Half & Half Food Club 15.9 Onz,General,General
Crema Para Café Hazelnut Coffee Mate 15 Oz,General,General
Crema para Café Holiday Spices Califia Farms 25.4 oz,General,General
Crema Para Café Lite Mokate 400 Gr,General,General
Crema Para Café Peppermint Mocha FC 15 oz,General,General
Crema Para Café Sabor A Caramelo International Delight 32 Oz,General,General
Crema Para Café Sabor A Caramelo Sín Azúcar Nuts Pods 11.2 Onz,General,General
Crema para Café Sabor Vainilla Chobani 24 Onz,General,General
Crema Para Cafe Sabor Vainilla Food Club 10.2 Onz,General,General
Crema Para Cafe Sin Azucar De Avena Elmhurst 16 Onz,General,General
Crema Para Cafe Sin Lactosa Con Sabor A Vainilla Califia 32 Onz,General,General
Crema Para Cafe Sin Lactosa Sabor Pistacho Elmhurst 16 Onz,General,General
Crema Para Cafe Sin Lactosa Sabor Vainilla Francesa Elmhurst 16 Onz,General,General
Crema Para Cafe Sin Lactosa Y Sin Azucar Better Half Califia 16 Onz,General,General
Crema Para Café Tsmart 22 Onz,General,General
Crema para Café Vainilla Food Club 15 oz,General,General
Crema Para El Cafe Caramel Macchiato Elmhurst 16 Onz,General,General
Crema Para Pañal Bebe Desitin 4 Onz,General,Cuidado Personal
Crema Para Pañalitis Con Vitaminas A&D Tippy Toes 4 Onz,General,Cuidado Personal
crema para peinar coco milagroso becense 300ml,General,General
Crema Para Peinar Con Antioxidante Sedal Keratina 300 Ml,General,General
Crema Para Peinar Hidratación y Movimiento  Becense 300 Ml,General,General
crema para peinar johnson's baby 200ml,General,General
crema para peinar liso irresistible becense 300ml,General,General
crema para peinar reparacion completa becense 300ml,General,General
Crema Para Peinar Rizos Poderosos Becense 300 Ml,General,General
Crema Pies Anti-Agrietamiento Delia Reparación Talones 250 ml,General,General
Crema Postre SoDelicious Batida Coco 9 OZ,General,General
Crema Protectora De Pañal Balsamin Max 60 Gr,General,Cuidado Personal
Crema Queso Azul Reny Picot  125 Gr,General,General
Crema Queso Cabra Reny Picot  125 Gr,General,General
crema reafirmante pro-retinol l'oreal 1.7 onz,General,General
Crema Reparadora De Noche Nivea Cellular 630 50 Ml,General,General
crema reparadora face fact 30ml,General,General
Crema Reparadora Para Ojos Cerave 0.5 Onz,General,General
crema sa cerave 16 onz,General,General
crema terapeutica reparadora de manos cerave 3 onz,General,General
crema ultra humectante jergens 3oz,General,General
Cremador De Cáfe Caramel Macchiato Sin Azúcar International Delight 32 Onz.,General,General
Cremador De Cáfe French Vainilla Sin Azúcar International Delight 32 Onz.,General,General
crocantinis de pollo; lb (peso aprox. 1.5libras),General,Carnes y Mariscos
Croissant Mini Toufayan 12.3 Onz,General,General
Croissant Sencillo La Panera 10 Und/Paq,General,General
Croissants Natural Blumetti 9 Und/Paq 450 Gr,General,General
Croquetas Caseras De Bacalao Maheso 500 Gr,General,General
Croquetas Caseras De Pollo Maheso 500 Gr,General,Carnes y Mariscos
croquetas de jamon iberico maheso 400gr,General,General
Croquetas De Pollo Ellos Comen 6 Und/Paq 16 Onz.,General,Carnes y Mariscos
Croutones Organicos Para Ensalada Cesar Full Circle 5 Onz,General,Mascotas
Croutones Para Ensalada Cesar Food Club 5 Onz,General,Mascotas
croutones para ensalada sabor ajo y mantequilla food club 5 onz,General,General
croutones sabor ajo y queso food club 5 onz,General,General
croutones sazonados para ensalada food club 5 onz,General,General
cuadritos de chocolate con caramelo sin azucar russell stover 3 onz,General,Despensa
cubo de chocolates ritter 176gr,General,Despensa
cuchara para postre de acero inoxidable 4pza,General,General
cucharas de madera juego de 2,General,General
cucharas plasticas termo envases 25 und/paq,General,General
cucharas plasticas termopac 25 und/paq,General,Limpieza
cucharas plasticas transparentes simply done 24 und/paq,General,General
cucharon para sopa ilko design nailon,General,Bebidas
cuisinart barware descorchador de alas,General,General
cuisinart barware dispensador de vino,General,General
cuisinart cocktail colador de bebidas,General,General
cuisinart cocktail destapador,General,General
cuisinart curve abridor de latas,General,General
cuisinart curve brocha,General,General
cuisinart curve cuchara calada,General,General
cuisinart curve cuchara de pasta,General,General
cuisinart curve cucharon,General,General
cuisinart curve espatula calada,General,General
cuisinart curve espumadera,General,General
cuisinart curve majador,General,General
cuisinart descorchador one step,General,General
cuisinart pinza kitchen,General,General
cuisinart pinzas de silicon kitchen,General,General
Cup Cake De Chocolate La Panera 6 Und/Paq,General,Despensa
Cup Cake De Maiz La Panera 6 Und/Paq,General,General
Cup Cake De Vainilla Con Chispas Sweet P'S 10 Onz,General,General
Cup Cakes De Chocolate Rellenos De Crema Hostess 3.17 Onz,General,Despensa
Cup Cakes De Vainilla La Panera 6 Und/Paq,General,General
Cupcakes De Unicornio Sweet P'S,General,General
Cupcakes Tematica Independencia Chocolate 6/1,General,Despensa
Cúrcuma; Lb (Aprox. 5-7 unidades Por Libra),General,Despensa
Dados De Salmon Ahumado Congelado Royal 120 Gr,General,Carnes y Mariscos
daiquiri fresa bamboo 350ml,General,General
datiles deshidratados eloys 8 onz,General,General
Dátiles Medjool; Lb (Aprox. 17-18 Unidades Por Libra),General,General
Dátiles Sin Semilla Setton 14 Onz,General,General
Dátiles Sin Semillas Líder 12 Onz,General,General
Deditos De Pollo Maheso 300 Gr,General,Carnes y Mariscos
deditos naturales gri-gri 200g,General,General
delicia de pollo frescan vital 16 onz,General,Carnes y Mariscos
Delicias de Frutas Artsa Deliciel 4 Unidades,General,General
desengrasante de cocina casa lider 1.5l,General,Limpieza
desengrasante de cocina casa lider 750ml,General,Limpieza
desengrasante liquido a.b. 0.5gl,General,Limpieza
desengrasante liquido a.b. 1gl,General,Limpieza
desengrasante liquido a.b. 32 onz,General,Limpieza
desengrasante liquido cruz verde 630ml,General,Limpieza
desgrasante optmus crossco 22 onz,General,General
Deshumidificador Brisa Marina 220 g Casa Líder,General,General
Deshumidificador en Cubo Reutilizable Lavanda 350 g Casa Líder,General,General
Deshumidificador Lavanda 220 g Casa Líder,General,General
Desinfectante Antibacterial Fragancia Fresca Caricia Casa Líder 1 Gl,General,Limpieza
Desinfectante Antibacterial Para Pisos Casa Líder 1 Gl,General,Limpieza
Desinfectante Citronella y Eucalipto 2 L Casa Líder,General,Limpieza
desinfectante con bicarbonato 2l casa lider,General,Limpieza
Desinfectante En Aerosol Fragancia Fresh Air Beep 18 Onz,General,Limpieza
Desinfectante En Aerosol Fragancia Island Breeze Beep 18 Onz,General,Limpieza
Desinfectante Fragancia Bebe Casa Líder 1 Gl,General,Limpieza
Desinfectante Fragancia Floral Casa Líder 1 Gl,General,Limpieza
Desinfectante Fragancia Lavanda Casa Líder 1 Gl,General,Limpieza
Desinfectante Fragancia Manzana Y Canela Casa Líder 1 Gl,General,Limpieza
Desinfectante Fragancia Pino Casa Líder 1 Gl,General,Limpieza
Desinfectante Fragancia Pino Polo Norte Casa Líder 2 Lt.,General,Limpieza
Desinfectante Para Alimentos Purimax 300 Ml,General,General
Desinfectante Para Superficies Y Alimentos Purimax 120 Ml,General,General
desmanchador de ropa color blancox 2000ml,General,General
Destapacaño Para Fregadero Plástico Esfrebom,General,General
difusor aromatico blossom garden 100ml casa lider,General,General
difusor aromatico citrus spice 100ml casa lider,General,General
difusor aromatico golden blush 100ml casa lider,General,General
difusor aromatico ocean breeze 100ml casa lider,General,General
difusor hogar casaroma mikado citronela 50ml,General,General
Difusor Mikado Flor de Algodón Casa De Los Aromas 65 Ml,General,General
Dilmoor Bitter 75 Cl,General,General
dino dragon spray flying koome,General,General
Dino Nuggets de Pollo Tyson 566 g,General,General
dip cebollin creamy herr´s 15 onz.,General,General
Dip De Chorizo Con Pita Chips,General,Carnes y Mariscos
Dip De Pollo Con Pita Chips,General,Carnes y Mariscos
Dip De Puerro Con Pita Chips,General,Despensa
dip de queso medium cravn 15oz,General,General
dip espinaca creamy herr´s 15 onz.,General,Frutas y Vegetales
Dip French Onion Food Club 16 Onz,General,General
Dip Griego Tzatziki Full Circle 8 Onz,General,General
dip guacamole creamy herr´s 15 onz.,General,General
dispensador de agua paws,General,Bebidas
Doble Crema Inglesa Devon 170 Gr,General,General
Dobo De Res Empacado; Lb (Peso Aprox. 1.5 Libra),General,General
dobo de res; lb (peso aprox. 1libra),General,General
Dominó Spin Cardinal Classic,General,General
Donas De Canela Sin Gluten Katz 10.5 Onz 6 Und/Paq,General,General
Donas De Chocolate Glaseada Sin Gluten Katz 10.5 Onz,General,Despensa
Donas Glaseadas Sin Gluten Katz 14 Oz,General,General
Donettes De Chocolate Hostess 6 Und/Paq,General,Despensa
Donettes Hostess 6 Und/Paq,General,General
Donuts Pascua Revestidas Caja 6 Unidades,General,General
Donuts Revestidas Mixtas 6 Und/Paq,General,General
Dorada Fresca Criolla; Lb (Peso Aprox. 1.5 Libra),General,General
Dulce Cocada Jomisardys,General,General
Dulce Conserva Piloto Crema de Piña 8 OZ,General,General
Dulce de Ajonjolí Jomisardys 4 Onz,General,General
Dulce de Ajonjolí Rodriguez,General,General
Dulce de Café Caribbites 8 oz,General,General
Dulce de Cajuil Jomisardys,General,General
Dulce de Maní Jomisardys 4 Onz,General,Despensa
Dulce de Maní Rodriguez 3 Onz,General,Despensa
Dulce de Naranja Rodríguez,General,General
Dulce de Ron Caribbites 8 oz,General,General
Dulce Naranja Jomisardys,General,General
Dulce Repostería Rodriguez De Leche Mediano,General,General
Dulce Repostería Rodriguez Estelar 12% Azúcar,General,General
Dulce Tres en Uno Jomisardys 9 Onz,General,General
Dumpling de Cerdo Bibigo Fz 420 Gr,General,General
Dumpling Frito Bibigo Fz 450 Gr,General,General
Dumplings De Pollo Con Vegetales O' Tasty 2 Lb,General,Carnes y Mariscos
Edamame (Habas) Lider 450 gr,General,General
Edamame en Vainas Congelado Líder 450 g,General,General
edulcorante monkfruit alulosa clasico lakanto 8 onz.,General,General
edulcorante monkfruit alulosa dorado lakanto 8 onz.,General,General
Edulcorante Monkfruit Dorado Lakanto 235 Gr,General,General
Edulcorante Monkfuit Clásico Sin Azúcar Lakanto 90 Gr 30Ct,General,General
Edulcorante Monkfuit Dorado Lakanto 90 Gr 30 Ct,General,General
Edulcorante Monkfuit Sin Azúcar Lakanto 8.29 Onz,General,General
Eliminador De Manchas Y Olores De Mascotas Arm & Hammer 32 Onz,General,General
Empanada Cuatro Quesos Ketohack 4 Und/Paq,General,General
Empanada De Pollo Y Pesto Ketohack 4 Und/Paq,General,Carnes y Mariscos
Empanada De Ropavieja Y Cheddar Ketohack 4 Und/Paq,General,General
empanadas de pizza gegalian 10 und/paq,General,General
Empanadas de Pollo Gegalian 10 Und/Paq,General,Carnes y Mariscos
Empanadas de Pulled Pork Gegalian 10 Und/Paq,General,General
Empanadas De Yuca Con Res La Higueyana,General,General
Empanadas De Yuca Rellenas De Queso La Higueyana,General,General
Empanadas Especial Queso De Nosotros 10 Und/Paq,General,General
Empanaditas De Carne Pickaria 14 Und/Paq,General,General
Empanaditas de Guayaba Sin Gluten Skinny Cravings,General,General
Empanaditas De Jamon Y Queso De Nosotros 10 Und/Paq,General,General
Empanaditas De Pollo De Nosotros 10 Und/Paq,General,Carnes y Mariscos
Empanaditas De Pollo Pickaria 14 Und/Paq,General,Carnes y Mariscos
Empanaditas De Queso Pickaria 14 Und/Paq,General,General
Empanaditas De Yuca Rellenas De Pollo 14 Und/Paq,General,Carnes y Mariscos
Empanaditas De Yuca Rellenas De Pollo La Higueyana,General,Carnes y Mariscos
Empanaditas Guayaba,General,General
empanizador cocina miyata panko 7oz,General,General
encededor para cigarros eagle torch,General,General
encendedor flexible simply done,General,General
encendedor grande bic,General,General
encendedor mini de colores bic,General,General
encendedor resistente al viento simply done 1 und,General,General
encendedores simply done 2 und/paq,General,General
Encurtidos Midget Dulce Food Club 16 Onz,General,General
Endivia Belga Verde; Lb (Aprox. 2-3 Unidades Por Libra),General,General
Endulcolorante Sucralosa Líder Paq. 60 Unidades,General,General
endulzante eryhritol virgin nature 16 onz,General,Bebidas
Endulzante Liquido Diet 80 Ml,General,Despensa
Endulzante Monkfruit Clasico Lakanto 1Lb,General,Despensa
English Muffins Plain Food Club 6 Und/Paq,General,General
Enriquillo Tónica 400ml,General,General
Ensalada Baby Rucula Organica Fresh Express Paq. 5 Onz,General,General
Ensalada Capresa Pequeña,General,General
Ensalada Cesar Lucas Perez Paq. 8 Onz,General,Mascotas
ensalada de atun con galletas my gourmet 3.5 onz,General,Despensa
Ensalada De Espinaca Organica Fresh Express Paq. 5 Onz,General,Frutas y Vegetales
Ensalada De Frutas Mixtas; Lb (Peso Aprox. 1 Libra),General,General
Ensalada De Tipile,General,General
Ensalada Kale Mix Organico Paq. 5 Onz,General,Frutas y Vegetales
Ensalada Lechuga Dulce Lucas Perez Paq. 8 Onz,General,General
Ensalada Mix Espinaca Y Rúcula Paq. 5 Onz,General,Frutas y Vegetales
Ensalada Mix Hierbas Organicas Paq. 5 Onz,General,Despensa
Ensalada Organica 50/50  Paq. 5 Onz,General,General
Ensalada Salanova Lucas Perez Paq. 8 Onz,General,General
Ensalada Spring Mix Organica Paq. 5 Onz,General,General
Ensalada Sweet Baby Lettuce Organica Paq. 5 Onz,General,General
Ensaladilla Extra Congelada Maheso 400 Gr,General,General
envase desechable doble sin division termo envases 10 und/paq,General,General
envase negro grande plastico sunny pack 10 und/paq,General,General
Envase Plástico Con Tapa Simply Done 38 Onz,General,General
Envases Cuadrado Diamond  4 Und/Paq 32 Onz,General,General
Escalopines De Cerdo; Lb Empacada,General,General
Escalopines De Cerdo; Lb,General,General
Escalopines De Pavo; Lb (Peso Aprox. 1 Libra),General,General
escalopines de pollo al pesto; lb (peso aprox. 1libra),General,Carnes y Mariscos
escalopines de pollo; lb (peso aprox. 2.5libras),General,Carnes y Mariscos
Escalopines De Ternera; Lb (Peso Aprox. 1 Libra),General,General
escarchador clasico con limon tajin 120g,General,General
esparragos blanco cortos extra bajamar 6/12 190gr,General,General
esparragos cortos blancos cidacos 200gr,General,General
Esparragos Verdes Congelados Vima 450 Gr,General,General
Esparragos Verdes Lb (Aprox. 5-8 Unidades Por Libra),General,General
espatula cuisinart curve nailon,General,General
espatula de silicon,General,General
espatula de silicona 9.5,General,General
espatula plastica juego de 3,General,General
Espinaca Bebe Paq. (Peso Aprox. 1/2 Libra por Paquete),General,Frutas y Vegetales
Espinaca Bok Choy Trudeau Paq.,General,Frutas y Vegetales
Espinaca Congelada Maheso 400 Gr,General,Frutas y Vegetales
Espinaca Cortada Congelada Emborg 450 Gr.,General,Frutas y Vegetales
Espinaca Entera Congelada Emborg 450 Gr.,General,Frutas y Vegetales
Espinaca Hidroponica Paq. 8 Onz,General,Frutas y Vegetales
Espinaca Triturada Congelada Food Club 10 Onz,General,Frutas y Vegetales
espirales con queso food club 5.5 onz,General,General
Espirales Veganos Spaghetti Green Giant 10 Onz,General,Despensa
esponja con mango simply done,General,Limpieza
Esponja De Alta Resistencia Simply Done 3 Und/Paq,General,Limpieza
esponja de bano bettabanho fun,General,Limpieza
esponja de bano bettabanho relax,General,Limpieza
esponja de bano clasica cala,General,Limpieza
esponja de bano con mango de madera top care,General,Limpieza
esponja de bano top care,General,Limpieza
esponja de brillo para calzado neutro gold diamond 6ml,General,Limpieza
Esponja De Limpieza Con Almohadilla Borradora Simply Done 2 Und/Paq,General,Limpieza
Esponja de Silicona Para Cosméticos Top Crest 1 Und/Paq,General,Limpieza
Esponja Malla Bon Brill 2 Und/Paq,General,Limpieza
Esponja Multiuso Abrasiva Esfrebom,General,Limpieza
Esponja Multiuso Metálica Esfrebom,General,Limpieza
Esponja Multiuso No Raya Esfrebom  3 Und/Paq,General,Limpieza
Esponja Multiuso Plateada 3 Und/Paq,General,Limpieza
Esponja Multiusos Bon Bril 1 Unidad,General,Limpieza
Esponja Multiusos Simply Done 4 Und/Paq,General,Limpieza
Esponja Ondulada Antiviral Esfrebom 3 Und/Paq,General,Limpieza
Esponja Para Fregar Para Objetos Delicados Simply Done 3 Und/Paq,General,Limpieza
Esponja para Fregar Scrub Daddy Con Dispensador 1 Und,General,Limpieza
Esponja para Fregar Scrub Daddy Essential 1 Und,General,Limpieza
esponja para fregar scrub daddy original 1 und,General,Limpieza
esponja para fregar scrub mommy 1 und,General,Limpieza
Esponja Para Fregar Sin Rasguños Simply Done 3 Und/Paq,General,Limpieza
Esponja Pesada Esfrebom,General,Limpieza
Esponja Plateada Esfrebom,General,Limpieza
Esponja Salva Uñas Abrasiva Esfrebom,General,Limpieza
Esponja Salva Uñas Bon Brill 3 Und/Paq,General,Limpieza
Esponja Salva Uñas Esfrebom 3 Und/Paq,General,Limpieza
Esponjillas Bon Bril 6 Und/Paq,General,General
Espuma Facial Hidratante Delia Limpieza Profunda 150 ml,General,General
espuma para afeitar deep black carbon nivea 200ml,General,General
espuma para afeitar regular top care 11 onz,General,General
espuma para afeitar sensitive top care 11 onz,General,General
espuma para limpiar superficies pinespuma west 19 onz,General,General
Espumante Blanco Jp Chenet Ice Edition 1.5 Lt,General,General
Espumante Brut Calvet Celebration 75 Cl,General,General
espumante brut cruset 75 cl,General,General
espumante chardonnay black brut jp chenet divine 75 cl,General,General
espumante chardonnay ice brut dargent 75 cl,General,General
Espumante Chardonnay Original Brut Dargent 75 Cl,General,General
Espumante Charmat Brut Opera Prima 75 Cl,General,General
espumante charmat mimosa opera prima 75 cl,General,General
espumante de fresa verdi 75 cl,General,General
Espumante Dolce Rosado Cavicchioli 75 Cl,General,General
Espumante Duc Oliver Brut 75 cl,General,General
Espumante Essential Púrpura Juve Camps Reserva 75 Cl,General,General
Espumante Extra Dry Rosé Zonin 0 75 Cl,General,General
Espumante Ice Edition Rose Jp Chenet 75 Cl,General,General
Espumante J.P. Chenet Ice Edition White 75 Cl,General,General
Espumante Lambrusco Blanco Cavicchioli 75 Cl,General,General
Espumante Lambrusco Tinto Cavicchioli 75 Cl,General,General
espumante muscat sparkling sin alcohol eva 75 cl,General,General
espumante opera prima paloma 75 cl,General,General
espumante patacona blanc de blanc 75 cl,General,General
Espumante Raspberry Verdi 75 Cl,General,General
Espumante Reserva Familia Juve Camps 75 Cl,General,General
Espumante Rosado Jp Chenet Ice Edition 20 Cl,General,General
Espumante Spritz Jp Chenet 75 Cl,General,General
espumante vicente gandia bobal brut 70 cl,General,General
estimulador de aroma para lavado calm simply done 13.2 onz,General,General
Estragon Trudeau Paq. 40 Gr,General,General
Estuche de Mermeladas Deliciel 4 Und/Paq,General,Despensa
Estuche Para Lentes De Contacto Top Care 1 Und/Paq,General,General
Evita Moho Lavanda Novica 130 Gr.,General,General
Evita Moho Lavanda Novica 180 Gr.,General,General
evita moho lavanda novica 80gr.,General,General
Evita Moho Natural Novica 180 Gr.,General,General
evita moho natural novica 80gr.,General,General
Evita Moho Neutral Novica 130 Gr.,General,General
Evita Moho Soft Novica 130 Gr.,General,General
Evita Moho Soft Novica 180 Gr.,General,General
evita moho soft novica 80gr.,General,General
Exfoliante Aceite De Coco Dr. Teals 19 Onz.,General,Despensa
Exfoliante Black Elderbery Dr. Teals 19 Onz.,General,General
Exfoliante Citrus Dr. Teals 19 Onz.,General,General
exfoliante con eucalipto y menta dr teal's 15 onz,General,General
exfoliante con vitamina c dr teal's 16 onz,General,General
Exfoliante Facial Con Albaricoque Top Care 6 Onz,General,General
Exfoliante Facial Con Pink Grapefruit Top Care 4.2 Onz,General,General
exfoliante lavanda dr. teals 15 onz,General,General
Exfoliante Shea Butter Dr. Teals 19 Onz.,General,General
exfoliante suave para pies dr. teals 6 onz,General,General
exprimidor de citricos aluminio 9.4,General,General
exprimidor de citricos plastico verde 7.5,General,General
exprimidor de limon aluminio verde 8 x 3 x 2 pulgadas,General,General
extension electrica amarilla 16/2 8,General,General
extension electrica blanca 20,General,General
extension electrica crema 16/3 9,General,General
extension electrica marron 9,General,Bebidas
extension electrica naranja 16/3 10,General,General
Extracto De Almendras Food Club 2 Onz,General,Despensa
Extracto De Malta Lowenbrau 12 Onz,General,General
Extracto De Vainilla Food Club 1 Onz,General,General
Extracto Puro Almendra Delifruit 8 Onz,General,General
F M De Res Empacada; Lb (Peso Aprox. 1 Libra),General,General
fabada asturiana naveda surtida,General,General
fabada cidacos 420gr,General,General
fabada la asturiana 420gr,General,General
Fajitas De Pavo; Lb (Peso Aprox. 1 Libra),General,General
Fajitas De Ternera; Lb (Peso Aprox. 1 Libra),General,General
Falda de Res; Lb (Peso Aprox. 1 Libra),General,General
Faldilla De Cerdo Empacada; Lb (Peso Aprox. 1.5 Libras),General,General
faldilla de cerdo; lb,General,General
farol lumar relig blanco 170g,General,General
Farro Italiano Full Circle 8.8 Onz,General,General
Farro Semipearled Roland 17.6 Onz,General,General
Fecula De Maiz Maizena Duryea 425 Gr,General,General
fecula de maiz maizena duryea 95gr,General,General
fecula de maiz sabor a chocolate maizena duryea 90gr,General,Despensa
fecula de maiz sabor a fresa maizena duryea 94gr,General,General
fecula de maiz sabor a vainilla maizena duryea 94g,General,General
fecula de papa sin gluten bob's 22 onz,General,General
festin de res frescan vital 16 onz,General,General
fibra en polvo sabor naranja metamucil 174gr,General,General
Fideos Instantáneos Sabor A Soya Nong Shim 140 Gr,General,General
fideos pasta miyata ramen 10.5oz,General,General
fideos pasta miyata soba trigo sarraceno 10.5oz,General,General
fideos pasta miyata udon gruesos 10.5oz,General,General
fijador en spray extra hold tresemme 11 onz,General,General
Filete de Arenque Lider Ahumado 8 oz,General,General
Filete De Bacalao Alaskan Congelado Full Circle 12 Onz,General,General
Filete De Bacalao Líder 8 Onz,General,General
Filete De Basa Congelado Empacado Al Vacio; Lb (Peso Aprox. 1 Libra),General,General
Filete De Basa Paq. (Aprox. 1 Libras por Paquete),General,General
Filete De Calamar Importado Congelado Paq. (Peso Aprox. 2 Libras Por Paquete),General,Carnes y Mariscos
Filete De Chillo Premium Congelado Empacado Al Vacio; Lb (Peso Aprox. 1 Libra),General,Carnes y Mariscos
Filete De Dorado Congelado; Lb (Peso Aprox. 1 Libra),General,General
Filete De Dorado Sin Piel Congelado Full Circle 12 Onz,General,General
Filete De Halibut Congelado Full Circle 12 Onz,General,General
Filete de Lubina (Aprox. 3-5 Onz),General,General
Filete De Merluza Paq. 1 Libras,General,General
Filete De Mero Importado Congelado; Lb (Peso Aprox. 1 Libra),General,Carnes y Mariscos
Filete Dorada; Lb (Peso Aprox. 1 Libra),General,General
Filete Mignon Prime; Lb,General,General
Filete Salmón Chileno Congelado; Lb (Peso Aprox. 1 Libra),General,Carnes y Mariscos
Filetes De Atun Congelados Full Circle 12 Onz,General,General
Filetes De Bacalao Congelado Royal 400 Grs,General,General
Filetes De Pescado Veganos Gardein 10.01 oz,General,General
Filtro Para Cafe 8-12 Tazas Simply Done 200 Und/Paq,General,General
Filtro Para Cafetera De 8 A 12 Tazas Mr. Coffee 50 Und/Paq,General,General
Finest Call Agave Nectar Syrup 1 Lt,General,General
Finest Call Triple Sec 1 Lt,General,General
fingers de pollo empanizados; lb (peso aprox. 1.5libras),General,Carnes y Mariscos
Fizzy Blanco Lata Jp. Chenet 250 Ml,General,General
Fizzy Rose Jp Chenet 250 Ml,General,General
Flan Con Caramelo Goya 2.75 Oz,General,General
Flan de Coco La Lechera 140g,General,General
Flan de Leche La Lechera 155g,General,General
Flan de Vainilla Caramelo 14 oz 4 Und/Paq,General,General
Flap Meat De Cerdo Empacado; Lb (Peso Aprox. 1 Libra),General,General
Flap Meat De Cerdo; Lb,General,General
Flat Bread Blanco Toufayan 14 Onz,General,General
Flat Bread Integral Toufayan 14 Onz,General,General
Flatbread Artesanal Stonefire 2 Und/Paq,General,General
Flatbread Keto Toufayan 8.9 Onz,General,General
Flatbread Lavash Multigrano J oseph's 9 Onz,General,General
Flatbread Naan Ajo Stonefire 8.8 Onz,General,General
Flauta de Pollo Congelada La Mexicana 300 Gr,General,Carnes y Mariscos
Flauta de Res Congelada La Mexicana 300 Gr,General,General
flor de jamaica maria 100gr.,General,General
flor de jamaica nagua 79gr.,General,Bebidas
Flor De Jamaica Para Infusiones Líder Natural 227g,General,General
Flor De Jamaica Para Infusiones Líder Natural 45g,General,General
Flossers Dentales Sabor Menta Top Care 36 Und/Paq,General,General
Foie Gras de Pato Con Trufas Martiko 40 Gr,General,General
Fórmula Crecimiento Nutrición Alacta Plus En Polvo 2200 g,General,General
Fórmula De Crecimiento Alacta Plus 1500 Gr,General,General
Fórmula De Crecimiento Alacta Plus 800 Gr,General,General
Fórmula De Crecimiento Etapa 3 Similac 5Hmo  800 g,General,General
Fórmula De Inicio 0-12M Enfalac 375 g,General,General
Fórmula De Inicio 0-12M Enfalac 800 Gr,General,General
Fórmula en Polvo Avanzada Alacta Kids  1500 Gr,General,General
Fórmula en Polvo Avanzada Alacta Kids 800 Gr,General,General
Fórmula En Polvo Milex Kinder Gold  Sín Azúcar Añadida 1500 Gr,General,General
Fórmula En Polvo Milex Kinder Gold 2000 Gr,General,General
Fórmula En Polvo Milex Kinder Gold 360 Gr,General,General
Formula En Polvo Milex Kinder Gold 800 Gr,General,General
formula infantil (0-12) meses nutrilon pro expert 400gr,General,General
formula infantil anti reflujo babina 900gr,General,General
Fórmula Infantil AR Enfamil Neuro Pro 900 Gr,General,General
Fórmula Infantil Arroz Similac 400 Gr.,General,General
Fórmula Infantil En Polvo Babina Gold 3 400 Gr,General,General
Formula Infantil En Polvo Babina Gold 3 900 Gr,General,General
Fórmula Infantil En Polvo Sin Lactosa Similac Sensitive 375 g,General,General
Fórmula Infantil Enfagrow Confort+ Etapa 3 800 GR,General,General
Fórmula Infantil Enfamil Promental  Confort Pro 375 Gr,General,General
Fórmula Infantil Etapa 1 Similac 5Hmo 2 Onz; 24 Und/Paq,General,General
formula infantil etapa 1 similac 5hmo 350g,General,General
Fórmula Infantil Etapa 2 Similac Total Comfort 820 g,General,General
Fórmula Infantil Gentlease Enfamil Confort Pro 800 Gr,General,General
formula infantil gold 1 babina 400gr,General,General
formula infantil gold 1 babina 900gr,General,General
Fórmula Infantil Ha 1 Babina 400 Gr,General,General
Fórmula Infantil Ha 1 Babina 900 Gr,General,General
Fórmula Infantil Líquida Babina Gold 70 Ml 8 Und/Paq,General,General
formula infantil liquida nutrilon 90ml 6 und/paq,General,General
Fórmula Infantil Nutramigen Premium Enfamil 357 Gr,General,General
Fórmula Infantil Pepti Junior Nutrilon 400 Gr,General,General
formula infantil premium 0-12 meses nutrilon 900gr,General,General
formula infantil premium 0-6 meses nutrilon 400gr,General,General
Fórmula Infantil Premium En Polvo Enfamil NeuroPro 375 Gr,General,General
Fórmula Infantil Premium En Polvo Enfamil Promental  1500 Gr,General,General
Fórmula Infantil Premium Enfamil NeuroPro 800 Gr,General,General
Fórmula Infantil Promental Etapa 1 Enfamil 2 Onz 6 Und/Paq,General,General
formula infantil pronutra+ premium 0-6 meses nutrilon 800gr,General,General
Formula Infantil Similac Anti Reflujo  375 Gr.,General,General
formula infantil similac neosure hmo 370g,General,General
formula infantil sin lactosa 2 nutriben 400gr,General,General
Fórmula Infantil Sin Lactosa Babina 900 Gr,General,General
Fórmula Infantil Sin Lactosa Nan 400 Gr,General,General
formula infantil sin lactosa pro expert 0-12 meses nutrilon,General,General
Fórmulas Infantil Etapa 2 Similac 5Hmo 800 g,General,General
forte gel ice blue 4 onz,General,General
fosforos lider caja de 40 fosforos 10 und,General,General
fosforos relampago 10 und/paq,General,General
four loko blue 473ml,General,General
four loko gold 473ml,General,General
four loko ponche de frutas 473ml,General,General
four loko sabor sandia 473ml,General,General
frambuesa congelada emborg 300gr.,General,General
frasco de delicias de frutas deliciel 70gr.,General,General
Fregador Abrasivo Bon Bril 3 Und/Paq,General,General
Fregador Con Sujetador Bon Bril 1 Und/Paq,General,General
Fregador De Alta Resistencia Con Agarrador Simply Done,General,General
Fregador De Metal Bon Bril 3 Und/Paq,General,General
Fregador Para Pisos De Microfibra Amarillo Cisne 2 Und/Paq,General,General
fregador para pisos de microfibra azul cisne 1 und,General,General
fregador para pisos de microfibra roja cisne 1 und,General,General
fregasuelo de algodon especial cisne #11,General,General
fregasuelo de microfibra amarillo cisne,General,General
Fregasuelo De Microfibra Azul Cisne,General,General
Fregasuelo De Microfibra Verde Cisne,General,General
fresa deshidratada eloys 6 onz,General,General
Fresas Congeladas Líder 1800 Gr,General,Frutas y Vegetales
fresas congeladas purama 1.5lb,General,Frutas y Vegetales
fresas congeladas purama 4lb,General,Frutas y Vegetales
Fresas Congeladas Vima 1 Kg,General,Frutas y Vegetales
fresas enteras congeladas food club 16 onz,General,Frutas y Vegetales
fresas importadas paq. (aprox. 10-12 unidades),General,Frutas y Vegetales
Fresas Líder Congeladas Paq (Peso Aprox. 450 Gr.),General,Frutas y Vegetales
fresas organicas congeladas full circle 10 onz,General,Frutas y Vegetales
Fresas Premium Paq  (Peso Aprox 1 Lb),General,Frutas y Vegetales
Fresas Selectas Criollas Paq. 1 Lb (Aprox. 18-20 Unidades),General,Frutas y Vegetales
Fresas Selectas Paq. 0.72 Lb (Aprox. 16-18 Unidades),General,Frutas y Vegetales
frijolito chino lider 800gr,General,General
fritura congelada distelca tostones buen pan 1lb,General,General
fruta congelada emborg blackberries moras 300gr,General,Frutas y Vegetales
frutas cristalizadas old english fruit mix paradise 8 onz,General,General
frutas del bosque congeladas vima 450gr,General,General
Frutas Lychees En Almibar Roland 20 Oz,General,General
Frutas Mixtas Con Cherry Food Club 4 Und/Paq,General,General
frutas mixtas congeladas food club 16 onz,General,General
Frutas Tropicales En Su Jugo Food Club 4 Onz; 4 Und/Paq,General,Bebidas
frutos del bosque congelados de navarra 1kg,General,General
Frutos del Bosque Congelados Lider 450 gr,General,General
Fuet Casero ElPozo 170 Gr,General,General
Fuet Nobleza ElPozo 200 Gr,General,General
Fuetec Iberico ElPozo 150 Gr,General,General
Fuetec Trufado ElPozo 150 Gr,General,General
full circle catchup organic bajo en azucar 19.50oz,General,General
funda de basura lider 30gls 10 und/paq,General,General
funda de basura para bano con tirantes casa lider 4gls 25 und/paq,General,General
funda de basura para cocina con tirantes casa lider 13gls 12 und/paq,General,General
funda de basura para jardin con tirantes casa lider 30gls 8 und/paq,General,General
funda de basura para tanque 55gl troy 5 und/paq,General,General
funda de basura para tanque con tirantes 55gls casa lider 5 und/paq,General,General
funda de basura pequena simple done 4gal c/c,General,General
funda de basura troy 30gls 10 und/paq,General,General
funda de basura troy 55gls 5 und/paq,General,General
funda de bombones de chocolate amargo lindor 5.1 onz,General,Despensa
funda de bombones de chocolate blanco lindor 5.1 onz,General,Despensa
funda de bombones relleno de caramelo lindor 5.1 onz,General,General
Funda Para Almacenar Con Doble Ziper Simply Done 2 Gl 12 Und/Paq,General,General
Funda Para Almacenar Sandwich Ziploc 40 Und/Paq,General,General
funda para basura bano blanca 4gl fullbag 25 und/paq,General,General
funda para basura cocina 13galones simply done 80 und/paq,General,General
funda para basura cocina 13gl fullbag 15 und/paq,General,General
funda para basura cocina con fragancia citrus 13gl simply done 40und/paq,General,General
funda para basura cocina mediana simply done 8galones 18 und/paq,General,General
funda para basura con amarre 13gl that's smart 30 und/paq,General,General
funda para basura con amarre simply done 30gl; 10 und/paq,General,General
funda para basura con cinta ajustable simply done 13gl 40 und/paq,General,General
funda para basura con facil amarre simply done 13gl 80 und/paq,General,General
funda para basura jardin 30gl fullbag 10 und/paq,General,General
funda para basura tanque 55gl fullbag 5 und/paq,General,General
funda para basura tanque 65galones troy 5 und/paq,General,General
Funda Para Freezer Con Doble Zipper Simply Done 1/4 Gl 19 Und/Paq,General,General
funda para hornear pavo simply done 2 und/paq,General,General
Funda para Mascotas Casa Líder 60 pc (4 rollos),General,General
funda para pastillas top care 50 und/paq,General,General
Funda Para Picadera Con Cierre Simply Done 50 Und/Paq,General,General
Funda Para Sandwich Con Zipper Simply Done 40 Und/Paq,General,General
Funda Para Sandwich De Colores Simply Done 40 Und/Paq,General,General
Funda Para Sandwich Para Plegar Simply Done 150 Und/Paq,General,General
Funda Para Sandwich That'S Smart 150 Und/Paq,General,General
funda termica hot/cold small sdone,General,General
fundas blancas para basura bano 4galones troy 25 und/paq,General,General
fundas blancas para basura de cocina 13galones troy 15 und/paq,General,General
Fundas De Almacenamiento Con Cierre Ziploc 32 Onz 20 Und/Paq,General,General
Fundas De Almacenamiento Para Freezer Simply Done 32 Onz 65Und/Paq,General,General
Fundas De Almacenamiento Para Freezer Ziploc 32 Onz 20 Und/Paq,General,General
fundas negras para basura bano lider 4gls 25 und/paq,General,General
fundas negras para basura cocina lider 13gls 15 und/paq,General,General
Fundas Para Almacenar Con Cierre Simply Done 30 Und/Paq,General,General
Fundas Para Almacenar Con Cierre Ziploc; 1 Gl; 15 Und/Paq,General,General
fundas para basura de cocina simply done 13gl; 200 und/paq,General,General
Fundas Para Picaderas Con Doble Cierre Simply Done 80 Und/Paq,General,General
Fundas Para Picaderas Simply Done 100 Und/Paq,General,General
galleta barquillo chocolate sin azucar gullon 210gr,General,Despensa
Galleta Bebé Hero Solo Bio 8 Meses 4 PK,General,Despensa
galleta choco chip sin azucar gullon 125g,General,Despensa
galleta chocolate chip chunky crav'n flavor 11.7 onz,General,Despensa
Galleta Chocolate Sin Azucar Marbu 120 Gr,General,Despensa
galleta con chispas de chocolate crav'n flavor 13 onz,General,Despensa
Galleta Creamy Líder 6 Und/Paq.,General,Despensa
Galleta Criolla Mi Trigo,General,Despensa
galleta crocant avena sin azucar gullon 280g,General,Despensa
galleta danesa de mantequilla y chocolate royal dansk 454gr,General,Despensa
galleta de agua vivo 140gr,General,Despensa
galleta de arroz sin gluten con sal de mar superslim 100g,General,Despensa
Galleta De Arroz Y Banana Para Bebes Baby Mum Mum 6M+ 50 Gr,General,Despensa
Galleta De Arroz Y Manzana Para Bebes Baby Mum Mum 6M+ 50 Gr,General,Despensa
Galleta De Arroz Y Vegetales Para Bebes  Baby Mum Mum 6M+ 50 Gr,General,Despensa
galleta de avena shock sin azucar ecovida 140g,General,Despensa
galleta de avena vegan repeat 105gr.,General,Despensa
galleta de avena vegan repeat 40gr,General,Despensa
galleta de caramelo; mani y chocolate bergen 130gr,General,Despensa
galleta de chocolate chip vegana dbl 70gr,General,Despensa
galleta de chocolate chunk axa 140gr,General,Despensa
galleta de chocolate y soya sin azucar gullon 6 pk 24gr,General,Despensa
galleta de doble chocolate axa 140gr,General,Despensa
galleta de fibra hatuey 13.76 onz,General,Despensa
galleta de guava axa 140gr,General,Despensa
galleta de guayaba bocados g 310gr,General,Despensa
galleta de guayaba y limon la baker 5 onz,General,Despensa
galleta de guayaba y tahini fibre 45gr,General,Despensa
Galleta De Huevo Mi Trigo,General,Despensa
Galleta De Mantequilla Lotus 250 Gr,General,Despensa
Galleta de Mantequilla Rellena de Chocolate Lotus 150 g,General,Despensa
galleta de soda finas hierbas aviva peq 9 und/paq,General,Despensa
galleta de soda hatuey 14 paq,General,Despensa
galleta de soda hierbas hatuey 9 und/paq,General,Despensa
galleta de soda integral aviva 9 und/paq,General,Despensa
galleta de soda multicereal aviva 9 und/paq,General,Despensa
galleta de soda saltina aviva 10 und/paq,General,Despensa
galleta de soda saltina hatuey 9 und/paq,General,Despensa
galleta de tahini snickerdoodle fibre 50gr,General,Despensa
galleta digestiva avena sin azucar gullon 400gr,General,Despensa
galleta digestiva sabor chocolate sin azucar gullon 300gr,General,Despensa
galleta digestiva sin azucar gullon 400g,General,Despensa
galleta dorada light sin azucar gullon 330g,General,Despensa
Galleta Doraditas Integral Molino Del Sol Familiar,General,Despensa
galleta integral con miel hatuey 13.76 onz,General,Despensa
Galleta María Bocel 12 Und/Paq,General,Despensa
galleta mini chips sin gluten gullon 200gr,General,Despensa
galleta pastas sin gluten gullon 200gr,General,Despensa
Galleta Sabor Batata Y Granada Toddler Mum-Mum 50 Gr,General,Despensa
Galleta Sabor Fresa Toddler Mum-Mum 50 Gr,General,Despensa
Galleta Sabor Mango Y Kiwi Toddler Mum-Mum 60 Gr,General,Despensa
Galleta Salada Krititas Cuetara 350 Gr.,General,Despensa
galleta salada original crav'n 13.7 onz,General,Despensa
Galleta Sandwich Choco Vainilla Dino 12 Und/Paq,General,Despensa
Galleta Sandwich De Chocolate Sin Azúcar Gullón 210 Gr,General,Despensa
galleta sandwich sabor yogurt sin azucar gullon 220g,General,Despensa
galleta snack once again sandwich mantequilla mani 1.59oz,General,Limpieza
galleta soda mantequilla aviva 9 uds,General,Despensa
Galleta Wafer Con Relleno Sabor Fresa Bauducco 142 Gr,General,Despensa
galleta wafer con relleno sabor vainilla bauducco 142gr,General,Despensa
galletas animals gullon 600gr,General,Despensa
galletas biscuit nutella 340gr.,General,Despensa
galletas cacao gullon sin azucar 147g,General,Despensa
Galletas Choco Pie Orion 468 Gr,General,Despensa
galletas club keebler 12.5oz,General,Despensa
Galletas Con Ajo Molino Del Sol,General,Despensa
galletas con avena y naranja sin azucar gullon 6 pk 2,General,Despensa
galletas con chispas de chocolate choco wow 6 und/paq,General,Despensa
Galletas Con Chispas De Chocolate Líder 6 Und/Paq.,General,Despensa
galletas con chispas de chocolate simple mills 5.5 onz.,General,Despensa
galletas con fibra sin azucar gullon 170gr,General,Despensa
Galletas Cookie N Cream Axa 140 Gr.,General,Despensa
galletas crumbs aviva 12.3 onz.,General,Despensa
galletas danesa con chispas de chocolate royal dansk 454gr,General,Despensa
galletas danesa royal 125gr,General,Despensa
galletas danesa royal dansk 340gr,General,Despensa
Galletas De Ajo Doraditas Molino Del Sol Familiar 240 Gr,General,Despensa
Galletas De Ajo Lavigne 136 Gr,General,Despensa
galletas de arroz con chocolate negro sin gluten diet 140gr,General,Despensa
galletas de arroz sin gluten original superslim 100gr,General,Despensa
galletas de arroz sin gluten sesamo negro superslim 100gr,General,Despensa
Galletas De Avena Con Arándano y Yogurt Líder 6 Und/Paq,General,Despensa
Galletas De Avena Con Chispas De Chocolate Sin Gluten Gullón 5 Und/Paq,General,Despensa
galletas de avena con uva y ciruela lider 6 und/paq.,General,Despensa
galletas de avena y frutos rojos lider 6 und/paq.,General,Despensa
galletas de avena y guayaba la baker 5 onz,General,Despensa
galletas de canela la baker 5 onz,General,Despensa
galletas de capuccino ypm 5 und/paq,General,Despensa
Galletas de Chocolate Chips Ahoy 222 Gr,General,Despensa
Galletas De Chocolate Con Mantequilla De Maní Oreo 17 Oz,General,Despensa
galletas de chocolate oreo 12 und/paq,General,Despensa
galletas de chocolate ypm 80gr,General,Despensa
galletas de guayaba vegan nero's 120gr,General,Despensa
galletas de guayaba ypm 5 und/paq,General,Despensa
Galletas de Maíz Horneadas Salmas 8 und,General,Despensa
galletas de mantequilla guayaba paquitas 60gr,General,Despensa
galletas de mesa sin gluten schar 7.4 onz,General,Despensa
galletas de pasas ypm 5 und/paq,General,Despensa
galletas de queso ritz bits 1.5 onz,General,Despensa
galletas de soda aviva 20 und/paq,General,Despensa
galletas de soda hatuey 9 und/paq,General,Despensa
galletas de soda lider 20 und/paq,General,Despensa
Galletas Estilo Cubana Molino Del Sol,General,Despensa
galletas estilo danesa lider 114gr,General,Despensa
galletas estilo danesa lider 280gr,General,Despensa
Galletas Estilo María Líder 800 Gr,General,Despensa
galletas finas de arroz sin gluten diet 180gr,General,Despensa
galletas flatbread cracklavash sesame culinary tours 5 onz,General,Despensa
Galletas Integrales Con Ajonjolí Lavigne 160 Gr,General,Despensa
Galletas Integrales Con Ajonjoli Mi Trigo,General,Despensa
Galletas Integrales Con Avena Molinos Del Sol,General,Despensa
Galletas Integrales Gri-Gri 130 Gr,General,Despensa
Galletas Integrales Lavigne,General,Despensa
Galletas Integrales Molino Del Sol,General,Despensa
Galletas Ladyfinger Vicenzi 200 Gr,General,Despensa
Galletas Mamota La Plaza,General,Despensa
Galletas Mexicanas Sin Gluten Siete  4.5 Onz,General,Despensa
Galletas Mini Crackets Queso Gamesa 41 gr,General,Despensa
Galletas Minis Napolitaner Loacker 150 Gr,General,Despensa
Galletas Para Bebé Animal Crackers Gerber 6 Onz,General,Despensa
Galletas Para Bebe Gerber 4.4 Onz,General,Despensa
Galletas Pavo Armour Lunchmaker 2.44 Oz,General,Despensa
Galletas Quadratini Cacao Loacker 125 Gr,General,Despensa
Galletas Quadratini Cocoa & Milk Loacker 125 Gr,General,Despensa
Galletas Quadratini Tiramisu Loacker 110 Gr,General,Despensa
galletas redondas de vainilla crav'n flavor 11 onz,General,Despensa
Galletas Rellenas de Chocolate Oscuro Oreo 17 Onz,General,Despensa
galletas ritz saladas paq 240gr,General,Despensa
galletas ronditas sin azucar gullon,General,Despensa
galletas saladas club social 216gr,General,Despensa
galletas saladitas guarina 12 und/paq,General,Despensa
galletas san valentin 20 und/paq,General,Despensa
Galletas Sandwich Chocolate Líder 12 Und/Paq,General,Despensa
galletas sandwich chocolate sin azucar gullon 250gr,General,Despensa
Galletas Sándwich De Chocolate Sin Gluten Gullón 5 Und/Paq,General,Despensa
Galletas Sandwich Duplex Líder 12 Und/Paq.,General,Despensa
Galletas Sandwich Fresa Líder 12 Und/Paq,General,Despensa
Galletas Sandwich Vainilla  Líder 12 Und/Paq,General,Despensa
galletas sin azucar rellenas de higo ecovida 150gr,General,Despensa
galletas snack crunchmaster aguacate sal sin gluten 4oz,General,Despensa
Galletas Snack Julian Bakery Paleothin Salt 4 OZ,General,Despensa
Galletas Snack Julian Bakery Primalthin Parmesano 4 OZ,General,Despensa
galletas snack partake mini spidey sin gluten 10 und,General,Despensa
galletas snack schar choco chip sin gluten 100gr,General,Despensa
galletas snack schar digestivas sin gluten 150gr,General,Despensa
galletas tostadas 200g gullon,General,Despensa
galletas wafer choco wow 168gr,General,Despensa
Galletas Wafer Con Relleno Sabor Avellana Bauducco 165 Gr,General,Despensa
Galletas Wafer Con Relleno Sabor Chocolate Bauducco 142 Gr,General,Despensa
Galletas Wafer Quadratini Napolitaner Loacker 125 Gr,General,Despensa
Galletas Wafer Quadratini Sabor A Vainilla Loacker 125 Gr,General,Despensa
galletas wafer sabor vainilla sin gluten partake 7 onz,General,Despensa
Galletas Waffer Con Relleno De Chocolate My Motto 34 Gr,General,Despensa
gallina congelada don pollo; lb (peso aprox. 11lbs),General,Carnes y Mariscos
Gallinita Kiki 20 Onz,General,General
gambas al ajillo congeladas la gula del norte 250gr,General,General
Gandules Verdes La Famosa 15 oz,General,General
Garron De Cerdo Fresco; Lb,General,Bebidas
Garrón De Res Empacado; Lb (Peso Aprox. 1 Libra),General,Bebidas
garron de res; lb (peso aprox. 1libra),General,Bebidas
gas ultra pure 300ml refinado 5x special blue,General,General
gel antibacterial advanced manitas limpias 16 onz,General,Despensa
gel antibacterial con holder surtidos manitas limpias 1 onz,General,Despensa
gel antibacterial para manos lider 16 onz,General,General
gel con aceite de castor eco 32 onz.,General,General
gel de aceite de coco eco 32 onz.,General,Despensa
gel de afeitar para mujer piel seca top care 7 onz,General,General
gel de afeitar sensitive nivea,General,General
Gel Facial Hidratante Cuidado Hydro Fresh Nivea 100 Ml,General,General
Gel Facial Hidratante Top Care 1.7 Onz,General,General
gel frio dr. collado 8 onz,General,General
Gel Hidratante Con Extracto De Aloe Ponds Fruity Hydra Fresh 110 Gr,General,General
Gel Hidratante Ultraligero Cerave 1.75 Onz,General,General
Gel Limpiador Control Imperfecciones CeraVe 12 Onz,General,Limpieza
Gel Limpiador De Inodoros Con Lejía Scrubbing Bubbles 24 Onz,General,Limpieza
gel limpiador facial con agua de rosas nivea 150ml,General,Limpieza
gel limpiador facial delia hidratante purificante 200ml,General,Limpieza
gel limpiador facial perlisa 4 onz,General,Limpieza
Gel Limpiador Facial Rose Care Nivea 150 Ml,General,Limpieza
gel para afeitar deep clean nivea 200ml,General,General
gel para afeitar piel sensible con aloe vera top care 7 onz,General,General
gel para cabello ninos brillo humedo becense 220gr,General,General
gel para cabello titan xtreme 500gr,General,General
gel para cabellos fijacion fuerte becense 220gr,General,General
gel para cabellos fijacion mega becense 220gr,General,General
gel para el cabello black castor & flaxseed oil eco style 8 onz,General,General
gel para la higiene intima lemisol 8 onz,General,General
Gel para Piel Seca Bio Oil 100 ml,General,General
gel post bronceado con aloe top care 16 onz,General,General
gel proteina eco 16 onz.,General,General
gel tratamiento imperfecciones face fact 50ml,General,General
gel urea lactovit,General,General
Gelatina de Cereza Oli 6 oz,General,General
Gelatina de Frambuesa Oli 6 oz,General,General
Gelatina de Fresa Oli 6 oz,General,General
Gelatina en Láminas Dr. Oetker 13 g,General,General
Gelatina Para Cabello Con Aceite De Coco Eco Style 8 Onz,General,Despensa
gelatina para cabello eco krystal 8 onz,General,General
gelatina para cabello krystal clear eco style 16 onz,General,General
gelatina para cabello super protein eco style 8 onz,General,General
gelatina postre jello naranja sin azucar 3oz,General,General
Gelatina Postre Oli Uva 6 OZ,General,General
gelatina sabor a limon food club 3 onz,General,General
gelatina sabor cereza en sobre royal 80gr,General,General
gelatina sabor cereza food club 3 onz,General,General
gelatina sabor cereza oli 3 onz,General,General
gelatina sabor cereza royal 40gr,General,General
gelatina sabor cereza sin azucar snack pack 4 und/paq,General,General
gelatina sabor frambuesa food club 3 onz,General,General
gelatina sabor frambuesa oli 3 onz,General,General
gelatina sabor frambuesa royal 40gr,General,General
gelatina sabor frambuesa royal 80gr,General,General
gelatina sabor fresa en sobre royal 40gr,General,General
gelatina sabor fresa en sobre royal 80gr,General,General
gelatina sabor fresa food club 3 onz,General,General
gelatina sabor fresa oli 3 onz,General,General
gelatina sabor fresa snack pack 4 und/paq,General,General
gelatina sabor limon royal 40gr,General,General
gelatina sabor naranja food club 3 onz,General,General
gelatina sabor tutti frutti oli 3 onz,General,General
gelatina sabor uva en sobre royal 40gr,General,General
gelatina sabor uva en sobre royal 80gr,General,General
gelatina sabor uva oli 3 onz,General,General
gelatina sin azucar sabor durazno vivo 22gr,General,General
gelatina sin azucar sabor limon food club 0.44 onz,General,General
gelatina sin sabor knox de 1 onz,General,General
ginger ale fever tree 200ml,General,General
ginger ale fever tree lata 150ml,General,General
ginger beer caribia 12 onz,General,General
ginger beer fever tree 4 und/paq,General,General
glade difusor electrico radiant bloom,General,General
glasa balsamica clasica monari federzoni 300gr,General,General
glasa balsamica con higo roland 5.1 onz,General,General
glasa balsamica con naranja roland 5.1 onz,General,General
glasa balsamica con sabor a frambuesa monini 250gr,General,General
glasa balsamica modena 250ml lider,General,General
glasa balsamica monini 250gr,General,General
glasa balsamica ponti 250gr,General,General
glaseado de crema de mantequilla con vainilla betty crocker 16 onz,General,General
glaseado de crema de mantequilla con vainilla food club 16 onz,General,General
Gnocchi De Papa No.117 Rummo 500 Gr,General,General
Gnocchi de Papa Reggia 500 Gr.,General,General
Gnocchi Rana 12 Onz,General,General
Gofio Clasico Delicias De Altamira 8 Onz,General,General
Goma De Mascar Con Sabor A Menta Ice Cube 3.24 Oz,General,General
goma de mascar cool bubble trident 18 und,General,General
goma de mascar freshmint trident 18 und,General,General
goma de mascar menta trident 6 und/paq,General,General
Goma De Mascar Sabor A Menta Ice Cubes 1.05 Oz,General,General
goma de mascar sandia trident 18 und/paq,General,General
goma de mascar trident original menta 18 und,General,General
goma de mascar yerba buena trident 8.5gr,General,General
goma de mascar yerbabuena trident 18 und,General,General
Goma Xantana Bob's 8 Onz,General,General
Gomitas Azucaradas Cremes y Jellies  Suity 10 Onz.,General,Despensa
Gomitas De Besitos Jake 100 Gr,General,Despensa
Gomitas De Frutas Líder 300 Gr,General,Despensa
gomitas de frutas sin gluten yum earth 3.5 onz,General,Despensa
Gomitas De Naranja Líder 300 Gr,General,Despensa
gomitas de ositos trolli 3.5 onz,General,Despensa
gomitas energia pro bar bolt limon rosa organico 60gr,General,Despensa
gomitas mini shark trolli 100gr,General,Despensa
gomitas neon squingles trolli 100gr,General,Despensa
gomitas octopus sour trolli 100gr,General,Despensa
gomitas octopus trolli 4.5 onz,General,Despensa
gomitas para dormir goli 60 und/paq,General,Despensa
gomitas sabor manzana trolli 100gr,General,Despensa
gomitas sabor melocoton trolli 100gr,General,Despensa
Gomitas Sweet Fish Smart Sweets 1.8 Onz,General,Despensa
Gomitas Tropicales Agridulce Smart Sweets 1.8 Onz,General,Despensa
gomitas tropico's trolli 100gr,General,Despensa
gorro de bano magic 1 und/paq,General,General
Gorro de Baño Negro Magic,General,General
gorro para ducha top care 3 und/paq,General,General
gota aromatica de naranja angostura 4 onz,General,General
Gotero Capilar Crecimiento Líder 120 ml,General,General
gotero control anticaida bambu silicon mix 4 onz,General,General
Gotero de Crecimiento Capilar 120 ml Hair Plus,General,General
gotero grip deya 4 onz,General,General
grajeas de colores over the top 3.25 onz,General,General
granada; lb (aprox. 1-2 unidades por libra),General,General
Grappa Blanca Bottega 1 Lt,General,General
Grappa Fume Bottega  70 Cl,General,General
Grissini Con Crema De Cacao Sin Gluten Schar,General,General
Grissini De Queso Molino Del Sol,General,General
Grissini Gourmet Chemilo'S 25 Und/Paq,General,General
Grissini Sin Gluten Airos 80 Gr,General,General
Grissini Sin Gluten Schar 5.3 Onz,General,General
Guacamole Sabra 7 Onz,General,General
Guacamole Suave Macapi Luv 7 Onz,General,General
guanabana; lb (peso aprox. 1.5-2libras),General,General
guandules la sanjuanera 800gr,General,General
guandules lider 800gr,General,General
Guandules Verde Con Coco Líder 15 Onz.,General,General
Guante Para Aseo De Mascotas Lider  349 G,General,General
guantes de latex medianos simply done 1 par/paq,General,General
guantes de latex pequenos simply done 1 par/paq,General,General
guantes desechables en vinyl simply done 10 und/paq,General,General
Guantes Desechables Largos Scoth Brite 1 Und,General,General
Guantes Desechables para Cocina Scoth Brite 1 Und,General,General
guantes fuertes acra,General,General
Guantes Húmedos para Mascotas Líder Pets,General,General
Guantes Limpieza Profunda Casa Líder Talla L,General,General
Guantes Multiuso Amarillo Casa Líder Talla M,General,General
Guantes Multiuso Rosa Casa Líder Talla L,General,General
guantes suaves acra,General,General
Guayaba Taiwanesa; Lb  (Aprox. 1-2 unidades Por Libra),General,General
Guindillas Picantes Serpis 320 Gr,General,General
Guineitos Sancochados Paq 3 Und,General,General
Guisantes Al Natural Cidacos 150 Gr,General,General
Guisantes Congelados Maheso 400 Gr,General,General
Guisantes y Zanahorias Congelados Emborg 450 Gr.,General,General
Guisantes Y Zanahorias Congelados Food Club 12 Onz,General,General
Guiso de Cerdo Al Pastor La Mexicana 1 Lb,General,General
Guiso de Cochinita Pibil La Mexicana 1 Lb,General,General
Guiso de Ropa Vieja Congelada La Mexicana 1 Lb,General,General
Habas Baby Congeladas Maheso 400 Gr,General,General
habas lima grande goya 16oz,General,Frutas y Vegetales
habas lima pequenas goya 16oz,General,Frutas y Vegetales
Habichuela Fresca Paq. (Peso Aprox. 0.5 Libra),General,General
habichuela jacomelo corta lider 800gr,General,General
habichuela jacomelo la sanjuanera 800gr,General,General
habichuela jacomelo larga lider 800gr,General,General
habichuela jose beta giselle 400gr,General,General
Habichuela Refrita Sin Grasa Food Club 16 Onz,General,General
Habichuela Romana Goya 15.5 Onz,General,General
habichuela yacomelo giselle 400gr,General,General
habichuelas blancas giselle 800gr,General,General
Habichuelas Blancas Goya 14 Onz,General,General
Habichuelas Blancas La Famosa 15 Onz,General,General
Habichuelas Blancas Líder 15 Onz,General,General
habichuelas blancas lider 800gr,General,General
Habichuelas Coloradas Goya 15.5 Onz,General,General
Habichuelas Coloradas Guisadas Goya 15 Onz,General,General
Habichuelas Con Dulce Goya 15.5 Oz,General,General
habichuelas jose beta giselle 800gr,General,General
Habichuelas Negras Con Coco La Famosa 15 Onz,General,General
habichuelas negras giselle 400gr,General,General
habichuelas negras giselle 800gr,General,General
Habichuelas Negras Goya 15.5 Onz,General,General
Habichuelas Negras Guisadas Goya 15 Onz,General,General
habichuelas negras la sanjuanera 800gr,General,General
Habichuelas Negras Líder 15 Onz,General,General
Habichuelas Negras Victorina 15 Onz,General,General
habichuelas pinta americana giselle 800gr,General,General
habichuelas pinta goya 14 onz,General,General
Habichuelas Pintas Goya 15.5 Onz,General,General
Habichuelas Pintas Líder 15 Onz,General,General
Habichuelas Refritas Food Club 16 Onz,General,General
Habichuelas Refritas Tradicional Old El Paso 16 Onz,General,General
habichuelas refritas veganas siete 16 onz,General,General
Habichuelas Rojas Con Coco La Famosa 15 Onz,General,General
habichuelas rojas giselle 400gr,General,General
habichuelas rojas giselle 800gr,General,General
Habichuelas Rojas Guisadas Goya 15.5 Onz,General,General
habichuelas rojas kidney goya 14 onz,General,General
Habichuelas Rojas Líder 15 Onz,General,General
Habichuelas Rojas Victorina 15 Onz,General,General
Habichuelas Rosadas Goya 15.5 Onz,General,General
Habichuelas Verdes La Famosa 15 Onz,General,General
habichuelas yacomelo giselle 800gr,General,General
Half & Half Creamer Original Nutpods 32 oz,General,General
Hamburguesa Angus Premium 6 Und/Paq,General,General
Hamburguesa Congelada Tyson Pollo Empanizado 545 GR,General,Carnes y Mariscos
Hamburguesa De Cerdo A Las Finas Hierbas El Criollo 4 Und/Paq,General,Despensa
Hamburguesa de Cerdo Lb,General,General
Hamburguesa De Pavo Lb,General,General
Hamburguesa De Pavo Yoyo's 4 Und/ Paq,General,General
Hamburguesa De Pollo Yoyo's 4 Und/Paq,General,Carnes y Mariscos
hamburguesa de pollo; lb (peso aprox. 1libra),General,Carnes y Mariscos
Hamburguesa De Res Líder 8 Und/Paq,General,General
Hamburguesa De Res Super Yoyo's 4 Und/Paq,General,General
Hamburguesa De Res; Lb,General,General
Hamburguesa de Ternera Lb,General,General
Hamburguesas de Bistec CABFZ  6  Und/Paq,General,General
Hamburguesas De Cordero 2 Und/Paq,General,General
Hamburguesas de Cordero Pasture Fresh 4 und,General,General
Hamburguesas de Res Cab Frozen Estilo Smashed 8 Und/Paq,General,General
Hamburguesas Pavo Butterball 32 Oz,General,General
Hamper Ivory Marfil 26,General,General
hard seltzer frutos rojos adan & eva 355ml,General,Frutas y Vegetales
hard seltzer limon high noon 355ml,General,General
hard seltzer mandarina adan y eva 355ml,General,Frutas y Vegetales
hard seltzer sabor pina high noon 355ml,General,General
hard seltzer sandia high noon 355ml,General,General
Harina Blanquita 5 Lb,General,General
harina blanquita 5lb,General,General
harina cocina miyata mezcla tempura 5.29oz,General,General
harina de almendra bob's 16 onz,General,General
Harina De Almendras Orgánica Full Circle 16 Onz,General,Despensa
harina de almendras sin gluten virgin nature 12 onz,General,Bebidas
harina de centeno organica bob's 20 onz,General,General
harina de coco bob's 16 onz,General,General
harina de coco eva 1lb,General,General
Harina de Garbanzo Sin Gluten Goya 16 Onz,General,General
harina de negrito quaker 290gr,General,Despensa
harina de negrito variado cream of wheat 10 und/paq,General,General
harina de tapioca sin gluten bob's 16 onz,General,Frutas y Vegetales
harina de yuca serrana 14 onz,General,General
harina el negrito 16 onz,General,General
harina extra fina maicera 12 onz,General,General
harina ingrediente granoro trigo fina 2lb,General,General
harina integral blanquita 2lb,General,General
harina multicereal selecta 1kg,General,General
harina para pizza granoro 1kg,General,General
harina pasta granoro semola grano duro 500gr,General,General
harina tempura japonesa kikkoman 10oz,General,General
harina todo uso 1 en 1 sin gluten bob's 44 onz,General,General
hershey's caja de corazon con chocolates kisses 6.5 onz,General,Despensa
hielera de acero inoxidable y vidrio 8 x 8 pulgadas,General,General
hielera de doble pared con pinza 3.9l,General,General
Hierbabuena Herb Garden Paq. 2 Onz,General,General
higado de pollo congelado yaque,General,Carnes y Mariscos
Hígado De Res; Lb (Peso Aprox. 1.5 Libra),General,General
higados de pollo frescos empacados; lb,General,Carnes y Mariscos
Higos Secos Líder 12 Onz,General,General
Higos Trufados San Andres 120 Gr,General,General
hilo para pasteles en hoja 25 pies,General,General
hilo para pasteles en hoja nigua,General,General
Hinojo Fennel Herb Garden Paq. 2 Onz,General,General
Hinojo Trudeau Paq. 40 Gr,General,General
Hisopos De Papel Para Viaje Top Care 50 Und/Paq,General,General
Hisopos De Papel Top Care 375 Und/Paq,General,General
Hisopos De Papel Top Care 500 Und/Paq,General,General
hisopos flexibles johnson 150 und/paq,General,General
hisopos para bebe tippy toes 55 und/paq,General,General
hisopos that's smart 300 und/paq,General,General
Hoja De Limoncillo Herb Garden Paq. 2 Onz,General,General
Hojas De Espinaca Cortadas Food Club 16 Onz,General,Frutas y Vegetales
Hojas De Menta Herb Garden Paq. 2 Onz,General,General
Hojas De Menta Trudeau Paq. 40 Gr,General,General
hojas de parra roland 16 onz,General,General
hojuelitas bbq frito lay 160gr,General,General
Hojuelitas De Queso Frito Lay 315 Gr,General,General
Honey Buns Jumbo Hostess 4.75 Onz,General,General
Hongo Blanco Champiñones Bandeja (Aprox. 1/2 Libra Por Bandeja),General,General
Hongo Portobello Crimini Criollo; Lb (Peso Aprox. 0.5-0.8 Libras),General,General
hongo seco porcini merlini 20gr,General,General
Hongos A La Parrilla Zero Olio Mutti 300 Gr,General,General
Hongos Congelados Emborg Champiñones Rebanados 450 GR,General,General
hongos cortados sin sal anadida food club 4 onz,General,General
hueso natural chef's choice,General,General
huesos masticables perro pequeno bullystick pack 12/3oz,General,General
huevas de pescado negras royal 100gr,General,General
Huevas De Pescados Negras Congeladas Royal 50 Gr,General,General
Huevas De Pescados Rojas Royal 50 Gr,General,General
Huevos De Codorniz Dominicana 30 Und/Paq,General,General
Huevos de Codorniz Don Papito 24/1,General,General
Huevos de Codorniz Gabriel 30/1,General,General
Huevos Granja Libre Del Campo 12 Und/Paq,General,General
Huevos Orgánicos Terra Verde 6 Und/Paq,General,General
Hugo Pork Tocineta Redonda 8 Oz,General,Carnes y Mariscos
Hummus Con Pita Chips,General,Despensa
Hummus Meyer Limon Boar´s Head 10 Onz,General,General
Hummus Organico De Pimientos Rojos Full Circle 8 Onz,General,General
Hummus Organico Garlic Full Circle 8 Onz,General,General
Hummus Organico Original Full Circle 8 Onz,General,General
Hummus Red Pepper Boar´S Head 2.5 Onz,General,General
ilko clasico abrelatas mariposa,General,General
ilko clasico cobertor de alimentos,General,General
ilko clasico manga decoradora de tarta juego de 6,General,General
ilko design abrelatas reforzado blister,General,General
ilko design colador 8,General,General
ilko design cuchara para helado,General,General
ilko design cuchara servidora de tallarines,General,Despensa
ilko design cucharon sopero,General,Bebidas
ilko design espatula calada,General,General
ilko design espumadera,General,General
ilko design majador de papas,General,General
ilko design sacacorcho de doble palanca,General,General
ilko pinza para hielo,General,General
ilko sacacorcho de bolsillo,General,General
imusa caldero martillado 10.23,General,General
imusa caldero original de aluminio fundido 18 cm,General,General
IMUSA Contenedor Hermético 7 L,General,General
imusa talent jarro antiadherente 4.7,General,General
infusion de boldo saint gottard 20 und/paq,General,General
infusion stop stress manasul 25 sobres,General,General
intensificador de aroma downy april fresh 5 onz,General,Limpieza
intensificador de aroma downy unstoppable fresh 5 onz,General,Limpieza
intensificador de aroma downy unstoppable lush 5 onz,General,Limpieza
intensificador de aroma para lavado paraiso tropical arm&hammer 18 onz,General,General
jabon aloe protex 3pk 110gr,General,General
jabon aloe protex 6pk 110gr,General,General
jabon antibacterial heno de pravia 150gr,General,General
jabon aroma miel lavador 4 und/paq 110gr,General,General
Jabon Blanco Dove 3.15 Onz,General,General
Jabon Blanco Dove 4 Onz 6 Und/Paq,General,General
Jabon Con Avena Johnson'S Baby 75 Gr,General,General
jabon corporal espumoso de miel y almendras top care 40 onz,General,Despensa
jabon corporal espumoso de pepino y melon top care 40 onz,General,General
Jabon Cremoso Humectante Johnson'S Baby 75 Gr,General,General
jabon de avena protex 6 und/paq,General,General
jabon de barra hidratante heno de pravia 150gr,General,General
Jabón de Castilla Lavanda Top Care 32 Onz,General,General
Jabon De Cuaba Antibacterial Líder 16 Onz,General,General
jabon de cuaba antibacterial lider 1gl,General,General
jabon de cuaba bebe cielo azul 5 und/paq,General,General
jabon de cuaba coco cielo azul 5 und/paq,General,General
jabon de cuaba en bola candado 5 und/paq,General,General
jabon de cuaba en bola cielo azul 5 und/paq,General,General
jabon de cuaba en pasta candado 5 und/paq,General,General
jabon de cuaba en pasta fragancia floral cielo azul 5 und/paq,General,General
jabon de cuaba en pasta fragancia primavera candado 5 und/paq,General,General
jabon de cuaba en pasta sunami 5 und/paq,General,General
jabon de cuaba liquido cruz verde 1/2gl,General,General
jabon de cuaba liquido cruz verde 1gl,General,General
jabon de cuaba liquido cruz verde 800ml,General,General
jabon de cuaba liquido lavador 1lt,General,General
jabon de cuaba liquido lavador 5000ml,General,General
jabon de cuaba liquido lider 128 onz,General,General
jabon de cuaba liquido lider 2.5gl,General,General
jabon de cuaba rallado candado 375gr,General,General
jabon de cuaba rallado cielo azul 375gr,General,General
jabon de mano avena doypack protex 500ml,General,General
Jabón de Manos Aloe Vera Líder 500 ml,General,General
jabon de manos aloe vera lider 500ml,General,General
jabon de manos antibacterial clear top care 7.5 onz,General,General
jabon de manos antibacterial fragancia melon top care 7.5 onz,General,General
Jabon De Manos Con Avena Líder 500 Ml,General,General
Jabon De Manos Dermo Líder 500 Ml,General,General
jabon de manos espumoso complete top care 7.5 onz,General,General
jabon de manos espumoso fragancia pepino y coco top care 7.5 onz,General,General
Jabón De Manos Frutos Rojos Líder 500 Ml.,General,General
jabon de manos frutos rojos lider 500ml.,General,General
Jabón De Manos Granada Líder 500 Ml,General,General
jabon de manos granada lider 500ml,General,General
Jabón de Manos Leche y Miel Líder 500 ml,General,General
Jabon En Barra Antibacterial Con Aloe Vera Y Oliva Líder 3 Und/Paq,General,General
Jabón En Barra Antibacterial Con Avena Y Miel Líder 3 Und/Paq,General,General
Jabon En Barra Antibacterial Limpieza Profunda Líder 3 Und/Paq,General,General
jabon en barra blanco dove 3 und/paq 90gr,General,General
jabon en barra clasico coast zest 4 onz 3 und/paq,General,General
jabon en barra con azufre asepxia 100gr,General,General
Jabon En Barra Con Carbon Asepxia 100 Gr,General,General
jabon en barra con miel lavador 75gr; 4 und/paq,General,General
Jabon En Barra Con Oliva Y Aloe Palmolive Naturals 100 Gr; 3 Und/Paq,General,General
jabon en barra con omega 3 protex 110gr; 3 und/paq,General,General
jabon en barra con vitamina e protex 110gr; 3 und/paq,General,General
Jabon En Barra Cuida Y Protege Dove 90 Gr; 6 Und/Paq,General,General
jabon en barra exfoliante asepxia 100gr,General,General
jabon en barra fragancia clasica coast zest 4 onz,General,General
Jabón En Barra Humectación Refrescante Sandía y Lychee Palmolive Naturals 100 Gr,General,General
jabon en barra humectacion refrescante sandia y lychee palmolive naturals 100gr,General,General
jabon en barra karite y vainilla dove 3 und/paq 90gr,General,General
jabon en barra lavanda y crema palmolive 3 und/paq,General,General
jabon en barra mandarina y romero palmolive 3 und/paq,General,General
jabon en barra men sport protex 100gr; 3 und/paq,General,General
Jabon En Barra Shea Butter Dove 4.25 Onz; 6 Und/Paq,General,General
jabon en barra yogurt y frutas palmolive 3 und/paq,General,General
jabon facial hidratante espuma cerave 12 onz,General,General
Jabón Facial Hidratante Espuma Cerave 12 Onz,General,General
jabon hidratante lider body original 3 und,General,General
Jabón Hidratante Líder Body Original 3 Und,General,General
jabon humectante de karite lider body 3und,General,General
Jabón Humectante de Karité Lider Body 3Und,General,General
jabon intimo breeze camomila lactacyd 200ml,General,General
Jabón Íntimo Con Aceite Esencial De Lavanda Nosotras 200 Ml,General,General
jabon intimo cuidado natural nivea 250ml,General,General
jabon intimo cuidado suave nivea 250ml,General,General
Jabon Intimo Frescura Extrema Nosotras 200 Ml,General,General
Jabón Íntimo Fresh Borasol Protección Prolongada 8 oz,General,General
jabon intimo fresh borasol proteccion prolongada 8oz,General,General
Jabon Intimo Herbal Nosotras 200 Ml,General,General
Jabón Íntimo Hidratante Agua De Rosas Nosotras 200 Ml,General,Bebidas
Jabon Intimo Hipoalergenico Light & Fresh Scent Top Care 12 Onz,General,General
jabon intimo lactoval 200ml,General,General
jabon intimo lemisol original 16 onz,General,General
jabon intimo lemisol soft 12.5 onz,General,General
Jabon Intimo Para Piel Normal Summer'S Eve 15 Onz,General,General
Jabón Íntimo Sensitive Borasol Cuidado Delicado 8 oz,General,General
jabon intimo sensitive borasol cuidado delicado 8oz,General,General
Jabon Intimo Sensitive Nosotras 200 Ml,General,General
jabon intimo sensitive skin top care 15 onz,General,General
Jabon Intimo Sensitive Summer'S Eve 9 Onz,General,General
jabon intimo sheer floral summer's eve 9 onz,General,General
Jabón Intimo Sheer Floral Summer's Eve 9 Onz,General,General
Jabón Íntimo Teen Borasol Frescura Juvenil 8 oz,General,General
jabon intimo teen borasol frescura juvenil 8oz,General,General
jabon limpiador hidrantante en barra 4.5 onz,General,Limpieza
Jabón Limpiador Hidrantante En Barra 4.5 Onz,General,Limpieza
jabon limpieza profunda protex 6 und/paq,General,General
jabon liquido age defying con vitamina e olay 12.3 onz,General,General
Jabón Liquido Age Defying Con Vitamina E Olay 12.3 Onz,General,General
Jabon Liquido Antes De Dormir Johnson'S Baby 200 Ml,General,General
Jabon Liquido Cabeza Y Cuerpo Johnson'S Baby 200 Ml,General,General
Jabon Liquido Cabeza Y Cuerpo Tippy Toes 15 Onz,General,General
jabon liquido carbon detox asepxia 200ml,General,General
Jabon Líquido Corporal Macadamia  Y Peonia Palmolive 390 Ml,General,General
jabon liquido corporal watermelon & lychee palmolive 390ml,General,General
jabon liquido de avena para manos protex 221ml,General,General
jabon liquido de cuerpo ultra humectante top care 24 onz,General,General
jabon liquido de manos antibacterial hidratante top care 18 onz,General,General
jabon liquido de manos coco y algodon palmolive,General,General
jabon liquido de manos flor cerezo palmolive,General,General
Jabon Líquido De Manos Hidratante Fragancia Miel Y Leche Top Care 7.5 Onz,General,General
jabon liquido hidratacion profunda top care 2 und/paq 48 onz,General,General
Jabón Líquido Íntimo  Suave Becense 200 Ml,General,General
Jabon Liquido Intimo Borasol 4 Onz,General,General
Jabón Líquido Íntimo Confort Becense 200 Ml,General,General
jabon liquido intimo confort becense 200ml,General,General
Jabón Líquido Íntimo Natural Becense 200 Ml,General,General
jabon liquido intimo natural becense 200ml,General,General
jabon liquido intimo suave becense 200ml,General,General
Jabon Liquido Night Time Tippy Toes 15 Onz,General,General
jabon liquido original verde top care 33.9oz,General,General
jabon liquido para manos fragancia lavanda top care 12.5 onz,General,General
jabon liquido para manos fragancia limon y verbena top care 12.5 onz,General,General
jabon liquido para manos manzana top care 8 onz,General,General
jabon liquido para piel sensible top care 24 onz,General,General
jabon liquido scrubb coconut top care 18 onz,General,General
jabon liquido ultra humedo con shea butter olay 12.3 onz,General,General
Jabón Líquido Ultra Húmedo Con Shea Butter Olay 12.3 Onz,General,General
jabon moisture blast irish spring 3 und/paq,General,General
Jabón Moisture Blast Irish Spring 3 Und/Paq,General,General
Jabon Para Antes De Dormir Johnson'S Baby 75 Gr,General,General
jabon para lavar con toque de aloe vera sunami 5 und/paq,General,General
jabon para lavar toque floral sunami 5 und/paq,General,General
jabon refrescante de pepino lider body 3und,General,General
Jabón Refrescante de Pepino Lider Body 3Und,General,General
jagua; lb (aprox. 2-3 unidades por libra),General,Bebidas
Jalao Jomisardys 11 Onz,General,General
Jamón Corte Real Checo; Lb,General,General
jamon de muslo de pavo elpozo; lb,General,General
Jamón de Pechuga de Pavo Caserio 2 Lb,General,General
Jamón De Pechuga De Pavo Rebanado Caserio 0.75 Lb,General,General
jamon del diablo underwood 4.25 onz,General,General
Jamón Embutido Docisa Ibérico de Bellota 100 GR,General,Carnes y Mariscos
Jamón Embutido Docisa Ibérico de Cebo 100 GR,General,Carnes y Mariscos
Jamón Embutido Docisa Ibérico Premium 60 GR,General,Carnes y Mariscos
jamon iberico bellota 5j loncheado 70gr,General,General
jamon iberico lascas el pozo 80gr.,General,General
jamon iberico petit 7 hermanos,General,General
Jamón Legado Ibérico Selección El Pozo 60 Gr,General,General
Jamón Picnic Checo; Lb,General,General
jamon picnic cocido lider; lb,General,General
Jamón Picnic Mixto Checo 340 Gr,General,General
Jamón Picnic Prensado Ahumado Chef; Lb,General,General
jamon serrano campofrio 80gr,General,General
Jamon Serrano Deshuesado Gran Reserva La Solera; Lb,General,General
Jamon Serrano ElPozo + Chuchillo Jamonero,General,Carnes y Mariscos
Jamón Serrano En Taquitos El Pozo 65 Gr.,General,General
Jamón Serrano Gran Reserva Docisa 100 g,General,General
Jamón Serrano Loncheado El Pozo 80 Gr,General,General
Jamon Serrano Loncheado ElPozo 500 Gr,General,General
Jamón Serrano Loncheado Líder 150 g,General,General
jamon serrano loncheado lider 80g,General,General
Jamón Serrano Moldeado ElPozo; Lb,General,General
jamon serrano petit 7 hermanos 1kg,General,General
jengibre deshidratado eloy's 6 onz,General,General
jengibre encurtido okayama 340gr,General,General
jengibre molido carmencita 37gr,General,General
jengibre shoga para sushi roland 8oz,General,General
Jengibre; Lb (Aprox. 5-7 Unidades Por Libra),General,General
jerez osborne pedro ximenez 75 cl,General,General
jeringa oral 1ml top care,General,General
Judia Verdes Cortadas Congeladas Emborg 450 Gr.,General,General
Judías Verdes Troceadas Maheso Congeladas 400 g,General,General
Judiones Cocidos La Asturiana 570 Gr,General,General
Judiones Extra Cidacos 570 Gr,General,General
juego de domino blanco con pintas verdes,General,General
Juego Hamburguesa 12 Piezas,General,General
jugo berry organico prensado en frio all wello 11.1 onz.,General,Bebidas
jugo coctel de nectares santal 1lt,General,Bebidas
jugo coctel de nectares santal 200ml,General,Bebidas
Jugo Coctelería Finest Call Single Pressed Lime 1 LT,General,Bebidas
jugo concentrado de chinola barcelo 1/2gl,General,Bebidas
jugo concentrado de chinola barcelo 1gl,General,Bebidas
jugo concentrado de chinola barcelo 30 onz,General,Bebidas
jugo concentrado de chinola lider 1gl,General,Bebidas
jugo concentrado de chinola lider 32 onz,General,Bebidas
jugo concentrado de fruit punch barcelo 1/2gl,General,Bebidas
jugo concentrado de fruit punch barcelo 1gl,General,Bebidas
jugo concentrado de fruit punch barcelo 30 onz,General,Bebidas
Jugo Concentrado De Fruit Punch Líder 1 Gl,General,Bebidas
jugo concentrado de naranja barcelo 1gl,General,Bebidas
jugo concentrado de naranja barcelo 30 onz,General,Bebidas
jugo concentrado de naranja lider 1gl,General,Bebidas
jugo concentrado de pina barcelo 30 onz,General,Bebidas
jugo concentrado de tamarindo bon 57 onz,General,Bebidas
jugo concentrado limon lider 1gl,General,Bebidas
jugo concentrado limon lider 1lt,General,Bebidas
jugo concentrado limonada barcelo 30 onz,General,Bebidas
jugo concentrado sabor naranja lider 32 onz,General,Bebidas
Jugo Concentrado Tamarindo Líder 1 Lt,General,Bebidas
jugo de cereza santal 1lt,General,Bebidas
jugo de cereza santal 330ml,General,Bebidas
jugo de coctel de frutas lider 59 onz,General,Bebidas
jugo de cranberry cocktail oceanspray 450ml,General,Bebidas
jugo de cranberry food club 64 onz,General,Bebidas
jugo de cranberry oceanspray 64 onz,General,Bebidas
jugo de fruit punch mott's 200ml 8 und/paq,General,Bebidas
jugo de guayaba santal 1lt,General,Bebidas
jugo de limon natural floridas natural 59oz,General,Bebidas
jugo de mago santal 1lt,General,Bebidas
jugo de mango santal 330ml,General,Bebidas
jugo de melocoton santal 1lt,General,Bebidas
jugo de melocoton santal 330ml,General,Bebidas
jugo de pera santal 1lt,General,Bebidas
jugo desintoxicante go green prensado en frio all wello 11.1 onz.,General,Bebidas
jugo fruit punch rica 59 onz,General,Bebidas
jugo organico tropical presando en frio all wello 11.1 onz.,General,Bebidas
Jugo Rica de Naranja 1 Litro,General,Bebidas
jugo sabor citrus punch frutop 450ml,General,Bebidas
jugo sabor cranberry del monte 1lt,General,Bebidas
jugo sabor fruit punch frutop 450ml,General,Bebidas
jugo sabor manzana punch frutop 450ml,General,Bebidas
jugo sabor tamarindo rica 1lt,General,Bebidas
Jugo Santal de Pera 1 Litro,General,Bebidas
Kale Triturado Orgánico Full Circle 12 Onz,General,Frutas y Vegetales
Kale Trudeau Paq. 250 Gr,General,Frutas y Vegetales
Kefir Lácteo Lifeway Plain Sin Azúcar 32 OZ,General,General
Kefir Lowfat Sabor Fresa Lifeway 8 Onz,General,General
Kéfir Sabor Agave Okava 6 Onz,General,General
Kefir Sabor Banana y Fresa Bajo en Grasa Lifeway 8 Onz,General,General
Kéfir Sabor Blueberry Okava 6 Onz,General,General
Kéfir Sabor Fresa Okava 6 Onz,General,General
Kéfir Sabor Natural Okava 6 Onz,General,General
Kéfir Sabor Vainilla Okava 32 Onz,General,General
kit 2r paella marisco 255gr carmencita,General,General
kit 2r paella verdura 255gr carmencita,General,General
kit cocina miyata sushi 85gr,General,General
kit coloracion igora vital 1-0 negro 50ml,General,Cuidado Personal
Kit de Quesos Británicos Coombe Castle 320 Gr,General,General
Kit Difusor Automático Aroma Summer Delight Airwick 6.17 Onz,General,General
Kiwi Congelado Vima 450 Gr,General,General
Kiwi; Lb (Aprox. 2-5 unidades Por Libra),General,General
l’oreal revitalift gel acido glicolico espumoso,General,General
La Gula Del Norte Al Ajillo Congeladas 250 Gr,General,General
laceador bifasico reconstructor deya 8 onz,General,General
laceador soft bambu deya 8 onz,General,General
Lacón De Cerdo Ahumado Empacado; Lb,General,General
lacon de cerdo fresco empacado; lb (peso aprox. 1libra),General,General
lacon de cerdo fresco; lb,General,General
Lagarto De Cerdo Empacado; Lb (Peso Aprox. 1 Libra),General,General
Lagarto De Cerdo; Lb,General,General
lakanto endulzante monkfruit dorado 1lb,General,Despensa
Langostino Importado Precocido Congelado; Lb (Peso Aprox. 1 Libra),General,Carnes y Mariscos
lasagna lider 14 onz,General,General
Lasaña Boloñesa Pequeña Empacada,General,General
Lasaña de Carne Rana 12 Onz,General,General
Lasaña De Pollo Pequeña Empacada Cafeteria,General,Carnes y Mariscos
lavaplato crema olor limon axion 1000gr,General,General
Laxante Jalea De Ciruelax 300 Gr,General,Despensa
Laxante Liquido Ciruelax 120 Ml,General,General
Leave In De Coco Deya 8 Onz,General,General
leave in dream lengths 8 seconds wonder water l'oreal elvive 200ml,General,General
leave in dream lengths curls l'oreal elvive 10.2 onz,General,General
leave in dream lengths l'oreal elvive 200ml,General,General
leave in keratin deya 8 onz,General,General
leave-in bambu silicon mix avanti 8 onz,General,General
Leave-in con Protección Térmica Maka Essentials 6.8 Onz,General,General
leave-in en spray proteccion al calor dream lengths l'oreal elvive 4.4 onz,General,General
Leave-in en Spray Sleek&Shine Garnier Fructis 8.1 Onz,General,General
leave-in proteina de perla silicon mix avanti 8 onz,General,General
Leche Avena Elmhurst 32 Onz,General,General
leche bebida parmalat zymil chocolate 200ml,General,Lácteos
leche bebida parmalat zymil chocolate 300ml,General,Lácteos
leche chocolate 2% dos pinos 1lt,General,Lácteos
leche con avena dos pinos 1lt,General,Lácteos
leche con avena dos pinos 250ml,General,Lácteos
Leche De Almendra  Almond Breeze 32 Onz,General,Lácteos
Leche De Almendra  Califia 48 Onz,General,Lácteos
Leche De Almendra  Silk 32 Onz,General,Lácteos
Leche De Almendra Barista Mix Califia 32 Onz,General,Lácteos
Leche De Almendra Edición Barista Elmhurst 32 Onz,General,Lácteos
leche de almendra full circle 32 onz,General,Lácteos
Leche De Almendra LíDer 1 Lt,General,Lácteos
Leche De Almendra Rica 1 Lt,General,Lácteos
Leche De Almendra Sabor Vainilla Califia 48 Onz,General,Lácteos
Leche De Almendra Sabor Vainilla Silk 32 Onz,General,Lácteos
Leche De Almendra Sabor Vainilla Sin Azúcar Almond Breeze 32 Onz,General,Lácteos
Leche De Almendra Sin Azúcar Elmhurst 32 Onz,General,Lácteos
leche de almendra sin azucar lider 1lt,General,Lácteos
Leche De Almendra Sin Azúcar Sabor Vainilla Full Circle 32 Onz,General,Lácteos
Leche De Almendra Sin Azúcar Silk 64 Onz,General,Lácteos
Leche De Avellana Sin Azúcar Elmhurst 32 Onz,General,General
Leche De Avena Full Circle 32 Onz,General,Lácteos
Leche De Avena Parmalat 1 Lt,General,Lácteos
Leche De Avena Sin Azúcar Califia 48 Onz,General,Lácteos
Leche De Avena Sin Azúcar Elmhurst 32 Onz,General,Lácteos
Leche De Cabra En Polvo Meyenberg 12 Onz,General,General
Leche De Cabra Evaporada Meyenberg 12 Onz,General,General
Leche De Cajuil Sin Azúcar Elmhurst 32 Onz,General,General
leche de chocolate parmalat 1lt.,General,Lácteos
Leche De Coco Goya 13.5 Onz,General,General
Leche De Coco La Famosa 8 Onz,General,General
Leche De Coco Líder 13.5 Onz,General,General
Leche de Coco Orgánica Full Circle 13.5 Onz,General,General
Leche De Coco Sin Azúcar Full Circle 32 Onz,General,General
Leche de Crecimiento Alacta Plus Polvo 1650 Gr,General,General
Leche De Macadamia Sin Azúcar Milkadamia 32 Onz,General,General
Leche De Pistacho Edición Barista Elmhurst 32 Onz,General,General
Leche De Soya  Full Circle 32 Onz,General,Lácteos
Leche De Soya  Silk 32 Onz,General,Lácteos
leche de soya en polvo nutra 1800gr,General,Lácteos
leche de soya en polvo nutra junior 400gr,General,Lácteos
leche de soya nutra 2269gr,General,Lácteos
Leche de Soya Nutra Junior 400 Gr,General,Lácteos
Leche De Soya Organica Sabor Vainilla Full Circle 32 Onz,General,Lácteos
Leche De Soya Organica Sin Azúcar Full Circle 32 Onz,General,Lácteos
Leche De Soya Sin Azúcar Silk 32 Onz,General,Lácteos
Leche Dietalat Parmalat 1 Lt,General,Lácteos
leche fortificada nutra junior 1800gr,General,General
Leche Fresca 100% Pura De Cabra Nacional 1 Lt,General,General
Leche Fresca 100% Pura De Vaca Nacional 1 Lt,General,General
Leche La Vaquita 1 Lt,General,General
Leche Liquida Descremada President 1 Lt,General,General
Leche Liquida Entera Milex 1LT.,General,General
Leche Liquida Entera President 1 Lt,General,General
Leche Liquida Sin Lactosa Milex 1 Lt,General,General
Leche Milex Líquida Entera 1 Litro,General,General
Leche Parmalat Entera 1 Litro,General,Lácteos
Leche Rica Listamilk Entera 1 Litro,General,General
leche sabor chocolate choco con calcio uht rica 330ml,General,Despensa
leche sabor chocolate choco junior rica 200ml,General,Despensa
Leche Sabor Chocolate Parmalat 200 Ml,General,Lácteos
leche sabor chocolate vaquita rica uht 200ml.,General,Despensa
leche sabor vainilla parmalat 200ml,General,Lácteos
leche sabor vainilla parmalat 330ml,General,Lácteos
Lechosa Hawaiana; Lb (Peso Aprox. 4.5 Libras),General,Lácteos
Lechuga Artisan Romana Importada Paq. (Peso Aprox.  2 Libra Por Paquete),General,Frutas y Vegetales
Lechuga Batavia Hidropónico; Und,General,Frutas y Vegetales
Lechuga Bicolor Artisan Paq.,General,Frutas y Vegetales
Lechuga Boston Hidropónico; Und,General,Frutas y Vegetales
Lechuga Criolla Corazon De Romana Paq. (Aprox. 3 Unidades Por Paquete),General,Frutas y Vegetales
Lechuga Dulce; Und,General,General
Lechuga Endivia; Und,General,Frutas y Vegetales
Lechuga Escarola Hidropónica Paq. 3 Onz,General,Frutas y Vegetales
Lechuga Repollada; Lb (Peso Aprox. 1 Libra),General,Frutas y Vegetales
Lechuga Roja; Und,General,Frutas y Vegetales
Lechuga Salanova Paq. (Aprox. 6 Unidades Por Paquete),General,Frutas y Vegetales
lejia lider 350gr,General,General
Lemon Bites Mandul 200 g,General,General
levadura de pan nagua 97.2g,General,Bebidas
Levadura Para Hornear Sin Gluten Royal 16 Gr,General,Despensa
Licor 43 Original 75 Cl.,General,General
Licor Amaretto Albaricoque Disaronno 70 Cl,General,General
Licor Amaretto Lagrange 70 Cl,General,General
Licor Anisado Ricard Pastis 75 Cl,General,General
Licor Blue Curacao Lagrange 70 Cl,General,General
Licor Branca Fernet 75 Cl,General,General
Licor Crema De Cassis Jardin Secret 70 Cl,General,General
Licor Digestivo St. Germain Elderflower 75 CL,General,General
Licor Drambuie 75 Cl,General,General
Licor Jagermeister 75 Cl,General,General
Licor Latte Macchiato Bottega 50 Cl,General,General
Licor Limoncello Bottega 70 Cl,General,General
Licor Limoncino Bottega 50 Cl,General,General
Licor Menta Verde Lagrange 70 Cl,General,General
Licor Pacharan Zoco 1 Lt,General,General
Licor Romana Sambuca 75 Cl,General,General
Licor Sabor Menta Branca Fernet 75 Cl,General,General
Licor Sambuca Blanca Bottega 70 Cl,General,General
Licor Triple Sec Naranja Le Favori 70 Cl,General,General
Licor Triple Seco De Naranja Cointreau 70 Cl,General,General
Licor Triple Seco Lagrange 70 Cl,General,General
Licor Vecchio Amaro Del Capo 70 Cl,General,General
lider bateria alcalina c 2 unidades,General,General
Líder Jabón de Manos Kids 500 ml,General,General
lider jabon de manos kids 500ml,General,General
Líder Nuggets De Pollo;  Paq (Peso Aprox. 2.2 Libras),General,General
Lima Con Removedor Para Cuticulas Top Care 1 Und/Paq,General,Frutas y Vegetales
Lima Corta Top Care 10 Und/Paq,General,Frutas y Vegetales
Lima Para Uñas Artificiales Top Care,General,Frutas y Vegetales
Lima Para Uñas Large Top Care 1 Und/Paq,General,Frutas y Vegetales
Lima Para Uñas Naturales Top Care,General,Frutas y Vegetales
Limón Amarillo; Lb (Aprox. 5-7 Unidades Por Libra),General,General
Limón Verde Malla  Lb (Peso Aprox. 2 Libras),General,General
limonada natural don simon 1.5lit,General,Bebidas
Limoncello Villa Massa 75 Cl,General,General
limpiador abrillantador para laminados; vinilo y pvc 1l hg,General,Limpieza
limpiador acero inoxidable en aerosol weiman's 12 onz,General,Limpieza
limpiador acero inoxidable wipes weiman's 30 und/paq,General,Limpieza
Limpiador Antical Gel Casa Líder 750 ml,General,Limpieza
limpiador antigrasa bioactive trigger cif 500ml,General,Limpieza
limpiador de acero inoxidable bufalo 200 cc,General,Limpieza
limpiador de alfombras y tapiceria 500ml the pink stuff,General,Limpieza
Limpiador De Baño Con Lejía Scrubbing Bubbles 32 Onz,General,Limpieza
Limpiador De Baño Foam Con Atomizador Crossco 22 Onz,General,Limpieza
Limpiador de Baño The Pink Stuff Foam Trigger 750 ml,General,Limpieza
Limpiador De Baño Ultra Rapido Cif 500 Ml,General,Limpieza
limpiador de cristales casa lider 1gl,General,Limpieza
limpiador de cristales casa lider 950ml,General,Limpieza
limpiador de cristales le blanc 1000ml,General,Limpieza
limpiador de cristales leblanc 1000ml para rellenar,General,Limpieza
limpiador de cristales organico full circle 32 onz,General,Limpieza
limpiador de cristales ultra rapido cif 500ml,General,Limpieza
limpiador de cristales vidrex crossco 32 onz,General,Limpieza
limpiador de cristales y superficies mr. musculo 500ml,General,Limpieza
limpiador de dientes super suave top care 40 und/paq,General,Limpieza
Limpiador De Ducha Simply Done 32 Onz,General,Limpieza
limpiador de hornos casa lider 16oz,General,Limpieza
limpiador de hornos cruz verde 476gr,General,Limpieza
limpiador de hornos y parrillas 500ml hg,General,Limpieza
Limpiador de Inodoros The Pink Stuff 750 ml,General,Limpieza
limpiador de joyas con brocha weiman´s 6 onz,General,Limpieza
limpiador de loseta casa lider 25 onz,General,Limpieza
limpiador de madera aceite de limon old english 16 onz,General,Limpieza
limpiador de madera casa lider 16oz,General,Limpieza
limpiador de madera en aerosol limon old english 12.5 onz,General,Limpieza
limpiador de madera jabon en aerosol bufalo 360 cc,General,Limpieza
limpiador de metales casa lider 16oz,General,Limpieza
limpiador de parrilla y rejilla goo gone 24 onz,General,Limpieza
limpiador de pisos concentrado aroma pino cruz verde 800ml,General,Limpieza
limpiador de pisos madera weiman 32 onz,General,Limpieza
limpiador de plata en crema weiman's 8 onz,General,Limpieza
limpiador desinfectante de granito y piedra weiman 24 onz,General,Limpieza
limpiador electronicos wipes weiman's 30 und/paq,General,Limpieza
Limpiador en Aceite Espumoso Hidratante CeraVe 12 Onz,General,Limpieza
Limpiador En Gel Acción Brisa Marina Pato 500 Ml,General,Limpieza
limpiador en polvo con bicarbonato arm & hammer 12 onz,General,Limpieza
limpiador espuma barrido face fact 400ml,General,Limpieza
limpiador espuma imperfecciones face fact 400ml,General,Limpieza
Limpiador Espumoso Anti-Acné 10% CeraVe  5 Onz,General,Limpieza
Limpiador Exfoliante Facial Y Corporal Cerave 8 Onz,General,Limpieza
Limpiador Facial Aceite De Perla Top Care 8 Onz,General,Limpieza
Limpiador Facial Clarificante Con Carbon Top Care 6.77 Onz,General,Limpieza
Limpiador Facial Con Extracto De Sandia Ponds Fruity Hydra Fresh 200 Ml,General,Limpieza
Limpiador Facial Con Extrado De Aloe Ponds Fruity Hydra Fresh 200 Ml,General,Limpieza
Limpiador Facial En Espuma Cerave 8 Oz,General,Limpieza
Limpiador Facial Espuma Con Agua De Rosas Nivea 150 Ml,General,Limpieza
Limpiador Facial Espumoso Cerave 3 Onz,General,Limpieza
Limpiador Facial Hidratante Cerave 8 Onz,General,Limpieza
Limpiador Facial Para Acne Cerave 8 Onz,General,Limpieza
Limpiador Facial Para Acne Con Peroxido Top Care 5 Onz.,General,Limpieza
Limpiador Facial Sin Aceite Para Acne Top Care,General,Limpieza
Limpiador Facial Suave Top Care 16 Onz,General,Limpieza
Limpiador Gel Inodoro Casa Líder 1 L,General,Limpieza
limpiador granito weiman's 12 onz,General,Limpieza
limpiador gres y marmol la salud 1500ml,General,Limpieza
limpiador liquido de tuberia snake 32 onz,General,Limpieza
limpiador liquido para acero inoxidable dr beckmann 250ml,General,Limpieza
limpiador liquido para acero inoxidable weimans 8 onz,General,Limpieza
Limpiador Líquido Para Baño Mr;  Musculo 650 Ml,General,Limpieza
Limpiador Líquido Poderoso Para Baños Mr. Musculo 500 Ml,General,Limpieza
Limpiador Liquido Verde Bosque de Pino Pato 500 Ml,General,Limpieza
limpiador multiuso en espuma casa lider 16oz,General,Limpieza
limpiador multiuso lestoil 28 onz,General,Limpieza
limpiador multiuso spray the pink stuff 25.4 onz,General,Limpieza
limpiador para airfryer 250ml hg,General,Limpieza
limpiador para alfombra en espuma resolve 22 onz,General,Limpieza
Limpiador Para Baño De Espuma Con Blanqueador Simply Done 30 Onz,General,Limpieza
Limpiador Para Baño Destructor de Orina Resolvet 32 Onz,General,Limpieza
Limpiador Para Baños Aroma Limon Líder 950 Ml,General,Limpieza
Limpiador Para Baños Poderosa Pato 650 Ml,General,Limpieza
limpiador para bbq easy off 14.5 onz,General,Limpieza
limpiador para cafetera 10 unidades hg,General,Limpieza
limpiador para calzado casual y deportivo bufalo 75ml,General,Limpieza
limpiador para cocina con repelente lider 950ml,General,Limpieza
limpiador para cristales en spray simply done 19 onz,General,Limpieza
limpiador para gabinetes y maderas weimans 16 onz,General,Limpieza
limpiador para horno carbex crossco 22 onz,General,Limpieza
limpiador para horno libre de humos easy off 14.5 onz,General,Limpieza
limpiador para hornos easy off 14.5 onz,General,Limpieza
Limpiador Para Inodoros Cruz Verde 0.5 Gl,General,Limpieza
Limpiador Para Inodoros Líder 25 Onz,General,Limpieza
limpiador para lentes con panito top care,General,Limpieza
limpiador para lentes top care 8 onz,General,Limpieza
limpiador para piedra natural 1l hg,General,Limpieza
limpiador para pisos piedra weimans 32 onz,General,Limpieza
limpiador para plata en crema hagerty 8 onz,General,Limpieza
limpiador para telas y vinil lemon touch 650ml,General,Limpieza
limpiador para zapato gamuza neutro bufalo 60ml,General,Limpieza
limpiador removedor cemento y manchas de oxido lider 1lt,General,Limpieza
limpiador restaudor piso madera weiman 32 onz,General,Limpieza
Limpiador Septico Para Indoros Simply Done 9.8 Onz.,General,Limpieza
linaza dorada en semillas bio eva 200gr,General,General
linaza dorada molida multifoods 8 onz,General,General
linaza en polvo biosalud 10 onz,General,General
linaza marron biosalud 8 onz,General,Bebidas
liquido limpiador 2 en 1 para madera orange 16 onz,General,Limpieza
liquido para pulir y brillar madera virginia 250ml,General,General
Loción Antimosquito Johnson's Baby 200 Ml,General,General
Locion Calmante Para La Noche Dove Baby 13 Onz,General,General
locion capilar crecimiento deya 4 onz,General,General
Locion Diaria Hidratante Babyganics 17 Onz,General,General
Loción Facial Hidratante Para La Noche Cerave 3 Onz,General,General
locion hidratante barrido face fact 400ml,General,General
Loción Hidratante Cerave 12 Onz,General,General
Locion Hidratante Dove Baby 13 Onz,General,General
locion hidratante jeannette urea 10% 10oz,General,General
locion hidratante jeannette urea 10% 17oz,General,General
locion hidratante jeannette urea 10% 4oz,General,General
locion hidratante top care 18 onz,General,General
locion humectante cocoa butter top care 24.5 onz,General,General
locion humectante top care 10 onz,General,General
Locion Para Bebe Night Time Tippy Toes 15 Onz,General,General
Locion Para Bebe Tippy Toes 15 Onz,General,General
locion para piel suave top care 16 onz,General,General
locion post afeitado nivea deep comfort 100ml,General,General
Lomitos De Salmón Congelados 2 Und/Paq,General,Carnes y Mariscos
Lomo De Atun Con Maiz Calvo 142 Gr,General,Limpieza
Lomo De Bacalao Congelado Royal 300 Gr,General,Limpieza
Lomo De Bacalao Desalado Riberalves 550 Gr.,General,Limpieza
Lomo De Salmon Congelado Royal 500 Gr,General,Limpieza
Lomo Embuchado Casaponsa 100 Gr,General,Limpieza
lomo iberico de bellota loncheado 5j 70gr,General,Limpieza
Lomos De Bacalao Extra Saithe Riberalves 530 Gr.,General,Limpieza
Longaniza Casera Higueral,General,Carnes y Mariscos
Longaniza Fina El Criollo 1 Lb,General,Carnes y Mariscos
Longaniza Fresca El Criollo 1 Lb,General,Carnes y Mariscos
Longaniza Gruesa El Criollo 1 Lb,General,Carnes y Mariscos
Longaniza Hugo Pork 450 Gr,General,Carnes y Mariscos
Longaniza Precocida Líder 1 Lb,General,Carnes y Mariscos
lulo paq.,General,General
lustrador para madera lider 8 onz,General,General
lychee; lb,General,General
Lychees En Almibar Okayama 567 Gr,General,General
Macarons Surtido Chateau Blanc Petit 12 Und/Paq,General,General
Macarron Con Queso That'S Smart 6.25 Onz,General,Bebidas
Macarron De Coco Con Chocolate Sweet P'S 11.5 Onz,General,Bebidas
Macarron Sabor Coco La Panera 4 Und/Paq,General,Bebidas
maduritos medianos frito lay 110gr,General,General
magefesa colombia cafetera 9 tz,General,General
maiz chaca giselle 400gr,General,General
maiz chenchen giselle 400gr,General,General
maiz con coco la famosa 15oz,General,General
maiz con coco la famosa 8oz,General,General
Maíz Dulce Congelado Lider 450 gr,General,General
maiz dulce crujiente la famosa 12 onz,General,General
maiz dulce estilo americano la famosa 15 onz,General,General
maiz dulce food club 8.5 onz,General,General
maiz dulce goya 15.25 onz,General,General
Maíz Dulce La Famosa 15 oz,General,General
maiz dulce libby's 15.25 onz,General,General
maiz dulce lider 6.5 onz,General,General
maiz dulce linda 15 onz,General,General
Maiz Dulce Paq. (Aprox. 3 Unidades Por Paquete),General,General
maiz dulce sin sal anadida food club 15.25 onz,General,General
maiz dulce victorina 15 onz,General,General
maiz inflado churruca kikonazo 100gr,General,General
Maíz Kernel Dulce Congelado FC 12 oz,General,General
maiz lider para pop corn 800gr,General,General
Maíz Mazorca Mini Emborg 6 Und/Paq,General,General
Maiz Para Gallo Líder 800 Gr,General,General
maiz para pop corn goya 16 onz,General,General
Malta Hypermalt Lata 330 Ml,General,General
Malta Morena Botella Pet 8 Onz; 6  Und/Paq,General,General
Malta Morena Lata 8 Onz; 6 Und/Paq,General,General
Malta Morena Mediana 12 Onz,General,General
Malta Rica 350 Ml,General,General
malta rica 350ml,General,General
Malta Tigerbrau 10 Onz,General,General
Mamajuana Macorix 700 Ml,General,General
mamajuana macorix 700ml,General,General
Mamajuana Picante Caribeño Mamajuana 37.5 Cl,General,General
Mamajuana Spicy 700 Ml,General,General
Mandarina Entera En Conserva Roland 15 Onz,General,General
Mandarina Naranja Sin Azucar En Conserva Food Club 3.8 Onz; 4 Und/Paq,General,General
Mandarina; Lb,General,Frutas y Vegetales
manga con boquillas para decorar,General,General
Mango Banilejo; Und,General,General
mango congelado pisca 2lb,General,General
mango deshidratado carimango 50gr,General,General
mango deshidratado food club 4 onz,General,General
mango deshidratado lider 8oz,General,General
Mango Grano De Oro; Und,General,General
Mango Keith; Und,General,General
mango madame francoise; und,General,General
Mango Margarita Daiquiri Master Of Mixes 1 Lt,General,General
Mango Mingolo; Und,General,General
Mango Tommy/Kent; Und,General,General
mani asado con poca sal imperial nuts 16 onz,General,Despensa
mani clasico planters 6 onz,General,Despensa
mani cocktail planters 16 onz,General,Despensa
mani deshidratado importado pza,General,Despensa
mani honey roasted planters 12 onz,General,Despensa
mani y frutas deshidratadas protein bag imperial nuts 2.25 onz,General,Despensa
Manicotti de Queso 18 Onz Food Club,General,Despensa
manteca corporal sea breeze h&b 200ml,General,General
manteca corporal summer beach h&b 200ml,General,General
Manteca de Cerdo Cimarrón 18 Onz.,General,Bebidas
Manteca De Cerdo Iberico ElPozo 400 Gr,General,General
Manteca De Cerdo Para Cocinar Lardo 16 Onz,General,General
Manteca Vegetal En Barra Crisco 20 Onz,General,General
Mantequilla Clarificada Ghee 4Th&Heart Spray 9 Onz,General,General
Mantequilla Clarificada Organica Ghee Purity Farms 7.5 Onz,General,General
Mantequilla Con Ajo Lurpak 125 Gr,General,General
Mantequilla De Ajonjoli Tahini Eva 200 Gr,General,General
Mantequilla De Almendra Alta En Proteina Sin Endulzar Virgin Nature 16 Onz,General,Bebidas
Mantequilla De Almendra Organica Full Circle 16 Onz,General,General
Mantequilla De Almendra Sin Azúcar Once Again 16 Onz,General,Limpieza
Mantequilla De Almendra Sin Gluten Eva 200 Gr,General,General
Mantequilla de Cabra Delamere 250 g,General,General
Mantequilla De Cajuil Sin Gluten Eva 200 Gr,General,General
Mantequilla de Maní Alta en Proteína Virgin Nature 16 Onz,General,Bebidas
Mantequilla De Mani Creamy Tsmart 16 Onz,General,Despensa
mantequilla de mani cremosa lider 454gr.,General,Despensa
Mantequilla De Mani Cremosa Organica Full Circle 16 Onz,General,Despensa
Mantequilla De Mani Cremosa Peter Pan 18 Onz,General,Despensa
Mantequilla de Maní Crujiente Virgin Nature 16 Onz,General,Bebidas
Mantequilla De Mani Crunch Peter Pan 18 Onz,General,Despensa
Mantequilla De Mani Crunchy Tsamrt 16 Onz,General,Despensa
Mantequilla De Maní Cunchy Líder  454 Gr.,General,Despensa
Mantequilla De Mani Sin Endulzar Virgin Nature 16 Onz,General,Bebidas
Mantequilla en Barra Con Sal Devon 227 Gr,General,General
Mantequilla en Barra Con Sal Lider 100 gr,General,General
Mantequilla En Barra La Asturiana 250 Gr,General,General
Mantequilla En Barra Lurpak 200 Gr,General,General
mantequilla en barra sin sal lider 100gr,General,General
Mantequilla En Barra Sin Sal Sosua De 4 Onz,General,General
Mantequilla En Tarro La Asturiana 250 Gr,General,General
Mantequilla Lácteo Kerrygold Con Sal 200 GR,General,General
mantequilla lacteo kerrygold sin sal 200gr,General,General
Mantequilla Light Con Sal President 250 Gr,General,General
Mantequilla Light Lurpak 250 Gr,General,General
mantequilla light sin sal president 250gr,General,General
Mantequilla Organica Ghee Full Circle 12 Onz,General,General
Mantequilla Parmareggio 200 Gr,General,General
mantequilla parmareggio 200gr,General,General
Mantequilla President 200 Gr,General,General
mantequilla president 200gr,General,General
Mantequilla President 250 Gr,General,General
mantequilla president 250gr,General,General
Mantequilla President 500 Gr,General,General
mantequilla president 500gr,General,General
Mantequilla Rica En Barra 4 Onz,General,General
Mantequilla Sin Lactosa Asturiana 250 Gr,General,General
Mantequilla Sin Soya Sin Lactosa Earth Balance 15 Onz,General,General
Mantequilla Sosua Barra 4 Onz,General,General
Mantequilla Sosua Tarro 8 Onz,General,General
Mantequilla Vegetal Untable Organica Full Circle 13 Onz,General,General
Manzana Amarilla Golden Paq. 3 Lbs (Aprox. 9-12 Unidades),General,General
manzana cripps pink paq. 2lb,General,General
manzana koru paq. 2lb,General,General
manzana lucyrose paq. 2lb,General,General
Manzana Pink Lady; Lb (Aprox. 2-3 unidades Por Libra),General,General
Manzana Red Delicious Bebe;Und,General,General
Manzana Red Delicious Paq. (Aprox. 3 Libras),General,General
Manzana Red Delicious; Lb (Aprox. 3-5 unidades Por Libra),General,General
Manzana Rockit Paq. 2 Lb (Aprox. 12 Unidades Por Paquete),General,General
manzana sugar bee paq. (aprox. 6-8 unidades por 2libras),General,General
Manzana Verde Granny Smith Paq. (Aprox. 3 Libras),General,Frutas y Vegetales
Manzana Verde Granny Smith; Lb (Aprox. 3-5 unidades Por Libra),General,Frutas y Vegetales
Manzana Verde Orgánica Paq. 2 Lb (Aprox. 6-8 Unidades),General,Frutas y Vegetales
Mapuey; Lb (Aprox. 1-2 unidades Por Libra),General,General
Maria Tortillas De Trigo Estilo Burritos 5 Und/Paq,General,General
Maria Tortillas De Trigo Estilo Tacos 10 Und/Paq,General,General
Marinada Mojo Criollo Goya 24 Onz,General,General
Mariscada Líder 2 Lb,General,General
mariscada lider 2lb,General,General
Marshmallow Blanco Guandy 200 Gr,General,General
Marshmallow Colores Guandy 200 Gr,General,General
Marshmallow Relleno De Chocolate Y Vainilla Guandy 7 Oz,General,Despensa
Marshmallows Blancos Food Club 10 Onz,General,General
Marshmallows Jumbo Food Club 24 Onz,General,General
Marshmallows Mini Food Club 10 Onz,General,General
Marshmallows Veganos Dandie's 10 Onz,General,General
Masa de Arepita Yuca Líder 907 Gr,General,General
Masa De Cangrejo Blanca Roland 6 Onz,General,General
Masa De Cerdo Empacada; Lb (Peso Aprox. 1 Libra),General,General
Masa De Cerdo; Lb,General,General
Masa de Cinnamon Rolls Con Icing  Food Club 12.4 Onz,General,General
masa de dumpling gyoza shirakiku 10 onz,General,General
masa de hojaldre fripozo 500gr,General,General
masa de pastelitos y empanadas grande lider 1lb.,General,General
masa de pastelitos y empanadas mediana lider 1lb.,General,General
masa de pastelitos y empanadas pequenas lider 1lb.,General,General
masa de spring roll wei-chuan 11 onz; 25 und/paq,General,General
masa de wonton shirakiku 12 onz,General,General
Masa Fillo #10 Kontos 16 Onz,General,General
masa hojaldre sin gluten schar 17.6oz,General,General
masa para pastelitos sussi natura 34 und/paq,General,General
Masa Para Pizza Fina Artesanal Stonefire,General,General
masa para pizza mediana chemilo 2 und/paq,General,General
masa precocida para pizza pequena sussi natura 3 und/paq,General,General
mascarilla coco milagroso becense 900gr,General,General
mascarilla con colageno maka essentials 17 onz.,General,General
mascarilla dream lenghts l'oreal elvive 12 onz,General,General
Mascarilla Fortalecedora de Ajo y Coco 480ml Hair Plus,General,General
mascarilla hidratacion y movimiento becense 900gr,General,General
mascarilla liso irresistible becense 900gr,General,General
mascarilla nutritiva pantene bambu nutre & crece 300ml,General,General
mascarilla reparacion completa becense 900gr,General,General
mascarilla restauracion pantene 300ml,General,General
mascarilla rizos poderosos becense 900gr,General,General
mascarilla tratamiento total repair 5 elvive l'oreal 23 onz,General,General
Matahambrito De Cerdo Empacado; Lb (Peso Aprox. 1.5 Libra),General,General
matahambrito de cerdo; lb,General,General
matcha en polvo organica navitas 3 onz,General,General
matcha latte en polvo jade leaf 3.5oz,General,General
Maxi Esponja Bon Bril 2 Und/Paq,General,Limpieza
Mazapan Pastel De Gloria La Estepeña 250 Gr,General,General
Mazapanes Surtidos La Estepeña 300 Gr,General,General
Medallones Bloc de Foie Gras de Pato Martiko 40 Gr,General,General
Mejillones 1/2 Concha Negro Congelados; Lb (Peso Aprox. 2 Libra),General,General
Mejillones Al Ajillo Orbe 115 Gr,General,General
mejillones al natural orbe 115gr,General,General
Mejillones En Escabeche Calvo 115 Gr,General,General
mejillones en escabeche orbe 115gr,General,General
mejillones en escabeche ortiz 115gr,General,General
mejillones verdes 1/2 concha congelados nueva zelanda 2lb,General,General
Melao Delifruit 350 Ml,General,General
melao delifruit 350ml,General,General
Melaza Pura 16 Onz,General,General
Melisa Herb Garden Paq. 2 Onz,General,General
Melocoton Donut Lb,General,General
Melocoton En Conserva Sin Azucar Food Club 3.8 Onz; 4 Und/Paq,General,General
Melocoton En Trozos En Su Jugo Food Club 4 Onz 4 Und/Paq,General,Bebidas
Melocotón; Lb  (Aprox. 1-2 unidades Por Libra),General,General
Melocotones En Almibar Líder 29 Onz,General,General
Melocotones Rebanados Goya 15.25 Oz,General,General
melon amarillo honeydew; und,General,General
melon blanco; und (peso aprox. 2-3libras),General,General
Melón Cantaloupe Cortado; Lb (Peso Aprox. 1 Libra),General,General
Melón Cantaloupe; Und,General,General
Melón Charentais; Und,General,General
melon piel de sapo de castilla; lb (peso aprox. 5libras),General,General
Membrillo Atmosfera Santa Teresa 150 Gr,General,General
Membrillo Precortado Santa Teresa 310 Gr,General,General
Menestra Verdura Imperial Maheso 400 Gr,General,General
menta ice breakers 1.5 onz,General,General
menta sabor fresa cremosa halls 295gr,General,General
menta sabor sandia-lyptus halls 300gr,General,General
mentas duo strawberry ice breakers 1.3 onz,General,General
Mentas Halls Extras Fuerte 25.2 Gr,General,General
merlot barefoot 75 cl,General,General
Merluza En Rodajas Congelado; Lb (Peso Aprox. 1 Libra),General,General
Mermelada 4 Frutas Bonne Maman 370 Gr,General,Despensa
Mermelada Arandanos La Vieja Fabrica 263 Ml,General,Despensa
Mermelada Arandanos Y Fresa Cero Azucar La Vieja Fabrica 280 Gr,General,Despensa
mermelada arandanos y fresa la vieja fabrica 314ml,General,Despensa
Mermelada Cereza La Vieja Fabrica 263 Ml,General,Despensa
Mermelada Ciruela La Vieja Fabrica 314 Ml,General,Despensa
Mermelada De Albaricoque Bonne Maman 370 Gr,General,Despensa
Mermelada De Arandanos Bonne Maman 370 Gr,General,Despensa
Mermelada De Blueberry Organica Full Circle 10 Onz,General,Despensa
Mermelada De Cereza Bonne Maman 370 Gr,General,Despensa
Mermelada De Cereza Líder 340 Gr,General,Despensa
Mermelada De Frambuesa Bonne Maman 370 Gr,General,Despensa
Mermelada De Frambuesa Organica Full Circle 10 Onz,General,Despensa
mermelada de frutas del bosque bonne maman 370gr,General,Despensa
Mermelada De Higo Bonne Maman 370 Gr,General,Despensa
Mermelada De Higo La Vieja Fabrica 263 Ml,General,Despensa
Mermelada De Melocoton Bonne Maman 370 Gr,General,Despensa
Mermelada De Melocoton Líder 340 Gr,General,Despensa
Mermelada De Piña Líder 340 Gr,General,Despensa
Mermelada De Piña Sin Azúcar Líder 300 Gr,General,Despensa
mermelada frambuesa cero azucar la vieja fabrica 280gr,General,Despensa
Mermelada Fresa Diet La Vieja Fabrica 280 Gr,General,Despensa
Mermelada Fresa La Vieja Fabrica 720 Ml,General,Despensa
Mermelada Frutas Del Bosque Cero Azucar La Vieja Fabrica 280 Gr,General,Despensa
Mermelada Frutas Del Bosque La Vieja Fabrica 314 Ml,General,Despensa
Mermelada Jelly Uva Welchs 18Oz,General,Despensa
Mermelada Melocoton Cero Azucar La Vieja Fabrica 280 Gr,General,Despensa
Mermelada Melocoton Diet La Vieja Fabrica 280 Gr,General,Despensa
Mermelada Mora De Zarza Diet La Vieja Fabrica 280 Gr,General,Despensa
Mermelada Mora De Zarza La Vieja Fabrica 314 Ml,General,Despensa
Mermelada Piña La Vieja Fabrica 314 Ml,General,Despensa
Mermelada Piña La Vieja Fabrica 720 Ml,General,Despensa
mermelada pina y mango la vieja fabrica 314ml,General,Despensa
Mermelada Sabor Melocoton La Vieja Fabrica 314 Ml,General,Despensa
Mero Importado Congelado; Lb (Peso Aprox. 1.5 Libra),General,Carnes y Mariscos
Mezcla Cóctel Finest Call Blue Curacao 1 LT,General,General
Mezcla Cóctel Finest Call Cosmopolitan 1 LT,General,General
Mezcla De 3 Quesos Rallado Con Philadelphia Kraft 8 Onz,General,General
mezcla de almendra inuts 2.75 onz,General,General
mezcla de cacao caliente sin azucar anadido swiss miss 8 sobres,General,General
mezcla de cacao reducida en calorias swiss miss 8 sobres,General,General
mezcla de cheesecake caramelo y manzana food club 4.65 onz.,General,General
mezcla de cheesecake key lime food club 5.4 onz.,General,General
mezcla de cheesecake lemonade food club 5.4 onz.,General,General
mezcla de chocolate en polvo con leche swiss miss 26 onz,General,Despensa
mezcla de merengue food club 4.65 onz.,General,General
mezcla de nueces con chocolate imperial nuts 2.75 onz,General,Despensa
mezcla de nueces energetica imperial nuts 2.75 onz,General,Despensa
mezcla de nueces implerial nuts 8 onz,General,Despensa
mezcla de nueces y pistacho con sal imperial nuts 12 onz,General,Despensa
mezcla de pancake keto lakanto 1lb,General,General
mezcla de pancakes buttermilk arrowhead mills 22 onz,General,Lácteos
mezcla fria para brownie betty crocker 19.1oz,General,General
mezcla pancake instantanea chocolate dino 450g,General,Despensa
Mezcla Para Bebidas Dulce y Amargo Finest Call 1 Lt.,General,General
Mezcla Para Bebidas Sandía Finest Call 1 Lt.,General,General
mezcla para bizchoco clasico keto duncan hines 10.6 onz,General,General
mezcla para bizcocho con chispas de colores betty crocker 15.25 onz,General,General
mezcla para bizcocho de mantequilla food club 16.5 onz,General,General
mezcla para bizcocho de vainilla pillsbury 15.25oz,General,General
mezcla para bizcocho de vainilla sin gluten bob's 19 onz,General,General
mezcla para bizcocho de zanahoria supermoist 15.25oz,General,General
mezcla para bizcocho devils food deluxe food club 16.5 onz,General,General
mezcla para bizcocho moist devils food betty crocker 15.25oz,General,General
mezcla para bizcocho moist white food club 16.5 onz,General,General
mezcla para bizcocho red velvet food club 16.5 onz,General,General
mezcla para bizcocho sabor chocolate fudge betty crocker 15.25oz,General,Despensa
mezcla para bizcocho sabor limon betty crocker 15.25oz,General,General
mezcla para bizcocho super moist yellow betty crocker 15.25oz,General,General
Mezcla Para Bloody Mary Master Of Mixes 1 Lt,General,General
mezcla para brownie chocolate negro food club 18.3 onz,General,Despensa
mezcla para brownie con trozos de chocolate betty crocker 18 onz,General,Despensa
mezcla para brownie food club 18.30 onz,General,General
mezcla para brownie fudge brownie betty crocker 10.25 onz,General,General
mezcla para brownie supreme brownie original betty crocker 22.25 onz,General,General
mezcla para brownie walnut supreme betty crocker 16.5 onz,General,General
mezcla para cocteles sour apple martini master of mixes 1lt,General,General
mezcla para crema chantilly gellow 100g,General,General
mezcla para galleta con chips de chocolate food club 17 onz,General,Despensa
mezcla para galleta con chispas de chocolate sin gluten full circle 18.5 onz,General,Despensa
mezcla para galletas con chispas de chocolate betty crocker 17.5 onz,General,Despensa
Mezcla Para Margarita Finest Call 1 Lt,General,General
mezcla para muffin de maiz food club 7.5 onz,General,General
Mezcla Para Pan De Banana Sin Gluten Full Circle 16 Onz,General,General
Mezcla Para Pancake Buttermilk Complete Betty Crocker 37 Onz,General,Lácteos
Mezcla para Pancake Completa Butter Líder 16 oz,General,General
mezcla para pancake con blueberry food club 28 onz,General,General
mezcla para pancake con mantequilla food club fc 2lb,General,General
mezcla para pancake de avena americana 420gr,General,General
mezcla para pancake de avena americana 907gr,General,General
mezcla para pancake de batata sin gluten virgin nature 12 onz,General,Bebidas
mezcla para pancake fresa con chocolate blanco bob’s 20oz,General,Despensa
Mezcla para Pancake Original Líder 16 oz,General,General
mezcla para pancake original pearl milling company 350gr,General,General
mezcla para pancake sabor chocolate pearl milling 390gr.,General,Despensa
mezcla para pancake sin gluten full circle 16 onz,General,General
mezcla para pancake y waffle complete lider 16 onz,General,General
mezcla para pancake y waffle paleo sin gluten bob's 13 onz,General,General
mezcla para pancakes buttermilk birch bender 16 onz,General,Lácteos
mezcla para pancakes buttermilk hungry jack 32 onz,General,Lácteos
mezcla para pancakes chispas de chocolate organico birch bender 16 onz,General,Despensa
mezcla para pancakes organica birch bender 16 onz,General,General
mezcla para pancakes original pearl milling company 16 onz,General,General
mezcla para pancakes y waffles completa sin gluten birch bender 14 onz,General,General
mezcla para pastel de chocolate blanco betty crocker 15.25oz,General,Despensa
mezcla para pastel sabor a vainilla betty crocker 15.25 onz,General,General
mezcla reposteria duncan hines bizcocho pina 15.25oz,General,General
Mezclas Para Cocteles Sabor Piña Colada Master Of Mixes 1 Lt,General,General
Mezclas Para Margaritas Master Of Mixes 1 Lt,General,General
Microverdes Guisantes New Leaf; Und,General,General
Microverdes Mostaza New Leaf; Und,General,Despensa
Microverdes Rabano Verde New Leaf; Und,General,General
Microverdes Remolacha New Leaf; Und,General,Frutas y Vegetales
Microverdes Rúcula New Leaf; Und,General,General
miel condimento del campo picante 8oz,General,General
miel condimento del campo trufada 8oz,General,General
Miel De La Abuela 16 Onz,General,General
miel endulzante lider abeja 100% 16oz,General,Despensa
Miel Noelia 16 Onz,General,General
mijo lider 800gr,General,General
milanesa de res empacada; lb (peso aprox. 1libra),General,General
Milanesa De Res; Lb (Peso Aprox. 1 Libra),General,General
Milex Mini Funda 2200 Gr,General,General
Milex Mini Funda 800 Gr,General,General
Mini Bagel Plain Toufayan 18 Onz,General,General
Mini Bagels Pasa Y Canela Toufayan 18 Onz,General,General
Mini Bastoncitos De Caramelo Sabor A Menta Brach'S 8.25 Onz,General,General
Mini Brownies Sweet P'S 10.5 Onz,General,General
mini chocolates fun size san valentin crunch 9.4 onz,General,Despensa
Mini Cinnamon Rolls Glaseados Sweet P'S 8 Onz,General,General
Mini Cotechino Beretta 250 Gr,General,General
Mini Croissant Líder 432 Gr,General,General
Mini Croissants Integral Mi Trigo 250 Gr,General,General
Mini Croissants Mi Trigo 375 Gr,General,General
Mini Croquetas De Yuca McCain 1 Kg,General,General
Mini cup Cakes Red Velvet Sweet P's 12 und,General,General
Mini Cupcakes Pascua Decorados Bandeja 12 Unidades,General,General
Mini Donas Rellena de Caramelo Sweet P's,General,General
Mini Flatbreads Naan Stonefire 7 Onz,General,General
Mini Galletas de Queso Blanco Crav´n 12.4 Onz,General,Lácteos
Mini Grissini Con Ajo Gri Gri 105 Gr,General,General
Mini Grissini Integral Gri Gri 110 Gr,General,General
Mini Grissini Natural Gri Gri 110 Gr,General,General
Mini Marshmallow Blancos Guandy 3.5 Onz,General,General
Mini Marshmallow Colores Guandy 3.5 Onz,General,General
Mini Mazorca De Maiz Congelada Food Club 8 Und/Paq,General,General
Mini Muffins Choco Chips Mandul 200 g,General,Despensa
Mini Muffins Choco Stars Mandul 210 g,General,General
Mini Muffins de Vainilla con Cranberry y Blueberries La Panera 12Und/Paq,General,General
Mini Muffins Rellenos de Fresa Mandul 210 g,General,General
Mini Muffins Sabor Vainilla La Panera 12 Und/Paq,General,General
Mini Muffins Sabor Variado La Panera 12 Und/Paq,General,General
Mini Muffins Vainilla; Coco; Zanahoria y Guineo 12 Und/Paq,General,General
Mini Obleas Cronchy 24 Und/Paq,General,General
mini pan baguette pan&plus 6 und/paq,General,General
Mini Pan Toufayan Pitettes White 7 Onz,General,General
Mini Pandoro Caramelo Salado Ore Liete 100 Gr,General,General
Mini Pandoro con Crema de Pistacho Ore Liete 100 Gr,General,General
Mini Panettone Bauducco 100 Gr,General,General
Mini Panettone con Arándanos y Chips de Chocolate Ore Liete 100 Gr,General,Frutas y Vegetales
Mini Panettone con Chispas de Chocolate Bauducco 100 Gr,General,Despensa
mini panettone de pera y chips de chocolate ore liete 100gr,General,Despensa
Mini Pita Integral Toufayan 8 Onz,General,General
Mini Snack Fuet Casaponsa 80 Gr,General,General
Mini Tortitas De Maíz Bicentury 70 Gr,General,General
mini tortitas de maiz sabor a jamon bicentury 70gr,General,General
mini tortitas de maiz sabor a queso bicentury 70gr,General,General
mini tortitas de maiz sabor mediterraneo bicentury 70gr,General,General
Mini Waffles Congelados Sabor Cinnamon Toast Eggo 10.75 Onz,General,General
Mix Antipasto Líder 100 Gr.,General,General
Mix Brocoli Congelado Emborg  450 Gr.,General,Frutas y Vegetales
mix caldo de pollo free farm; lb (peso aprox. 2.5libras),General,Despensa
mix de berries organicas congeladas full circle 10 onz,General,General
Mix De Gomitas Ácidas Jake 100 gr,General,Despensa
Mix De Vegetales Congelados Vima 2.2 Lb,General,Frutas y Vegetales
Mix De Waffles Original Sin Gluten Full Circle 320 Gr.,General,General
Mix Queso Mexicano Rallado Sin Lactosa Daiya 7 Onz,General,General
mojito en lata bamboo 350ml,General,General
Molde De Aluminio Para Pie Líder 11 Gr,General,General
Molde En Aluminio Para Muffin Líder 2 Und/Paq 12.5 Gr,General,General
Molde En Aluminio Para Pizza 11'' Líder 1 Und/Paq,General,General
Molde Para Bizcocho Líder 29 Gr,General,General
Molde Para Hornear Pan Líder 14 Gr,General,General
molde para pan rectangular 16,General,General
molde para pastel cuadrado 8,General,General
molde para pastel redondo 12,General,General
molde rectangular 13,General,General
molde springform redondo 9,General,General
Molida de Pechuga de Pavo; Lb (Peso Aprox. 1 Libra),General,General
molleja de pollo congelada importada; lb (peso aprox. 2.5libras),General,Carnes y Mariscos
mollejas de pollo frescas empacadas; lb,General,Carnes y Mariscos
Mondongo De Res Pre-Cocido Cuatro Pata 1.5 Lb,General,General
Mondongo De Res; Lb (Peso Aprox. 1.5 Libra),General,General
monedas de chocolate con leche hamlet 100gr,General,Despensa
Moras Congeladas Don Papito 450 Gr,General,Frutas y Vegetales
moras congeladas emborg 400gr.,General,Frutas y Vegetales
Morcilla Asturiana Naveda 3 Und/Paq,General,Carnes y Mariscos
Morcilla Burgalesa El Cid Paq,General,Carnes y Mariscos
Mostaza Baldom 14 Onz,General,Despensa
Mostaza Clasica Amarilla French'S 8 Onz,General,Despensa
Mostaza Con Hierbas Provenza Roland 7 Onz,General,Despensa
Mostaza Con Miel Inglehoffer 10.25 Onz,General,Despensa
Mostaza De Semilla Entera Organica Full Circle 12 Onz,General,Despensa
Mostaza Miel Food Club 12 Onz,General,Despensa
Mostaza Picante Organica Full Circle 12 Onz,General,Despensa
Mostaza Picante Sin Azucar Food Club 12 Onz,General,Despensa
Mostaza Regular That'S Smart 14 Onz,General,Despensa
Mousse Extra Hold Tresemme 297 Gr,General,General
Muffin Choco Chips Líder 75 g,General,Despensa
Muffin Choco Doble Líder 75 g,General,General
Muffin De Maíz La Panera,General,General
Muffin Ingles Sin Gluten Glutino 16.9 Oz,General,General
Muffin Sabor Chocolate La Panera,General,Despensa
Muffin Sabor Vainilla La Panera,General,General
Muffins Variado Choco Chip/ Marmol/ Vainilla 6 Unidades,General,General
multiplicador de enlaces deyaplex deya 8 onz,General,General
muslo ancho de pollo deshuesado congelado bell & evans; lb (peso aprox. 2.5libras),General,Carnes y Mariscos
muslo ancho; lb (peso aprox. 2.5libras),General,General
Muslo de Pavo Asado Congelado 7 Hermanos 750 Gr.,General,General
Muslo De Pavo; Lb (Peso Aprox. 2.5 Libras),General,General
muslo entero de pollo congelado importado; lb (peso aprox. 2lbs),General,Carnes y Mariscos
muslo entero de pollo free farm; lb (peso aprox. 2.5lbs),General,Carnes y Mariscos
muslo largo de pollo congelado; empacado (peso aprox. 2.5libras),General,Carnes y Mariscos
muslo largo de pollo fresco; lb (peso aprox. 3libras),General,Carnes y Mariscos
muslo largo de pollo organico congelado bell & evans; lb (peso aprox. 2.5libras),General,Carnes y Mariscos
muslos enteros frescos empacados; lb (peso aprox. 2.5libras),General,General
Nachos De Jalapeño La Costeña 220 Gr,General,General
Naranja  Malla Lb (Peso Aprox. 5 Libras),General,General
Naranja Agria; Und,General,General
Naranja Conserva Delifruit Trozos En Almíbar 20 OZ,General,General
natilla con galletas hero 130gr; 2 und/paq,General,Despensa
Natilla Goya 3.25 Onz,General,General
navaja de afeitar lider doble filo,General,General
nectar sabor manzana petit 330ml,General,General
nectar sabor melocoton petit 330ml,General,General
nectar sabor pera petit 330ml,General,General
nectarines; lb (aprox. 3-4 unidades por libra),General,General
Neoguiri Suave En Sobre Nong Shim 120 Gr,General,General
Nestlé Nan Ha Lata 400 Gr,General,General
nestle nan optipro etapa 3lata 800gr,General,General
nestle nan supreme pro formula de continuacion etapa 2lata 800gr,General,General
Nestlé NAN Supreme Pro Fórmula de Crecimiento Lata 800 Gr,General,General
nestle nan supreme pro formula de inicio etapa 1lata 800gr,General,General
nestle nestogeno etapa 2 caja 1.4kg,General,General
nestle nestum +24m cereal instantaneo fresa lata 270gr,General,General
nestle nestum +24m cereal instantaneo vainilla y canela lata 270gr,General,General
nestle nestum cereal infantil 5 cereales lata 730gr.,General,General
nestle nestum cereal infantil arroz lata 270gr.,General,General
Nestlé Nido Crecimiento Bajo En Lactosa Lata 1.6 Kg.,General,General
Nestlé Nido Crecimiento Bolsa 325 Gr,General,General
Nestlé Nido Crecimiento Bolsa 800 Gr,General,General
Nestlé Nido Crecimiento Lata 1.6 kg,General,General
Neverita Foam Pequeña 10 Lt,General,General
nibs de cacao organico cacao mae 8 onz,General,General
niko aspirador nasal,General,General
nispero; lb (aprox. 2-3 unidades por libra),General,General
Noodles de Zanahoria Paq. 12 Onz,General,General
Noodles de Zucchini Paq. 12 Onz,General,General
nueces de macadamia lider 8oz,General,Despensa
nueces peladas setton 8 onz,General,Despensa
nueces snack lakanto canela glaseada 8oz,General,Despensa
nueces snack lakanto maple glaseada 8oz,General,Despensa
Nuggets De Brocoli Congelado Dr. Praeger's 10 Onz,General,Frutas y Vegetales
Nuggets De Pavo; Lb (Peso Aprox. 1 Libra),General,General
Nuggets De Pollo Maheso 1 Kg,General,General
Nuggets De Pollo Sin Gluten Maheso 300 Gr,General,General
Nuggetts De Pollo;  Paq (Peso Aprox. 0.8 Libras),General,General
nuggetts de pollo; lb (peso aprox. 1.5libras),General,General
Número 7 De Cerdo Empacado; Lb (Peso Aprox. 1.5 Libra),General,Carnes y Mariscos
Numero 7 De Cerdo; Lb,General,Carnes y Mariscos
oblea snack kalan chocolate bajo caloria 60gr,General,Despensa
oblea snack kalan frutos rojos bajo caloria 60gr,General,Frutas y Vegetales
Obleas Grandes Cronchy 20 Und/Paq,General,General
oporto 20 anos osborne 75 cl,General,General
oporto fine ruby kopke 75 cl,General,General
oporto fine tawny kopke 75 cl,General,General
oporto ruby osborne 75 cl,General,General
oporto tawny osborne 75 cl,General,General
oporto valdouro tawny porto 75 cl,General,General
oporto white kopke 75 cl,General,General
oporto white osborne 75 cl,General,General
Orégano Herb Garden Paq. 2 Onz,General,Despensa
Oregano Trudeau Paq. 40 Gr,General,Despensa
ositos de goma yum earth sin gluten 5 und/paq,General,General
osos de oro san valentin haribo 25 und/paq,General,General
Ossobuco De Res Con Hueso Empacado; Lb (Peso Aprox. 1.5 Libras),General,General
Ossobuco De Res Con Hueso; Lb (Peso Aprox. 1 Libra),General,General
ossobuco de res deshuesado empacado; lb (peso aprox. 1.5libras),General,General
Ossobuco De Res Deshuesado; Lb (Peso Aprox. 1 Libra),General,General
paella goya 19 onz,General,General
Paella Marinera; Lb (Disponible Sólo Sábados Y Domingos),General,General
paella valenciana arnaboldi receta tradicional 185g,General,General
paella valenciana vigo 8 onz,General,General
paleta bon bon bum cherry colombina 48 und/paq,General,General
Paleta De Cerdo; Lb,General,General
paleta iberica de bellota loncheada 5j 70gr,General,General
paleta sabor fresa xxl big bom 25gr,General,General
paletas de corazon dulce amor 40 und/paq,General,General
paletas de san valetin tootsie 9.6 onz,General,General
palillos de colores para picadera simply done 250 und/paq,General,General
palillos grandes para picadera simply done 250 und/pack,General,General
palillos interdentales suaves 632 butler gum 60 und/paq,General,General
palillos para picadera sabor a menta simply done 250 und/paq,General,General
palillos para sandwich simply done 200 und/paq,General,General
palillos simply done 750 und/paq,General,General
palillos sombrilla simply done 24 und/paq,General,General
palillos tenedor de bamboo simply done 100 und/paq,General,General
Palito Cervecero Don Pedro 8 Und/Paq,General,General
Palito De Ajo Molino Del Sol 180 Gr,General,General
Palito Integral Molino Del Sol,General,General
Palitos Con Ajonjoli Molinos Del Sol,General,General
Palitos Crema Avellana Líder 2 Pack 104 g,General,General
Palitos de Coco Jomisardys 7 Onz,General,General
Palitos de Coco Rodriguez 4 Onz,General,General
Palitos De Manicure Top Care 4 Und/Paq,General,Despensa
Palitos de Pollo Crispy Tyson 751 g,General,Carnes y Mariscos
Palitos De Yuca Congelados McCain 1 Kg,General,General
Palitos Integrales Quely 50 Gr,General,General
Palitos Mediterraneo Quely 50 Gr,General,General
Palitos Mini De Queso Gri-Gri 105 Gr,General,General
Palitos Napolitanas 230 Gr,General,General
palitos napolitanas 230gr,General,General
Palitos Naturales Molino Del Sol,General,General
Palitos Rellenos De Queso Y Ajo Food Club 5 Und/Paq,General,General
Palitos Sabor A Queso Quely 50 Gr,General,General
palmeritas la panera unidad,General,General
palmito corazon roland 14 onz,General,General
Palo de Suaper Mercury Gris Cisne 1 Und,General,General
palomilla de cerdo; lb,General,General
palomilla de res empacada; lb (peso aprox. 1libra),General,General
Palomilla De Res; Lb (Peso Aprox. 1 Libra),General,General
palomitas con sal del himalaya lesser evil 8 und/paq,General,Despensa
palomitas de m&ms candy pop 5.25 onz,General,Despensa
palomitas de maiz con caramelo lider 125gr,General,Despensa
palomitas de maiz con caramelo lider 75gr,General,Despensa
palomitas de maiz con chocolates twix cookie pop 5.25 onz,General,Despensa
Palomitas De Maiz Con Extra Mantequilla Act Ii 3 Und/Paq,General,Despensa
palomitas de maiz con mantequilla food club 3 und/paq,General,Despensa
palomitas de maiz con sea salt lider 100gr,General,Despensa
palomitas de maiz con sea salt lider 50gr,General,Despensa
palomitas de maiz dulce cubiertas de caramelo kopcaleca 148gr,General,Despensa
palomitas de maiz dulce sabor a frutas kopcaleca 148gr,General,Despensa
palomitas de maiz dulce sabor a mani kopcaleca 175gr,General,Despensa
palomitas de maiz extra mantequilla act ii 91gr,General,Despensa
palomitas de maiz kettle corn food club 3 und/paq,General,Despensa
Palomitas De Maiz Natural Act Ii 3 Und/Paq,General,Despensa
palomitas de maiz organicas con sal full circle 3 und/paq,General,Despensa
palomitas de maiz sabor a caramelo y mani cracker jack 8.5oz,General,Despensa
palomitas de maiz sabor mantequilla lider 100gr,General,Despensa
palomitas de maiz sabor mantequilla lider 50gr,General,Despensa
palomitas de maiz sabor mantequilla light act ii 91gr,General,Despensa
palomitas de maiz sabor natural act ii 91gr,General,Despensa
palomitas de maiz sabor natural food club 3 und/paq,General,Despensa
palomitas de maiz sabor queso blanco lider 100gr.,General,Lácteos
palomitas de oreo candy pop 5.25 onz,General,Despensa
palomitas de snickers candy pop 5.25 onz,General,Despensa
palomitas real butter angie's boomchickapop 125gr,General,Despensa
palomitas sweet & salty angie´s boomchickapop 7 onz,General,Despensa
Pan  Brillado a Mano 6 Unidades,General,General
Pan Artesanal Blanco Natures Own 22 Onz,General,General
Pan Artesanal Brioche Natures Own 22 Onz,General,General
Pan Artesanal Keto Natures Own 16 Onz,General,General
Pan Baguette A La Leña La Panera,General,General
pan baguette congelado sin gluten panamar 100gr,General,General
Pan Baguette Congelado Vitalpan 3 Und/Paq,General,General
Pan Baguette Francés Congelado Full Circle 12 Onz 2 Und/Paq,General,General
Pan Baguette Integral,General,General
Pan Baguette Regular,General,General
pan baguette sin gluten airos 85gr,General,General
pan baguette sin gluten schar 175g,General,General
Pan Barra  7 Cortes La Panera 275 Gr.,General,General
Pan Barra Campesina La Panera,General,General
Pan Barra De Maíz La Panera 265 Gr.,General,General
Pan Barra Rústica La Panera 310 Gr.,General,General
Pan Blanco 5 Granos Orgánico Daves 27 Onz.,General,Despensa
Pan Brioche Chocolatechip Bgourmet 14 Oz,General,Despensa
Pan Brioche La Panera,General,General
Pan Brioche Lonjeado Bgourmet 17.6 Oz,General,General
Pan Buffet Integral Molino Del Sol 18 Onz,General,General
Pan Buffet La Panera 24/1,General,General
pan chapata vitalpan 500gr 5 und/paq,General,General
Pan Chapatta La Panera 200 Gr,General,General
Pan Ciabatta Full Circle 14 Onz,General,General
pan con ajo congelado cole's 16 onz,General,General
Pan Con Macadamia; Nueces Y Pasas Lumijor,General,Despensa
Pan Croissant De Queso Crema,General,Lácteos
Pan Croissant De Queso y Jamón,General,General
Pan Cuadrado Viena La Panera 6 und/Paq,General,General
Pan de Agua (Paquete 10 uds),General,Bebidas
Pan De Agua 10 Und/Paq,General,Bebidas
pan de ajo 5 quesos food club 11.75 onz,General,General
Pan De Buffet Bolin,General,General
Pan De Calabaza Y Semillas La Panera 260 Gr,General,General
Pan De Centeno Linea Ligera Mestemacher 500 Gr,General,General
Pan De Centeno Mestemacher 500 Gr,General,General
Pan De Centeno Y Ajonjoli La Panera,General,General
pan de coliflor para sandwich outer aisle 6.75 onz,General,Frutas y Vegetales
pan de fibra organico dave's killer 27 onz,General,General
Pan De Granos Enteros Con Macadamia La Panera,General,General
Pan De Hamburguer Molino Del Sol 8 Und/Paq,General,General
Pan De Hamburguesa Bolin 8  Und/Paq,General,General
Pan De Hamburguesa Holsum 8/1,General,General
Pan De Hamburguesa Lumijor 8 Und/Paq,General,General
Pan de Hamburguesa Mixto La Panera 4/1,General,General
Pan De Hamburguesas Gourmet Nacional 8/1,General,General
Pan de Leche 10 Und,General,General
Pan De Leche 6 Und/Paq,General,General
Pan De Linaza Y Multicereales La Panera,General,General
Pan De Maiz Masa Madre La Panera 270 Gr.,General,General
Pan de Mantequilla Miniclub La Panera,General,General
Pan de Manzana La Panera,General,General
Pan De Navidad La Panera,General,General
Pan De Papa Long Rolls Martin'S Fz 15 Oz,General,General
Pan De Papa Para Hamburguesas Congelado Martin'S 15 Onz,General,General
Pan De Papa Para Sandwich Martin'S 18 Onz,General,General
Pan De Papa Tipo Buffet Martin'S 15 Onz,General,General
pan de proteina mestemacher 250g,General,General
pan de proteinas la panera,General,General
pan de queso brasileno uai 14 onz,General,General
Pan de Queso Con Ajo Sin Gluten Brazi Bites 1.5 Onz,General,General
Pan de Queso Relleno de Guayaba 300 Gr Lider,General,General
pan de queso tradicional 400gr lider,General,General
Pan de Sandwich Ancient Grain Sin Gluten Canyon 15 Onz,General,General
Pan De Sandwich Bajo En Carbohidratos Sola 14 Onz,General,General
Pan De Sandwich Blanco Viga Mediana Bolin,General,General
Pan de Sandwich Country White Sin Gluten Canyon 15 Onz,General,General
pan de sandwich deliciously seeded sola 14 onz,General,General
pan de sandwich golden wheat sola 14 onz,General,General
Pan De Sandwich Integral Natures Own 20 Onz,General,General
Pan De Sandwich Mini Club Nacional,General,General
Pan De Sándwich Sin Gluten 7 Granos Canyon 18 Onz,General,General
pan de sandwich sweet oat sola 14 onz,General,General
Pan De Sandwich Viga Mediana Nacional,General,General
Pan De Viga Blanco Integral Holsum 24 Onz,General,General
Pan De Viga Con Mantequilla Nature'S Own 20 Onz,General,General
Pan De Viga Integral Con Miel Natures Own 20 Onz,General,General
Pan De Viga Integral Holsum,General,General
Pan De Viga Rústico Sin Gluten Schar 14.1 Onz,General,General
Pan de Viga Sobao Holsum,General,General
Pan Desmenuzado Regular Food Club 15 Onz,General,General
pan desmenuzado sin gluten full circle 9 onz,General,General
Pan Flautin Masa Madre La Panera 150 Gr.,General,General
Pan Hamburger Bgourmet 200 Gr,General,General
pan hamburger semillas bgourmet 200gr,General,General
Pan Hamburguesa Mantequilla  Natures Own 8/1,General,General
Pan Horneado Pulguita; 10 Und,General,General
Pan Integral 7 Cereales Molino Del Sol 16 Onz,General,Despensa
Pan Integral Blanco Con Chia La Panera,General,Despensa
Pan Integral Con Pasas Lumijor,General,Despensa
pan integral de centeno con semillas de calabaza mestemacher 500gr,General,Despensa
Pan Integral De Centeno Con Semillas De Girasol Mestemacher 500 Gr,General,Despensa
Pan Integral Familiar Lumijor 30 Onz,General,Despensa
Pan Integral Multigranos Lumijor,General,Despensa
Pan Integral Multigranos Molino Del Sol,General,Despensa
Pan Integral Viga Mediana Nacional,General,Despensa
Pan Mantequilla Cuadrado La Panera 6/1,General,General
pan masa fermentada congelado full circle 14 onz,General,General
Pan Mini Club Bolin,General,General
Pan Mini Club Integral Con Pasas La Panera,General,General
pan molido la panera,General,General
Pan Multicereales Masa Madre La Panera 400 Gr.,General,General
Pan Multigranos Country Hearth 20 Onz,General,General
Pan Panadería Pan&Plus Demi Baguette 300 GR,General,General
pan panaderia schar brioche sin gluten 370gr,General,General
pan panaderia schar casero sin gluten 240gr,General,General
pan panaderia schar hamburger sin gluten 300gr,General,General
pan panaderia schar panini rolls sin gluten 225gr,General,General
Pan Para Hamburguesas Brioche La Panera 8 Und/Paq,General,General
Pan Para Mini Hamburguesa La Panera 12 Und/Paq,General,General
Pan Pita Bajo En Carbohidratos Joseph's 8 Onz,General,General
Pan Pita Blanco Lumijor 6 Und/Paq,General,General
Pan Pita Blanco Toufayan 12 Onz,General,General
Pan Pita Buffete Sabores Del Desierto 350 Gr,General,General
Pan Pita Con Cebolla Toufayan 12 Onz,General,General
Pan Pita Integral La Libanesa 5 Und/Paq,General,General
Pan Pita Integral Lumijor 6 Und/Paq,General,General
Pan Pita Integral Sabores Del Desierto 350 Gr,General,General
Pan Pita Integral Toufayan 12 Onz,General,General
Pan Pita Keto Toufayan 8.9 Onz,General,General
pan pita low carb toufayan 12 onz,General,General
Pan Pita Multigrain Toufayan 12 Onz,General,General
Pan Pita Pequeño La Libanesa 25 Und/Paq,General,General
pan pita pizza integral la libanesa 3 und,General,General
pan pita pizza mini la libanesa 12 und,General,General
Pan Pita Premium Sabores Del Desierto 350 Gr,General,General
Pan Pita Smart Pocket Integral Toufayan 9 Onz,General,General
Pan Pita Smart Pockets Everything Toufayan 7.4 Gr,General,General
pan rallado sin gluten schar 8.8oz,General,General
Pan Redondo Integral La Panera 8 Und/Paq,General,General
Pan Rosca Gallega La Panera 425 Gr.,General,General
pan rustico redondo sin gluten airos 85gr,General,General
Pan Sándwich Artesano Blanco Molino Del Sol,General,General
Pan Sandwich Blanco Familiar Lumijor,General,General
Pan Sandwich Viga Grande Nacional,General,General
Pan Sobao (Paquete 10 uds),General,General
Pan Sobao Integral La Panera 8/1,General,General
Pan Sobao La Panera 10 Und/Paq,General,General
pan tostado proteina s/azucar santiveri 16 sl,General,General
pan tostado tradicional s/azucar santiveri 20 sl,General,General
Pan Trenza Integral La Panera,General,General
Pan Viga Blanco Club Lumijor,General,General
Pan Viga Club Bolin,General,General
Pan Viga Club Personal Lumijor,General,General
Pan Viga De Mantequilla Holsum 560 Gr,General,General
Pan Viga de Papa Holsum,General,General
Pan Viga Integral Con Germen De Trigo Molino Del Sol,General,General
Pan Viga Integral Familiar Molino Del Sol,General,General
Pan Viga Integral Grande Lumijor,General,General
Pan Viga Mediana Pepin,General,General
Pan Viga Mini Brioche Lumijor,General,General
Pan Viga Mini Club Integral Bolin,General,General
Pan Viga Mini Club Integral Pepin,General,General
Pan Viga Mini Club Molino Del Sol,General,General
Pan Viga Mini Integral Gourmet Lumijor,General,General
Pan Viga Multigrain Nature'S Own 22 Onz,General,General
Pan Viga Pequeña Pepin,General,General
Pañal Absorbente Para Incontinencia Líder L,General,Cuidado Personal
Pañal Desechable Perros Hembra Lider Talla S 10 Piezas,General,Cuidado Personal
Pañal Desechable Perros Macho Lider Talla M 12 Piezasz,General,Cuidado Personal
Pañal Mascota Hembra Lider Talla M Paquete 10 Unidades,General,Cuidado Personal
Pañal para Mascotas Macho Líder Small 12 Piezas,General,Cuidado Personal
Pancakes Buttermilk Congelados Food Club 12 Und/Paq,General,Lácteos
Panceta Beretta 4 Onz,General,General
Panceta En Cubos Natural Citterio 4 Onz,General,General
Panceta Guanciale Stagionato Beretta Lb,General,General
Pandoro Clasico Motta 750 Gr,General,General
Pandoro Sin Frutas Bauducco 500 Gr,General,General
Panecillos Buffet Lumijor Tradicional Mini,General,General
Panela Instantánea Cristal de Caña 500 g,General,General
Panettone  Glassato Bonifanti 750 Gr,General,General
Panettone Bauducco 400 Gr,General,General
panettone bauducco 400gr,General,General
panettone casa suica 400gr,General,General
Panettone Choco Caramelo Bonifanti 750 Gr,General,General
panettone clasico bonifanti 1000gr,General,General
Panettone Clasico Glasse Bonifanti 1000 Gr,General,General
Panettone con Chispas de Chocolate Bauducco 500 Gr,General,Despensa
Panettone con Chocolate – Casa Suica 400 g,General,Despensa
Panettone Con Frutas Vivale 350 Gr.,General,General
Panettone Glasato Familia Bonifanti 750 Gr,General,General
Panettone Glassato Chocolate Bonifanti 1000 Gr,General,Despensa
Panettone Glassato Giostra Bonifanti 1000 Gr,General,General
Panettone Gran Milanesa Bonifanti 750 Gr,General,General
Panettone Gran Milanese Alto Bonifanti 100 Gr,General,General
Panettone Lider con Frutas 350 gr,General,General
Panettone Milaneso Bajo Bonifanti 130 Gr,General,General
Panettone Mini Motta 100 Gr,General,General
Panettone Motta 500 Gr,General,General
panettone motta 500gr,General,General
Panettone Original Motta 750 Gr,General,General
Panettone Pera y Chocolate Bonifanti 1000 Gr.,General,Despensa
Panettone Pistacho Bonifanti 1000 Gr.,General,General
Panettone Zero Casa Suica 400 Gr,General,General
Panini Toufayan 32 Onz,General,General
Pañitos Faciales Loofah Bamboo Top Care 2 Und/Paq,General,General
panitos humedos de almendra pequenin 70 und/ paq,General,General
panitos humedos frescura extrema nosotras 16 und/paq,General,General
Pañitos Íntimos Con Agua De Rosas Nosotras 16 Und/Paq,General,Bebidas
Pañitos Intimos Líder 16 Und/Paq,General,General
panitos intimos sensitive nosotras 16 und/paq,General,General
Panko Regular Kikkoman 2.5 Lb,General,General
Panko Sin Gluten Kikkoman 8 Onz,General,General
pano de limpieza multiusos cisne 4 und/paq,General,General
pano de limpieza reutilizable simply done 6 und/paq,General,General
Paño De Microfibra Gris Cisne 6 Und/Paq,General,General
Paño De Microfibra Para Vajilla Cisne 50x50 Cm,General,General
pano de microfibra simply done 3 und/paq,General,General
Paño Esponja Esfrebom,General,Limpieza
pano microfibra limpiador para acero inoxidable weiman 1 und/paq,General,Limpieza
Paño Multiuso Microfibra Esfrebom  3 Und/Paq,General,General
Paño Multiusos Bon Bril 1 Und,General,General
Pants Desechables Plenitud Classic G/XG 8 Unidades,General,General
Pants Desechables Plenitud Protect G/XG 16 Unidades,General,General
Panty Nocturno Nosotras Absorbente Talla S,General,General
panuelo facial para bolsillo familia 4 und/paq,General,General
panuelo facial viajero familia 50 und/paq,General,General
panuelos faciales cubo simply done 70 und/paq,General,General
panuelos faciales familia 60 und/paq,General,General
panuelos faciales kleenex 50 unidades,General,General
Pañuelos Faciales Removedores De Grasa Top Care 50 Und/Paq,General,General
panuelos faciales simply done 144 und/paq,General,General
panuelos faciales simply done 190 und/paq,General,General
panuelos faciales suaves simply done 65 und/paq,General,General
Papa Criolla Malla  (Peso Aprox. 3 a 5 Libras Por Paquete ),General,General
Papa Importada Malla 5lb,General,General
Papa Petit Amarilla Paq. (Aprox. 1.5 Libras),General,General
Papa Petit Mixta Paq.(Aprox. 10-12 Unidades Por 1.5 Libras),General,General
Papa Petit Roja Paq. (Aprox. 10-12 Unidades Por 1.5 Libra),General,General
Papa Roja Premium Malla 5 Lb (Aprox. 12-15 Unidades),General,Frutas y Vegetales
Papas 1 Lb,General,General
Papas Bravas Congeladas McCain 750 Gr,General,General
papas congeladas corte ondulado mydibel 2.5kg,General,General
papas congeladas de corte recto aviko 1kg,General,General
papas congeladas de corte recto aviko 450gr,General,General
papas congeladas estilo country wedge mccain 2500gr,General,General
Papas Congeladas Estilo Mediterraneo McCain 750 Gr,General,General
Papas Congeladas Europ 5.5 Lb,General,General
papas congeladas fry n' dip mccain 500gr,General,General
Papas Congeladas Golden Long McCain 750 Gr,General,General
papas congeladas hash brown mydibel 750gr,General,General
papas congeladas mccain 2500gr,General,General
papas congeladas mccain corte recto 2.5kg,General,General
papas congeladas mccain extra crispy 737gr,General,General
papas congeladas mydibel 1kg,General,General
papas congeladas mydibel 2.5kg,General,General
papas congeladas mydibel 2500gr.,General,General
papas congeladas shoe string mydibel 1kg,General,General
papas congeladas shoe string mydibel 2.5kg,General,General
papas congeladas spicy wedges mydibel 2500gr,General,General
papas congeladas steakhouse mccain 650gr,General,General
papas congeladas waffles alexia 567gr;,General,General
Papas Fritas Con Sal Lays Xl 200 Gr,General,General
papas fritas sin gluten the good crisp company 16 onz,General,General
papas fritas veggie congeladas dr. praeger 8 onz,General,General
Papas Para Hornear;   Lb (Aprox. 1-2 unidades Por Libra),General,General
Papas Petit Gourmet Paq. (Aprox. 0.8 a 1 Libra ),General,General
papas pre-cocidas premium crunch mydibel 2.5kg,General,General
papas prefritas congeladas maheso 1000gr,General,General
Papas Selectas Malla (Aprox. 3 a 5 Libras Por Paquete ),General,General
papel aluminio extra fuerte diamond 5 mt,General,General
papel cocina diamond aluminio 50 pies,General,General
papel cocina kingseal airfryer cuadrado 50 ud,General,General
papel de aluminio alta resistencia casa lider 75 pies,General,General
papel de aluminio antiadherente diamond 5 mt,General,General
papel de aluminio casa lider de 75 pies,General,General
papel de aluminio diamond 200 pies,General,General
papel de aluminio extra fuerte diamond 37.5 pies,General,General
papel de aluminio heavy duty simply done 37.5 pies,General,General
papel de aluminio navidad simply done 3 cm,General,General
papel de aluminio pre-cortado simply done 50 und/paq,General,General
papel de aluminio simply done 25 pies,General,General
papel de aluminio that's smart 25 pies,General,General
papel encerado casa lider 75 ft,General,General
papel encerado para freezer reynolds 75 pies,General,General
papel encerado reynolds cut-rite 75 pies,General,General
papel encerado simply done 75 pies,General,General
papel encerado triunfo 75 pies,General,General
papel film diamond 100 ft + 30 ft,General,General
papel para freezer simply done 75 pies,General,General
papel para hornear casa lider 30 ft,General,General
papel para hornear y cocinar diamond 10m,General,General
papel para pasteles en hoja abija 75 und/paq,General,General
papel plastico con barra para cortar simply done 300 pies,General,General
papel plastico para envolver casa lider 200 pies,General,General
papel plastico para envolver diamond 100 pies,General,General
papel plastico simply done 100 pies,General,General
papel plastico simply done 200 pies,General,General
papel rosado para carnes simply done 50 pies,General,General
papilla 5 cereales nutriben 300gr,General,General
papilla 8 cereales con galleta hero baby 340gr,General,Despensa
papilla 8 cereales y miel con 4 frutas nutriben 300gr,General,General
papilla 8 cereales y miel con calcio nutriben 300gr,General,General
papilla 8 cereales y miel con calcio nutriben 600gr,General,General
papilla 8 cereales y miel con fibra nutriben 300gr,General,General
papilla 8 cereales y miel con fibra nutriben 600gr,General,General
papilla cereales sin gluten nutriben 300gr,General,General
papilla con 8 cereales hero 340gr,General,General
papilla crecimiento nutriben 300gr,General,General
papilla crema de arroz nutriben 300gr,General,General
papilla de arroz sin gluten hero 220gr,General,General
papilla inicio a la fruta nutriben 300gr,General,General
papitas classic large bag lay's 425gr,General,Despensa
papitas con jalapeno kettle 5 onz,General,Despensa
Papitas Con Limon Lay'S 110 Gr,General,Despensa
Papitas Con Sal Lay'S 110 Gr,General,Despensa
Papitas Fritas De Limon Lays 55 Gr,General,Despensa
papitas original tubo lider 125gr,General,Despensa
papitas sabor a queso pringles 12 und/paq 21gr,General,Despensa
Papitas Sabor Bbq Lay´s 107 Gr,General,Despensa
Papitas Sabor Jalapeño Herr´s  5 Onz.,General,Despensa
Papitas Sabor Original Pringles 124 Gr,General,Despensa
papitas sabor pizza pringles 71gr,General,Despensa
Papitas Sabor Queso Pringles 124 Gr,General,Despensa
Paquete Raspadura Rodriguez 9 Onz,General,General
parches para imperfecciones face facts 18 unidades,General,General
pasas con semilla solo sol 200gr,General,General
pasas lider 10 onz.,General,General
pasas naturales sin semilla ligo de 250gr,General,General
Pasas Racimales Solo Sol; Lb (Peso Aprox. 1 Libra),General,General
pasas sin semilla lider 1 onz,General,General
pasas sin semilla ligo 1 onz,General,General
pasas sin semilla ligo 200grs,General,General
pasas sin semillas food club 0.5 onz,General,General
passata lider 690gr,General,General
Pasta Bavette Barilla 500 Gr,General,General
pasta cabello de angel n.209 de cecco 500gr,General,General
pasta cannelloni reggia 250gr.,General,General
Pasta Capellini Barilla 500 Gr,General,General
Pasta Capellini N.9 De Cecco 500 Gr,General,General
pasta capellini reggia 500gr.,General,General
pasta casarecce no.88 rummo 500gr,General,General
pasta codito pequeno princesa 400gr,General,General
Pasta Coditos Milano 400 Gr,General,General
pasta coditos pequenos lider 400gr,General,General
pasta coditos princesa 400gr,General,General
pasta comida daiya mac & cheese cheddar blanco,General,General
pasta concha con queso food club 12 onz,General,General
pasta conchas de queso con tocineta velveeta kraft 10 onz,General,Carnes y Mariscos
pasta condimento miyata miso mugi 7oz,General,General
pasta condimento miyata wasabi tubo 1.5oz,General,General
pasta coreana sabor a queso yound poong yopokki 120gr,General,General
pasta coreana sabor original young poong yopokki 140gr,General,General
Pasta De Guayaba Conchita 22 Onz,General,General
Pasta de Guayaba Jomisardys 8 Onz,General,General
Pasta De Pollo Artesanal Flavors By Yu,General,Carnes y Mariscos
pasta espiral con garbanzo sin gluten gallo 250gr,General,General
pasta espiral natural milano 350gr,General,General
pasta espiral natural princesa 350gr,General,General
pasta espiral tricolor princesa 350gr,General,General
pasta espirales tricolor lider 350gr,General,General
pasta farfalle reggia 500gr.,General,General
pasta fettucce reggia 500gr.,General,General
Pasta Fetuccine Barilla 500 Gr,General,General
Pasta Fideo Nido Fino Milano 400 Gr,General,General
pasta fideo nido lider 400gr,General,General
pasta fideos cortados princesa 350gr,General,General
pasta fusilli 34 de cecco 500gr,General,General
pasta fusilli bio integrale no.48 rummo 500gr,General,General
pasta fusilli integral barilla 12x500g,General,General
pasta fusilli no.48 sin gluten rummo 400gr,General,General
Pasta Gnocchi De Cecco 500 Gr,General,General
Pasta Gnocchi Firma 500 Gr,General,General
Pasta Gnocchi La Gnoccheria 500 Gr,General,General
pasta gomiti rigati no.169 rummo 500gr,General,General
Pasta Guayaba Cajita Goya  16Oz,General,General
pasta instantanea arnaboldi alfredo con hongos 55g,General,General
pasta instantanea arnaboldi napolitana 55g,General,General
pasta instantanea arnaboldi pesto albahaca 55g,General,General
pasta larga para lasagna no.1 de cecco 500gr,General,General
Pasta Lasagna Barilla 500 Gr,General,General
pasta lasagna food club fc 16 onz,General,General
pasta lasagna milano 400gr,General,General
pasta lasagna precocida sin gluten barilla 10oz,General,General
pasta lasagna princesa 400gr,General,General
pasta lasagna reggia 500gr.,General,General
pasta lasagne all'uovo no.173 rummo 500gr,General,General
pasta limpiadora the pink stuff 850gr.,General,Limpieza
Pasta Linguini De Cecco #7 500 Gr,General,General
Pasta Linguini Milano 400 Gr,General,General
Pasta Linguini Princesa 350 Gr,General,General
pasta mafaldine no.80 rummo 500gr,General,General
pasta mini ravioli chef boyardee 15 onz,General,General
pasta mixta espiral milano 350gr,General,General
pasta mostacholi lider 400gr,General,General
pasta mostacholi milano 400gr,General,General
pasta mostacholi tricolor – milano 350g,General,General
pasta orecchiette no.87 rummo 500gr,General,General
Pasta Orzo Roland 17.6 Onz,General,General
Pasta Pappardelle Nidi No.119 Rummo 500 Gr,General,General
pasta para lasagna de palmito palmini 220gr,General,General
pasta para zapatos negros bufalo 36gr,General,General
pasta precocida velveeta ligera con queso kraft 12 onz,General,General
Pasta Ravioli 4 Quesos Rana 10 Onz,General,General
pasta ravioli con carne chef boyardee 15 onz,General,General
Pasta Ravioli Espinaca Y Ricota Rana 10 Onz,General,Frutas y Vegetales
Pasta Ravioli Hongos Rana 10 Onz,General,General
Pasta Ravioli Pollo Y Ajo Rana 10 Onz.,General,Carnes y Mariscos
pasta semi di orzo no.27 rummo 500gr,General,General
pasta sesamo original tahini roland 16 onz,General,General
pasta spaghettini barilla 500gr,General,Despensa
Pasta Spaghettini No.11 De Cecco 500 Gr,General,Despensa
Pasta Spaghettoni Barilla 500 Gr,General,General
Pasta Spaguetti 800 Gr,General,General
pasta spaguetti 800gr,General,General
Pasta Spaguetti Con Proteina Barilla 14.5Oz,General,General
Pasta Spaguetti De Cecco 500 Gr,General,General
Pasta Spaguetti De Lenteja Roja Sin Gluten Explore Cuisine 8 Onz,General,General
pasta spaguetti edamame sin gluten explore cuisine 8 onz,General,General
Pasta Spaguetti Food Club Fc 16 Onz,General,General
Pasta Spaguetti Líder 400 Gr,General,General
Pasta Spaguetti Milano 400 Gr,General,General
Pasta Spaguetti Organica Sin Gluten Full Circle 14 Onz,General,General
Pasta Spaguetti Princesa 400Gr,General,General
Pasta Spaguetti Reggia 350 Gr,General,General
Pasta Spaguetti Sin Gluten Barilla 14.5Oz,General,General
pasta spaguetti sin gluten milano 250gr.,General,General
pasta spaguetti sin gluten miracle noodle 7 onz,General,General
Pasta Spaguetti Sin Gluten Reggia 400 Gr.,General,General
pasta tagliatelle 203 de cecco 500gr,General,General
Pasta Tagliatelle Al Huevo De Cecco 250 Gr,General,General
Pasta Tagliatelle Con Espinacas De Cecco 250 Gr,General,Frutas y Vegetales
Pasta Tagliatelle Nidi No.107 Rummo 500 Gr,General,General
Pasta Tortellini Cheese Lover Rana 10 Onz,General,General
pasta vermicello no.170 de cecco 500gr,General,General
Pastel Comida Ellos Comen Hoja Res 4/1 1.25 LB,General,General
Pastel De Crema De Chocolate Crav'N 25.5 Onz,General,Despensa
Pastel En Hoja Con Pollo La Higueyana 3 Und/Paq,General,Carnes y Mariscos
Pastel En Hoja Con Res La Higueyana 3 Und/Paq,General,General
Pastel en Hoja De Yuca  Relleno de Pollo  y Queso Empatelao 4 Und/Paq,General,Carnes y Mariscos
Pastel En Hoja De Yuca Con Chorizo y Manchego Patele 2 Und/Paq,General,Carnes y Mariscos
Pastel En Hoja De Yuca Relleno De Res Empatelao 4 Und/Paq,General,General
Pasteles En Hoja De Yuca Relleno De Tocineta; Queso Crema y Guayaba Patele 2 Und/Paq,General,Carnes y Mariscos
Pasteles En Hoja Res Yuca Empatelao 4 Und,General,General
Pastelitos de Capressa Artesanales Belinda´s Gourmet 12 Und/Paq,General,General
Pastelitos de Pollo Artesanales Belinda´s Gourmet 12 Und/Paq,General,Carnes y Mariscos
Pastelitos De Pollo Flova 12 Und/paq,General,Carnes y Mariscos
Pastelitos De Pollo La Higueyana 14 Und/Paq,General,Carnes y Mariscos
Pastelitos De Queso La Higueyana 14 Und/Paq,General,General
Pastelitos de Queso y Trufa Artesanales Belinda´s Gourmet 12 Und/Paq,General,General
Pastelitos de Res Artesanales Belinda´s Gourmet 12 Und/Paq,General,General
Pastelitos Rellenos De Res La Higueyana 14 Und/Paq,General,General
Pastelon De Platano Maduro Con Carne Pequeño,General,General
Pastelon De Platano Maduro Con Queso Pequeño,General,General
Pastilla Para Inodoro Scrubbing Bubbles 48 Gr,General,General
Pastillas Desinfectantes Para Inodoro Pato 52 Gr,General,Limpieza
Pastillas Masticables Mentoladas Sin Azucar Top Care 25 Und/Paq,General,General
Pastillas Para Inodoro Azul Duck 48 Gr,General,General
Pastillas Para Inodoro Bowl Fresh 70 Gr,General,General
Pastillas Para Inodoro Duo Bref 2 Und/Paq,General,General
Pastillas Para Inodoro Fragancia Pino Bref 2 Und/Paq,General,General
Pastillas Para Inodoro Lavanda Poder Activo Bref 50 Gr.,General,General
Pastillas Para Inodoro Líder 60 Gr,General,General
Pastillas Para Inodoro Mr Musculos 80 Gr; 2 Und/Paq,General,General
Pastillas Para Inodoro Pino Poder Activo Bref 50 Gr.,General,General
Pastillas Purificadoras Mr Musculos Para Inodoro Scrubbing 3 Und,General,General
Pastillas Purificadoras Para Inodoro Lavanda Virginia 40 Gr,General,General
pastillas purificadoras para inodoro virginia 40gr,General,General
pastillero am/pm top care,General,General
Pastillero Rectangular Transparente 7 Dias Top Care,General,General
Pastillero Redondo 7 Dias Top Care 1 Und/Paq,General,General
Pastrami De Pavo Butterball; Lb,General,Carnes y Mariscos
Pata De Res; Lb (Peso Aprox. 3.5 Libra),General,General
patas de pollo free farm; lb (peso aprox. 2.5libras),General,Carnes y Mariscos
Pate A La Pimienta 7 Hermanos; Lb,General,General
Pate A Las Finas Hierbas 7 Hermanos; Lb,General,Despensa
Paté Con Trufas Sumo Gusto 8 oz,General,General
pate de atun claro 0% grasa calvo 75gr; 2 und/paq,General,General
Pate De Higado Chef 8 Onz,General,General
Pate De Pato Con Cebolla Martiko 75 Gr,General,General
Pate De Pato Superior Martiko  75 Gr,General,General
pate de pollo y cerdo goya 3oz,General,Carnes y Mariscos
Paticas De Cerdo Criolla Empacadas; Lb (Peso Aprox. 1.5 Libra),General,General
paticas de cerdo criolla; lb,General,General
Paticas de Cerdo Precocidas Cuatropatas 1.5 Lb,General,General
Pato Importado; Lb,General,General
pavo congelado butterball 10-14lbs ( peso aprox. 14lbs),General,General
pavo congelado butterball 12-14lbs (peso aprox. 13lbs),General,General
pavo congelado butterball 14-16lbs (peso aprox. 16lbs),General,General
Pavo Congelado Butterball 16-20 Lbs (Peso Aprox. 20 Lbs),General,General
pavo congelado butterball 18-20lbs (peso aprox. 18lbs),General,General
pavo congelado butterball 20-24lbs (peso aprox. 24lbs),General,General
pavo congelado food club 10-12lbs (peso aprox. 11lbs),General,General
Pavo Congelado Food Club 14-16 Lb (Peso Aprox. 15 Lbs),General,General
pavo congelado food club 16-18lbs (peso aprox. 17lbs),General,General
pavo congelado food club 18-20lbs (peso aprox. 19lbs),General,General
pavo congelado food club 20-22lbs (peso aprox. 21lbs),General,General
pavo congelado food club 22-24lbs (peso aprox. 13lbs),General,General
Pavo Congelado Lil Butterball 6-10 Lbs (Peso Aprox. 10 Lbs),General,General
Pavo En Cuadros; Lb (Peso Aprox. 1 Lb),General,General
Pavo Horneado Butterball 10-12 Lbs (Peso Aprox. 11 Lbs),General,General
pecan eloys 8 onz,General,General
pecans en mitades sin sal lider 8 onz,General,General
pecans naturales setton 7 onz,General,General
Pecho De Almendra Empacado; Lb (Peso Aprox. 1.5 Libras),General,General
Pecho De Almendra; Lb (Peso Aprox. 1 Libra),General,General
Pecho de Res 1 Lb,General,General
Pecho De Res Empacado; Lb (Peso Aprox. 1.5 Libra),General,General
pecho de res; lb (peso aprox. 1libra),General,General
Pechuga De Cerdo Empacada; Lb (Peso Aprox. 1 Libra),General,General
pechuga de cerdo; lb,General,General
Pechuga De Pavo Asada Con Miel Butterball; Lb,General,General
Pechuga De Pavo Congelada Butterball 6-9 Lbs (Peso Aprox. 7 Lbs),General,General
Pechuga De Pavo Deshuesada Butterball; 3 Lbs,General,General
Pechuga De Pavo Horneada Butterball; Lb,General,General
Pechuga de Pavo Mesquite Butterball Lb,General,General
pechuga deshuesada congelada criolla lb; (peso aproximado 1lb),General,General
Pechuga Deshuesada De Pollo Empacada; Lb (Peso Aprox. 3 Libras),General,Carnes y Mariscos
pechuga pollo c/hueso fresca lb,General,Carnes y Mariscos
pediasure 10+ anos vainilla 220ml,General,General
pediasure de vainilla 10+ 850gr.,General,General
peine y cepillo celeste,General,General
Peladillas Delaviuda 150 Gr,General,General
peladillas delaviuda 150gr,General,General
pelota de goma con luz 3.5 in paws,General,General
pelota de goma pequena paws,General,General
pelota huella de vinilo paws,General,General
Penca De Sábila; Lb (Aprox. 2-3 unidades Por Libra),General,General
Pepinillo Agrio Entero Food Club 32 Onz,General,General
Pepinillo Agrio Entero Mo,General,General
Pepinillo Bebe Kosher Food Club 16 Onz,General,General
Pepinillo Cortado Eneldo Food Club 10 Onz,General,General
Pepinillo Cortado Eneldo Vlasic 10 Onz,General,General
Pepinillo Dulce Entero Gherkins Food Club 16 Onz,General,General
Pepinillo Dulce Gherkins Vlasic 16 Onz,General,General
Pepinillo Dulce Rebanado Mo 16 Onz,General,General
Pepinillo Dulce Tipo Relish Food Club 9 Onz,General,General
Pepinillo Entero Mo 16 Onz,General,General
Pepinillo Rebanado Food Club 16 Onz,General,General
Pepino Criollo; Lb  (Aprox. 2- 3 unidades Por Libra),General,General
Pepino Mini Crunch Paq. (Aprox. 6 Unidades Por Paquete),General,General
Peras Asiaticas; Lb  (Aprox. 2-3 unidades Por Libra),General,General
Peras Bosc; Lb (Aprox. 2-3 unidades Por Libra),General,General
Peras De Anjou Rojas; Lb (Aprox. 2-3 unidades Por Libra),General,General
Peras En Mitades Food Club 15 Onz,General,General
Peras Verde; Lb (Aprox. 2-3 unidades Por Libra),General,General
Perejil Liso Paq. 82 Gr,General,General
Perejil Liso Trudeau 57 Gr.,General,General
Perejil Rizado Paq. 82 Gr,General,General
Perejil Rizado Trudeau 57 Gr.,General,General
perlas aromaticas downy april fresh 12.2oz,General,Limpieza
perlas aromaticas downy unstopables fresh 12.2oz,General,Limpieza
peroxido vol. 20 boexon 20 onz,General,General
Petit Pois Con Zanahoria La Famosa 8 Onz,General,General
Petit Pois Food Club 15 Onz,General,General
Petit Pois Goya 15 Onz,General,General
Petit Pois Libbys 15 Onz,General,General
Petit Pois Victorina 15 Onz,General,General
Picadillo De Res 1 Lb,General,General
picadillo de res 1lb,General,General
Picadillo de Res y Chorizo Andale 1 Lb,General,Carnes y Mariscos
Picaña de Cordero Pasture Fresh; Lb,General,General
Picañita De Cerdo Empacada; Lb (Peso Aprox. 1 Libra),General,General
Picañita De Cerdo; Lb,General,General
Pie de Guayaba La Panera 1 Und,General,General
Pie De Manzana La Panera,General,General
Piedra Alisadora Para Pies Top Care 1 Und/Paq,General,General
Pierna Asada Beretta 650 Gr,General,General
pierna cordero deshuesada pasture fresh; lb (peso aprox 4lb),General,General
Pierna De Chivo; Lb,General,Carnes y Mariscos
Pierna de Cordero con Hueso Pasture Fresh; Lb (Peso Aprox 10 Lb),General,General
pila alcalina 9 voltios duracell,General,General
pila alcalina aa rayovac 2 und/paq,General,General
pila alcalina aaa duracell 2 und/paq,General,General
pila alkalina d duracell,General,General
pila tipo coin 2032 duracell,General,General
pilas alcalina optimum aa2 duracell 2 und/paq,General,General
pilas alcalina optimum aaa duracell 4 und/paq,General,General
pilon de madera rayas marrones,General,General
pimienta roja organica triturada full circle 1.2 onz,General,General
pimiento chipotle sazonado roland 7 onz,General,General
Pimiento Mini Sweet Paq 8 Onz,General,General
pimiento rojo entero roland 13.75 onz,General,Frutas y Vegetales
pimientos enteros cidacos 340gr,General,General
Pimientos Tricolor Paq.  (Aprox. 3 Unidades Por Paquete),General,General
pina colada en lata bamboo 350ml,General,General
pina deshidratada food club 6 onz,General,General
Piña en Rodajas Dole 8 Onz,General,General
Piña En Trozos Goya 20 Onz,General,General
Piña Fresca Cortada Bandeja (Peso Aprox. 1 Libra),General,General
Piña Premium De Cevicos (Peso Aprox. 3 Libras Por Unidad),General,General
Piña Rebanada Food Club 20 Onz,General,General
Pincho De Cerdo; Lb,General,General
pincho de pollo casero; lb (peso aprox. 1.5libras),General,Carnes y Mariscos
pinchos bamboo bbq 10'' kingseal 100 und,General,General
pinchos de bambu kingseal bbq 12 pulgadas 100ud,General,General
Pinchos Grandes Dorados Vila 40/1,General,General
Pinchos Grandes Negros Vila 40/1,General,General
pinones setton 2.5 onz,General,General
pinza de metal mediana,General,General
Pinza Deluxe Profesional Top Care 1 Und/Paq,General,General
Pinza Punta Cuadrada Top Care,General,General
piruletas de vitamina c sabores variados sin gluten yum earth 3 onz,General,General
pistacho eloys 4 onz,General,General
pistachos asados nut walker 35gr,General,Despensa
pistachos con sal lorenz 250gr,General,Despensa
pistachos lider 8 onz,General,Despensa
Pita Chips Con Sal Cravn 7.33 Oz,General,Despensa
Pita Chips De Quinoa Kikaboni 1 Onz,General,Despensa
pita chips quinoa y chia baked in brooklyn 6 onz,General,Despensa
pita chips rosemary baked in brooklyn 6 onz,General,Despensa
pita chips simply naked stacy's 227gr,General,Despensa
pita pizza la libanesa 4 und/paq,General,General
Pita Smart Pockets Original Toufayan 9 Onz,General,General
Pita Wraps La Libanesa 5 Und/Paq,General,General
Pitahaya; Lb (Aprox. 1-2 Unidades Por Libra),General,General
Pizza 4 Quesos Palacios 370 Gr,General,General
Pizza Barbacoa Palacios 400 Gr,General,General
Pizza Crust De Coliflor Sin Gluten Outer Aisle 5 Onz,General,Frutas y Vegetales
Pizza de  Quesopara Hornear Lider 11,General,General
Pizza De 3 Quesos Palacios 350 Gr,General,General
Pizza De Coliflor Ajo & Perejil Congelada Valance,General,Frutas y Vegetales
Pizza De Coliflor Con Pepperoni Valance 2 Und/Paq,General,Carnes y Mariscos
Pizza De Coliflor Cuatro Quesos Congelada Valance,General,Frutas y Vegetales
Pizza De Coliflor Veggie Sin Gluten Caulipower 11.60 Onz,General,Frutas y Vegetales
Pizza De Jamon Y Queso Palacios 350 Gr,General,General
Pizza de Pepperoni Ciro's 250 Gr,General,Carnes y Mariscos
Pizza De Pepperoni Congelada Palacios 340 Gr,General,Carnes y Mariscos
Pizza De Pepperoni Congelada Ueno,General,Carnes y Mariscos
Pizza De Queso Sin Gluten Y Sin Lactosa Daiya 15.7 Onz,General,General
Pizza Grande De Pepperoni,General,Carnes y Mariscos
Pizza Jamon; Bacon Y Queso Palacios 360 Gr,General,Carnes y Mariscos
Pizza La Flaquita Pepperonissima Congelada Pizzarelli 3 Und/Paq,General,Carnes y Mariscos
Pizza La Flaquita Queso Congelada Pizzarelli 3 Und/Paq,General,General
Pizza Margarita Ciro's 250 Gr,General,General
Pizza Margarita Palacios 360 g,General,General
Pizza Margherita De Coliflor Caulipower 10.9 Onz,General,Frutas y Vegetales
Pizza Mediana De Maiz,General,General
Pizza Mediana De Queso,General,General
Pizza Mediana Super Especial,General,General
Pizza New York Artesanal Ketohack,General,General
Pizza Pepperoni Congelada Vegan  Daiya 16.7 Onz,General,Carnes y Mariscos
Pizza Pepperoni para Hornear Lider 11,General,Carnes y Mariscos
plancha antiadherente imusa hard tittanium 6 pulgadas,General,General
plantilla para pies mujer en gel top care 1 und/paq,General,General
Plantilla Unisex Doble Grosor Top Care 1 Und/Paq,General,General
plantillas unisex comfort top care 6;75lb,General,General
platanitos con sal del himalaya sin gluten barnana 5 onz,General,General
Platanitos Sabor Ajo Caribas Natuchips 110 Gr,General,Despensa
Plátano Maduro Und,General,General
Platano Verde Pelado Fruconsa 4 Und/ Paq,General,Frutas y Vegetales
Plátano Verde; Und,General,Frutas y Vegetales
plato de papel con diseno #10 simply done 24 und/paq,General,General
plato de papel de alta resistencia simply done 150 und/paq,General,General
plato desechable #9 simply done 40 und/paq,General,General
plato desechable clear 10.2'' simply done 8 und/paq,General,General
plato foam desechable termo envases 25 und/paq,General,General
plato foam desechable termopac #9 25 und/paq,General,Limpieza
plato hondo de papel simple done 24 und/paq,General,General
platos de plastico #9 bionature 20und/paq,General,General
platos desechables #9 de colores simply done 20 und/paq,General,General
platos desechables 10.25'' simply done 15 und/paq,General,General
platos desechables compostable bionature #9 20 und/paq,General,General
platos desechables compostable para postre simply done 35 und/paq,General,General
platos desechables compostables simply done 32 und/paq,General,General
Plumero Antiestático Magic ideal Ressol 1 Und,General,Carnes y Mariscos
Polen De La Abuela 5 Onz,General,General
polenta sin gluten bob's 24 onz,General,General
pollo en conserva organico full circle 5 onz,General,Carnes y Mariscos
Pollo Fresco Entero Cibao 1 Lb,General,Carnes y Mariscos
Pollo Horneado con Limón y Pimienta,General,Carnes y Mariscos
Pollo Horneado Tradicional,General,Carnes y Mariscos
pollo untable underwood 4.25 onz,General,Carnes y Mariscos
Polvo Borasol Dr. Collado 4 Oz,General,General
Polvo En Spray Para Pies Y Tenis Top Care 4 Onz,General,General
Polvo Original Johnson's Baby 200 Gr.,General,General
Polvo Original Johnson´s Baby 100 Gr.,General,General
Polvo Para Hornear Food Club 8.1 Onz,General,General
polvorones de almendras y pecan banchetto,General,Despensa
Polvorones de Nueces La Panera 15 Und/Paq,General,Despensa
Pomada Protectora Lider 4 oz,General,General
Pomelo Importado; Lb (Aprox. 2-3 Unidades Por Libra),General,General
ponche artesanal nutella les cusine 24 onz,General,General
ponche artesanal pistacho les cusine 24 onz,General,General
ponche artesanal pistacho sin lactosa les cusine 24 onz,General,General
ponche bebida doces de agato red velvet 350ml,General,General
ponche crema de oro 35 cl,General,General
ponche de cafe premium bordas 70 cl,General,General
ponche guayaba con lactosa les cuisine 24 onz.,General,General
ponche kuba 7 cl,General,General
ponche premium bordas 70 cl,General,General
ponche sin alcohol rica 1lt,General,General
Pop-Tarts Bites Fresa Kelloggs 5 Und/Paq,General,General
Popcorn Nuggets De Pollo Tyson 708 g,General,Despensa
popcorn queso blanco lider 50gr,General,Lácteos
popcorners sea salt 5 onz,General,Despensa
porchetta hugo pork; lb,General,General
Porciones de Salmon Chum Paquete 2 x 125 gr,General,Carnes y Mariscos
Porciones De Salmon Ivp Congelado; (Peso Aprox. 1 Libra),General,Carnes y Mariscos
pre-poo deya 16 onz,General,General
Preparado De Fabada Asturiana (3 Raciones) Naveda,General,General
preparado de paella carmencita 65gr,General,General
Preparado De Paella Congelado; Lb (Peso Aprox. 1 Libra),General,General
presa iberica loncheada 5j 70gr,General,General
pretzel snack unreal chocolate leche 3.5oz,General,Despensa
pretzel snack unreal chocolate negro 3.5oz,General,Despensa
primula cafetera de aluminio 12 tazas,General,General
Prosciutto Crudo Beretta 70 Gr,General,Carnes y Mariscos
Prosciutto Crudo sin Hueso Líder lb,General,Carnes y Mariscos
Prosciutto Di Parma Beretta 70 Gr,General,Carnes y Mariscos
prosciutto fratelli beretta loncheado 4 onz,General,Carnes y Mariscos
prosciutto fratelli beretta; lb,General,Carnes y Mariscos
Prosciutto Líder 160 Gr,General,Carnes y Mariscos
prosciutto lider 160gr,General,Carnes y Mariscos
Prosciutto Líder 80 Gr.,General,Carnes y Mariscos
prosciutto lider 80gr.,General,Carnes y Mariscos
prosciutto rebanado beretta 3 onz,General,Carnes y Mariscos
Prosciutto San Daniele Beretta 70 Gr,General,Carnes y Mariscos
Prosciutto Silver Citterio; Lb,General,Carnes y Mariscos
Prosciutto Silver Fresco Citterio 4 Onz,General,Carnes y Mariscos
protector de talon unisex top care 1 und/paq,General,General
protectores de hornilla redondos ultra foil 10 und,General,General
Protectores De Lactancia Nosotras 40 Und/Paq,General,General
Protectores Diarios Kotex con Indicador de PH 15 Unidades,General,General
Protectores Diarios Kotex Largos 15 Unidades,General,General
Protectores diarios Largos Líder  40 Und/Paq,General,General
Protectores Diarios Líder 120 Und/Paq,General,General
Protectores Diarios Nosotras 40 Und/Paq,General,General
Protectores Diarios Nosotras Flexible Natural 60 Und/Paq,General,General
Protectores Diarios Nosotras Largos Multiestilo Con Alas 40 Und/Paq,General,General
Protectores Diarios Nosotras Multiestilo 150 Und/Paq,General,General
Protectores Diarios Nosotras Natural Respirable 15 Und/Paq,General,General
Protectores Diarios Nosotras Regulares 120 Und/Paq,General,General
Protectores Diarios Nosotras Respirables 120 Und/Paq,General,General
Protectores Diarios Nosotras Sensitive Multiestilo 100 Und/Paq,General,General
Protectores Diarios Nosotras V-Confident Extra Largo 36 Und/Paq,General,General
Protectores Diarios Top Care Regular 30 Und/Paq,General,General
Protectores Kotex Cuidado Diario Manzanilla 15 Unidades,General,Despensa
proteina bebida vainilla lean body 17 onz,General,General
proteina en polvo mani y chocolate eva 500g,General,Despensa
proteina en polvo mani y vainilla eva 500g,General,Despensa
proteina liquida sabor cafe quest 11oz,General,General
proteina vainilla y mani ontario 46g,General,Despensa
proteina vegetal en polvo sabor mantequilla de mani orgain protein 2lb,General,Limpieza
proteina vegetal organica en polvo sabor chocolate organico organic protein 2lb,General,Despensa
proteina vegetal organica en polvo sabor vainilla orgain 2lb,General,Limpieza
proteina whey en polvo sabor mantequilla de mani sacha fitness 2lb.,General,Despensa
proteina whey liquido sabor caramelo lean body 17 onz,General,General
Pudding De Chocolate Triple Swiss Miss 6 Onz C/U,General,Despensa
Pudding De Chocolate Vainilla Swiss Miss 6 Onz C/U,General,Despensa
Pudding De Vainilla Swiss Miss 6 Onz C/U,General,General
Pudding Sabor Caramelo Elle & Vire 100 Gr,General,General
Pudding Sabor Chocolate Elle & Vire 100 Gr,General,Despensa
Pudding Sabor Vainilla Elle & Vire 100 Gr,General,General
pudin de chocolate goya 3.5oz,General,Despensa
pudin de chocolate sin azucar snack pack hunts 4 und/paq,General,Despensa
pudin de chocolate snack pack hunts 4 und/ paq,General,Despensa
Pudin De Guineo La Panera,General,General
Pudin De Maiz La Panera,General,General
Pudin De Mantequilla La Panera,General,General
Pudin De Naranja Con Semillas De Amapola La Panera,General,General
Pudin De Zanahoria; Almendras Y Pasas La Panera,General,Despensa
Puerro Fino Inahnsa Paq.  (Peso Aprox. 0.18 Libra Por Paquete),General,General
Puerro Grueso Criollo; Lb (Peso Aprox. 1-1.5 Libras),General,General
Puerro Hidroponico Heco Paq. (Aprox. 3 Onz Por Paquete),General,General
puffs pizza space balls sin gluten lesserevil 5oz,General,General
Pulled Beef Angus Brisket Cuatro Patas 12 Onz,General,General
Pulled Pork Cuatropatas 16 Onz.,General,General
Pulpa De Chinola Frupack 16 Onz.,General,General
pulpa de guanabana frupack 16 onz.,General,General
pulpa de guayaba frupack 16 onz.,General,General
pulpa de mango congelada luv 16 onz,General,General
pulpa de mora frupack 16 onz.,General,General
Pulpa De Tamarindo Paq. (Peso Aprox.  1 Libra Por Paquete),General,General
Pulpa De Tomate Mutti 400 Gr,General,General
Pulpa De Tomate Mutti 500 Gr,General,General
pulpa de tomate pezzi mutti 2500gr,General,General
pulpa de tomatillo frupack 16 onz.,General,General
pulpa nora jr 135gr,General,General
Pulpo Baby  Lb (Peso Aprox. 2.5 Libra),General,Carnes y Mariscos
Pulpo Entero  Cocido Antonio Ricardo Aprox. 300-400Gr.,General,Carnes y Mariscos
Pulpo Entero Crudo Antonio Ricardo Aprox. 800-1000 Gr.,General,Carnes y Mariscos
Pulpo Importado Congelado; Lb ( Peso Aprox. 4 Libras),General,Carnes y Mariscos
Punta De Palomilla Empacada; Lb (Peso Aprox. 1.5 Libra),General,General
punta de palomilla; lb (peso aprox. 1libra),General,General
pure congelado distelca yautia 1lb,General,General
pure de calabaza food club 15 onz,General,General
pure de calabaza libbys 15 onz,General,General
Puré De Cepia De Apio Distelca 1 Lb,General,Frutas y Vegetales
pure de manzana food club 24 onz,General,General
Puré De Papas Instantáneo Con 4 Queso Idahoan 4 Onz,General,General
pure de papas instantaneo con sabor a ajo rostizado food club 6.6 onz,General,General
pure de papas instantaneo con sabor a ajo rostizado idahoan 4 onz,General,General
pure de papas instantaneo food club 13.3 onz,General,General
Puré De Papas Instantáneo Sabor 4 Quesos Food Club 4 Onz,General,General
Puré De Papas Instantáneo Sabor Mantequilla Con Hierbas Food Club 4 Onz,General,Despensa
pure de papas instantaneo sabor mantequilla idahoan 4 onz,General,General
pure de tomate brik mutti 500gr.,General,General
Puré De Yuca Distelca 1 Lb,General,General
pyrex envase de almacenar rectangular 1.4l,General,General
Pyrex Envase De Almacenar Redondo 7 Tz.,General,General
pyrex fuente de almacenar rectangular 750ml,General,General
pyrex original fuente para hornear rectangular 2l,General,General
pyrex rectangular 2.6l,General,General
pyrex redondo 2 tz,General,General
queso alto en proteina burgo de arias 210gr.,General,General
Queso Americano Colby Cornershop Lb (Peso Aprox. 1 Libra),General,General
queso americano colby jack lb (peso aprox. 1libra),General,General
queso americano cornershop lb (peso aprox. 1libra),General,General
Queso Americano En Lonjas Kraft 12 Und/Paq; 8 Onz,General,General
Queso Americano Imitacion That'S Smart 10.66 Onz,General,General
Queso Americano Monterey Jack Cornershop Lb (Peso Aprox. 1 libra)..,General,General
Queso Americano Pepperjack Corneshop  Lb (Peso Aprox. 1 Libra),General,General
Queso Americano Rebanado Food Club 12 Onz,General,General
Queso Americano Rebanado Kraft 12 Onz,General,General
Queso Americano Sin Lactosa Daiya 7.8 Onz,General,General
Queso Asiago Belgioioso 8 Onz,General,General
Queso Asiago Cuña Líder 8 Oz,General,General
Queso Asiago Pressato Auricchio; Lb,General,General
Queso Asiago Triturado Food Club 5 Onz,General,General
Queso Azul A La Sidra Los Caserinos Lb,General,General
Queso Azul Castello 100 Gr,General,General
Queso Azul En Crema President 125 Gr,General,General
Queso Azul Extra Cremoso Castello 100 Gr,General,General
Queso Azul Stilton Coomble Castle Lb,General,General
Queso Bajo En Sal Rebanado Tres Oscos 200 Gr,General,General
Queso Blanco De Freir Norteno Sosua; Lb,General,Lácteos
Queso Blanco De Freir San Juan; Lb,General,Lácteos
Queso Blanco De Freír Yokesso ; Lb,General,Lácteos
Queso Blanco para Freír Líder lb; (Peso Aproximado 1 lb),General,Lácteos
Queso Blanco Para Freir Michel; Lb,General,Lácteos
queso camembert campagne president 125gr,General,General
Queso Camembert President 8 Onz,General,General
Queso Camembert Rosenborg Castello 4.5 Onz,General,General
Queso Camembert Saint Michel 250 Gr,General,General
Queso Cereza De Leche La Zarina 300 Gr,General,General
Queso Colby Jack Food Club 10 Onz,General,General
Queso Comte Le Montarlier 6 Meses President 220 Gr,General,General
Queso Con Frutos Secos Sumo Gusto 8 Onz,General,General
Queso Con Pesto Rojo Landana; Lb,General,General
Queso Con Pesto Verde Landana; Lb,General,General
Queso Con Trufas Y Hongos Landana; Lb,General,General
Queso Congelado McCain Palitos Mozzarella 8 OZ,General,General
queso cotagge con blueberries daisy 6 onz,General,General
queso cotagge con durazno daisy 6 onz,General,General
queso cotagge con fresa daisy 6 onz,General,General
queso cotagge con pina daisy 6 onz,General,General
queso cream cheese cheeson 200gr,General,General
queso cream cheese con ajo y hierbas cheeson 150gr,General,Despensa
queso cream cheese con queso azul cheeson 150gr,General,General
queso cream cheese light cheeson 150gr,General,General
queso cream cheese sin lactosa cheeson 150gr,General,General
queso crema ajo & hierbas cheeson 200g,General,Lácteos
Queso Crema Camembert Tarro President 125 Gr,General,Lácteos
Queso Crema Líder 12 Onz,General,Lácteos
queso crema michel; lb,General,Lácteos
queso crema origen nacional 1lb,General,Lácteos
queso crema sabor rollo de canela 8oz,General,Lácteos
Queso Crema San Juan 12 oz,General,Lácteos
Queso Crema Sin Lactosa Michel; Lb,General,Lácteos
queso crema sosua; lb,General,Lácteos
queso crema stracchino la zarina 250gr,General,Lácteos
queso crema yokesso; lb,General,Lácteos
queso curado galeon 200gr.,General,General
Queso Curado Gran Capitan 250 Gr,General,General
Queso Curado Gran Capitan 450 Gr,General,General
Queso Curado; Lb,General,General
Queso Danes Havarti Arla,General,General
Queso Danés Importado; Lb (Peso Aprox. 1 Libra),General,General
Queso Danes Michel; Lb,General,General
Queso Danes Sin Lactosa Michel Lb,General,General
Queso Danés Sosúa 1 Lb,General,General
Queso Danes Sosua Rebanado Paq 3/4 Lb,General,General
Queso De Cabra Al Vino Galeon 200 Gr.,General,General
queso de cabra bajo en sal el ventero 160gr,General,General
Queso De Cabra Chevre Galeon 100 Gr.,General,General
Queso De Cabra Chevrette Mild; Lb,General,General
Queso De Cabra Chevrotin Deliciel Und,General,General
queso de cabra con blueberry y vainilla montchevre 4 onz,General,General
queso de cabra con miel montchevre 4 onz,General,General
Queso De Cabra Con Trufas Galeon 200 Gr.,General,General
Queso De Cabra Holandes Mild Landana; Lb,General,General
queso de cabra plain montchevre 4 onz,General,General
Queso De Cabra Plain President 113 Gr,General,General
Queso De Cabra Plain President 310 Gr,General,General
queso de cabra tierno el ventero 550gr,General,General
Queso De Cabra Y Romero Semi Curado Galeon 200 Gr.,General,Carnes y Mariscos
Queso De Freír Don Luis; Lb,General,General
Queso de Freir Líder 16 Onz.,General,General
Queso De Freir Origen Nacional 1 Lb,General,General
Queso De Freir Sin Lactosa Naturelle 1 Lb,General,General
Queso De Mano La Coromoto 1 Lb,General,Limpieza
Queso De Oveja Curado Galeon 200 Gr.,General,General
queso de oveja semi curado galeon 200gr.,General,General
queso delicia de cabra deliciel 230gr,General,General
Queso Derby  Sage Coombe Castle Lb,General,General
Queso Duro Gran Moravia 200 Gr.,General,General
Queso Edam Tipo Holandes San Juan; Lb,General,General
Queso Emmental Rebanado President 200 Gr,General,General
Queso Emmenthal En Crema President 125 Gr,General,General
Queso Emmenthal President 220 Gr,General,General
Queso Emmenthal Rallado President 100 Gr,General,General
Queso Emmenthal Stick President 108 Gr,General,General
Queso Estilo Italiano Rallado Food Club 8 Onz,General,General
Queso Feta Con Hierbas Mediterraneas Odyssey 170 Gr,General,Despensa
Queso Feta Con Hierbas Salakis 300 Gr,General,Despensa
Queso Feta Desmenuzado Aloutte 6.6 Onz,General,General
Queso Feta Desmenuzado Plain President 6 Oz,General,General
Queso Feta en Aceite Arla 150 Gr,General,General
Queso Feta En Aceite Con Hierbas Arla 80 Gr,General,Despensa
Queso Feta En Trozos Con Albahaca Y Tomate Odyssey 170 Gr,General,General
queso feta food club; lb (peso aprox. 0.5libras),General,General
Queso Feta Original Desmenuzado Odyssey 170 Gr,General,General
Queso Feta Tradicional President 8 Onz,General,General
queso feta valbreso 600gr.,General,General
queso feta; lb,General,General
Queso Fiddlers Green Coombe Castle Lb,General,General
Queso Fino Prima Donna; Lb,General,General
Queso Frances Emmenthal President; Lb,General,General
Queso Geo Heinsen Holandes Und.,General,General
Queso Gorgonzola D.O.P. Auricchio Lb,General,General
Queso Gorgonzola Piccante Auricchio; Lb,General,General
Queso Gran Bavarese Blue Cheese; Lb,General,General
Queso Grana Padano 200 g Galbani,General,General
Queso Grana Padano Auricchio 200 Gr,General,General
Queso Grana Padano Rallado Auricchio 80 Gr.,General,General
Queso Holandes Con Olivas Y Tomate Landana; Lb,General,General
Queso Holandes Edam Original Mild; Lb,General,General
Queso Holandes Líder 500 Gr,General,General
Queso Holandés Vincent; Lb,General,General
Queso Iberico Semi Curado Galeon 200 Gr.,General,General
Queso Jarlsberg; Lb,General,General
queso kefir okava 8 onz,General,General
Queso La Fondue President 450 Gr,General,General
Queso La Vaca Que Rie 8 Und/Paq,General,General
Queso Lácteo Alouette Azul Desmenuzado 6.6 OZ,General,General
Queso Lácteo Belgioioso Tabla Italiana 12 OZ,General,General
Queso Lácteo Lupa Mozzarella Corazón de Leche LB,General,General
Queso Lácteo Président Edam Rebanado 150 GR,General,General
Queso Lácteo Reny Picot Brie Barra 250 GR,General,General
Queso Lácteo Tres Oscos Cabra Rebanado 150 GR,General,General
Queso Ligero Rebanado Tres Oscos 250 g,General,General
Queso Light La Vaca Que Rie 8 Porciones,General,General
Queso Lite Jarlsberg; Lb,General,General
queso llanero la coromoto 1lb,General,Limpieza
Queso Maasdam Madrigal President; Lb,General,General
Queso Maasdam Original; Lb,General,General
Queso Maduro Prima Donna; Lb,General,General
Queso Mahon Semi Curado Mercadal; Lb,General,General
queso mascarpone belgioioso 8 onz,General,General
queso mascarpone galbani 16 onz,General,General
queso mascarpone galbani 250gr,General,General
Queso Mexican Blend Shredded Food Club 8 Onz,General,General
Queso Mexican Rallado Con Philadelphia Kraft 8 Onz,General,General
Queso Mexicano Para Taco Kraft 8 Onz,General,General
Queso Mexicano Rallado Full Circle 6 Onz,General,General
Queso Mini Babybel La Vaca Qui Rie 4.5 Onz,General,General
queso mini babybell light la vaca que rie 4.5 onz,General,General
Queso Monterey Jack En Barra Food Club 8 Onz,General,General
Queso Muenster Food Club; Lb,General,General
Queso Muenster Rebanado Food Club 8 Onz,General,General
Queso Natural Burgo De Arias 72 Gr,General,General
Queso Palmito La Coromoto 1 Lb,General,Limpieza
Queso Para Pizza Rallado Food Club 8 Onz,General,General
Queso Parmigiano Reggiano 30 Meses Parmareggio 250 Gr,General,General
queso parmigiano reggiano 40 meses parmareggio 200g,General,General
Queso Parmigiano Reggiano Galbani 200 Gr,General,General
Queso Parmigiano Reggiano Parmareggio 200 Gr,General,General
Queso Parmigiano Reggiano Parmareggio 22 Meses 1000 Gr,General,General
Queso Parmigiano Reggiano Parmareggio 24 Meses 150 Gr,General,General
Queso Parmigiano Reggiano Rallado Auricchio 80 g,General,General
Queso Pecorino Con Trufa Auricchio Lb,General,General
Queso Pecorino Pepato Auricchio Lb,General,General
Queso Pecorino Romano Dop Auricchio 250 Gr,General,General
Queso Pecorino Romano Parmareggio 200 Gr,General,General
queso pepper jack con mani y pasas snak pack food club 4.5 onz,General,Despensa
Queso Pepper Jack Food Club 10 Onz,General,General
queso pepper jack rallado daiya 7.8oz,General,General
queso petit brie president 125gr,General,General
queso petit camembert president 125gr,General,General
Queso Picantino Rallado Sosua 4 Onz,General,General
Queso Provola Ahumado La Zarina Lb (Peso Aprox. 1 libra),General,General
Queso Provolone Auricchio Lb,General,General
Queso Provolone Corner Shop Lb (Peso Aprox. 1 Libra),General,General
Queso Provolone Dolce Auricchio 150 Gr,General,General
queso provolone dolce forno auricchio 150gr,General,General
Queso Provolone Full Circle 6 Onz,General,General
Queso Provolone Half Moon Belgioso 8 Onz,General,General
Queso Provolone Rebanado Daiya 7.8 Onz,General,General
Queso Provolone Rebanado Food Club 8 Onz,General,General
Queso Quatt Grana Padano Parmareggio 150 Gr,General,General
Queso Raclette President; Lb,General,General
Queso Rallado Colby Jack FC 8 oz,General,General
Queso Rallado Para Tacos Food Club 8 Onz,General,General
Queso Rebanado Cheesy Does It Food Club 12 Onz,General,General
Queso Rebanado Estilo Americano Vegan Follow Your Heart 7 Onz,General,General
Queso Rebanado Light President 200 Gr,General,General
Queso Rebanado Velveeta 12 Onz,General,General
Queso Red Leicester Coombe Castle Lb,General,General
Queso Romano Cuña Líder 8 Oz,General,General
Queso Roquefort Societe 200 Gr,General,General
Queso Saxonshire Azul Coombe Castle Lb,General,General
Queso Scarmoza Ahumada Auricchio 250 Gr.,General,General
Queso Semi Curado Castillo De La Mota; Lb,General,General
Queso Semi Curado Garcia Baquero; Lb,General,General
Queso Semi Curado Gran Capitan Lb,General,General
Queso Semi Curado Gran Cardenal 250 Gr,General,General
Queso Semi Curado Sin Lactosa Galeon 200 Gr.,General,General
Queso Semicurado Oro Galeon; Lb,General,General
queso sin lactosa burgo de arias 216gr.,General,General
Queso Sin Lactosa Rebanado Tres Oscos 160 Gr.,General,General
Queso Sin Lactosa Tres Oscos; Lb,General,General
Queso Suizo En Barra Food Club 8 Onz,General,General
Queso Suizo Imitacion Rebanado That'S Smart 10.66 Onz,General,General
Queso Suizo Rebanado Food Club 9 Onz.,General,General
Queso Swiss Premium Ammerland; Lb,General,General
Queso Tierno El Ventero 250 Gr,General,General
Queso Tipo Fundido Sosua Zig Zag 16 Onz,General,General
queso untable con ajo y hierbas alouette 6.5 onz,General,Despensa
Queso Wensleydale Con Moras Coombe Castle Lb,General,Frutas y Vegetales
Quinoa Blanca Líder 12 Onz,General,General
Quinoa Organica En Bowl Full Circle 4.2 Onz,General,General
Quinoa Roja Roland 12 Onz,General,General
Quinoa Tricolor Líder 12 Onz,General,General
Quinoa Tricolor Organica Full Circle 16 Onz,General,General
Quinoa Tricolor Roland 12 Onz,General,General
Quipe De Res Ellos Comen 6 Und/Paq 16 Onz.,General,General
Quipe De Res La Libanesa 6 Und/Paq,General,General
quita pelusas simply done; 30 hojas,General,General
quitagrasa spray casa lider 750ml,General,General
Radichio; Lb (Aprox. 2-3 Unidades Por Libra),General,General
ramyun de papa nongshim 100gr 4 und/paq,General,General
ramyun vegetariano nong shim 67gr,General,General
Raspadura De Leche Jomisardys 9 Onz,General,General
Ravioli a La Matriciana Líder 250 Gr,General,General
Ravioli Burrata; Tomate y Albahaca Líder 250 Gr,General,General
Ravioli De Carne Food Club 24 Onz,General,General
Ravioli de Espinaca y Queso 25 Onz,General,Frutas y Vegetales
Ravioli De Queso Mini RounD Food Club 24 Onz,General,General
Ravioli Pecorino y Pimienta Líder 250 Gr,General,General
Ravioli Relleno De Queso Food Club 25 Onz,General,General
Ravioloni Burrata; Mortadella y Pistachio Líder 250 Gr,General,General
Ravioloni con Hongos Porcini Líder 250 Gr,General,General
Ravioloni Espinaca y Ricotta Líder 250 Gr,General,Frutas y Vegetales
Ravioloni Langostino y Calabacín Líder 250 Gr,General,Carnes y Mariscos
Ravioloni Verduras Parrilla Líder 250 Gr,General,General
Recogedor Clipa de Plástico Novica,General,General
recogedor con goma brava,General,General
recogedor de basura con palo lider 1 und,General,General
Recogedor De Basura Con Palo Novica,General,General
recogedor de basura mini simply done,General,General
Recogedor de Pelos de Mascotas Simply Done,General,General
recogedor de polvo con cepillo simply done,General,General
Recortador De Cuticulas Top Care,General,General
red moscato obs0925 barefoot 75 cl,General,General
refractario rectangular 2.7l,General,General
Rejo De Pota Congelado; Lb (Peso Aprox. 1 Libra),General,General
relleno de cereza lite para pie food club,General,General
relleno de fresa para pie food club 21 onz,General,General
Relleno para Deshumidificador Lavanda 350 g Casa Líder,General,General
Relleno Para Pie De Blueberry Food Club 21 Onz,General,General
Relleno Para Pie De Cerezas Food Club 21 Onz,General,General
Relleno Para Pie De Cherry Food Club 21 Onz,General,General
Relleno Para Pie De Manzana Food Club 21 Onz,General,General
Remolacha Cruda Lb (Aprox. 2-4 unidades Por Libra),General,Frutas y Vegetales
remolacha en lonjas sin sal food club 15 onz,General,Frutas y Vegetales
remolacha rebanada food club 15 onz,General,Frutas y Vegetales
Removedor De Esmalte Extra Suave Vitamina E Darosa 5 Onz,General,General
Removedor De Esmalte Original Cutex 1.7 Onz,General,General
Removedor De Esmalte Regular Cutex 6.8 Onz,General,General
removedor de manchas accidentales iberia revolution 150ml,General,General
removedor de manchas con color boost oxiclean 45 onz,General,General
removedor de manchas en gel oxiclean 6.2 onz,General,General
removedor de manchas en gel shout 8.7 onz,General,General
removedor de manchas en polvo oxiclean 1.77lb,General,General
removedor de manchas liquido oxiclean 21.5 onz,General,General
removedor de manchas liquido shout 22 onz,General,General
removedor de manchas multiusos en gel vanish 925ml,General,General
removedor de manchas oxiclean versatil 3lb,General,General
removedor de manchas oxy en polvo simply done 3lb,General,General
removedor de manchas para ropa blanca blancox 1000ml,General,General
removedor de manchas para ropa de bebe babyganics 946ml,General,General
removedor de manchas para ropa de color blancox 1000ml,General,General
removedor de manchas pre-tratamiento spray 'n wash 22 onz,General,General
removedor de manchas ropa bebe en polvo oxiclean 3lb,General,General
removedor de manchas the pink stuff 500ml,General,General
removedor de manchas y olores nature's miracle 24 onz,General,General
Removedor Liquido de Callos Top Care 0.5 Onz,General,General
removedor para manchas en polvo blancox 200gr,General,General
removedores de madera casa lider 5.5'',General,General
removedr de manchas en polvo vanish 450gr,General,General
repelente aerosol cutter all family 6 onz,General,General
repelente cuidado repel-aid nina 100ml,General,General
repelente en aerosol deep woods off 6 onz,General,General
repelente en aerosol off 9 onz,General,General
repelente en spray all family cutter 6 onz,General,General
repelente en spray repelengue 200ml,General,General
repelente en spray repelengue 30ml,General,General
repelente en spray sin fragancia off 6 onz,General,General
Repelente Natural Para Bebe Babyganics 6 Onz,General,General
repelente para ninos sin alcohol repelengue 200ml,General,General
repelente sin alcohol repelengue 30ml,General,General
repelente smooth & dry family care off 4 onz,General,General
repollo agrio sauerkraut food club 14.4 onz,General,Carnes y Mariscos
Repollo Chino; Lb (Peso Aprox. 4 Libras),General,Carnes y Mariscos
repollo conserva kuhne sauerkraut 400gr,General,Carnes y Mariscos
Repollo Morado Importado; Und,General,Carnes y Mariscos
Repollo Morado; Lb (Peso Aprox. 4 Libras),General,Carnes y Mariscos
Repollo Verde Rebanado Paq. (Peso Aprox. 1 Libra Por Paquete),General,Carnes y Mariscos
Repollo Verde; Und,General,Carnes y Mariscos
Repostero Vidrio con Tapa Bambú 12x4x6,General,General
repuesto ambientador glade automatico warm apple 6.2oz,General,General
repuesto ambientador glade plug balsam & spruce 2 ct,General,General
repuesto ambientador glade plug embers & sandalwood 2 ct,General,General
repuesto ambientador glade plug pumpkin & ginger 2 ct,General,General
repuesto ambientador glade plug warm apple spice 2 ct,General,General
retoque raices color negro magig root cover up l'oreal 5.5 onz,General,General
retoque raices color rubio oscuro magic root cover up l'oreal 5.5 onz,General,General
retoque raices light golden brown magic root cover up l'oreal 5.5 onz,General,General
retoque raices marron claro a intermedio magig root cover up l'oreal 5.5 onz,General,Bebidas
revitalift 24h – crema dia & noche triple accion l’oreal,General,General
revitalift brillo radiante con niacinamida l’oreal,General,General
revitalift contorno renovador de juventud l’oreal,General,General
revitalift noche – crema restauradora intensa l’oreal,General,General
revitalift triple accion para ojos l’oreal,General,General
Ribeye Cab Prime; Lb (Peso Aprox. 1.5 Libra),General,General
Rice Puffs de Fresa y Arándano Baby Mum-Mum 50 g,General,General
Rice Puffs de Manzana y Banana Baby Mum-Mum 50 g,General,General
Rinse Lider 1 gl,General,General
rinse lider 1gl,General,General
risotto scotti 4 quesos 200gr,General,General
risotto scotti con azafran 210gr,General,General
risotto scotti con hongos porcini 210gr,General,General
risotto scotti con mariscos 210gr,General,Carnes y Mariscos
risotto scotti con trufas 210gr,General,General
risotto scotti peck&hongo porcini 210gr,General,General
risotto scotti speck & queso 200gr,General,General
Robalo Congelado; Lb (Peso Aprox. 1 Libra),General,General
rodillo de madera,General,General
Rollo de Queso La Panera 100 Gr,General,General
Romero Carmencita 25 Gr,General,Carnes y Mariscos
romero carmencita 25gr,General,Carnes y Mariscos
Romero Herb Garden Paq. 2 Onz,General,Carnes y Mariscos
Romero Trudeau Paq. 40 Gr,General,Carnes y Mariscos
Ron 18 Años Flor De Caña 75 Cl.,General,Bebidas
Ron Añejo Mantuano Diplomatico 75 Cl.,General,Bebidas
Ron Añejo Premium Macorix 70 Cl,General,Bebidas
Ron Black Punta Cana 70 Cl,General,Bebidas
Ron Blanco Añejado Barcelo 35 Cl,General,Bebidas
Ron Blanco Añejo Planas Diplomatico 75 Cl,General,Bebidas
Ron Blanco Premium Macorix 750 Ml,General,Bebidas
Ron Blanco Superior Bermudez 70 Cl,General,Bebidas
Ron Coco Splash Macorix 70 Cl,General,Bebidas
Ron Cognac Leyenda Barrica Brugal 70 Cl.,General,Bebidas
Ron Cool Piña Macorix 70 Cl,General,Bebidas
Ron Doble Reserva Brugal 700Ml,General,Bebidas
Ron E. Leon Jimenes By La Aurora 70 Cl,General,Bebidas
Ron Esplendido Punta Cana 70 Cl,General,Bebidas
Ron Extra Viejo Brugal 1/2 Gl,General,Bebidas
Ron Gran Añejo Barcelo 70 Cl,General,Bebidas
Ron Gran Reserva 1888 Brugal 70 Cl,General,Bebidas
Ron Gran Reserva Aniversario Bermudez 70 Cl,General,Bebidas
Ron Gran Reserva Macorix 350 Ml,General,Bebidas
Ron Imperial Maple Cask Barceló 70 Cl,General,Bebidas
Ron Imperial Mizunara Cask Barcelo 70 Cl,General,Bebidas
Ron Malibu Coco 75 Cl,General,Bebidas
Ron Plata Punta Cana Club 70 Cl,General,Bebidas
Ron Rebel Spiced Macorix 70 Cl,General,Bebidas
Ron Reserva Exclusiva Diplomatico 75 Cl.,General,Bebidas
Ron Triple Reserva Brugal 70 Cl.,General,Bebidas
Ron Ultra Premium Legado Caballo Mayor 75 Cl,General,Bebidas
Ron Viejo Punta Cana Club 70 Cl,General,Bebidas
Ropa Interior Desechable Goodnites Niño Talla G 11 Unidades,General,General
rubbermaid contenedor 21 tazas,General,General
rubbermaid easyfind contenedor plastico 9 tz,General,General
rubbermaid easyfind juego de contenedor plasticos 14 tz,General,General
rubbermaid takealong contenedor juego de 3,General,General
rubbermaid takealong contenedor plastico 1gl,General,General
rubbermaid takealong contenedor plastico 4 piezas,General,General
Rúcula Hidroponica; Und,General,General
Rúcula Paq. (Peso Aprox. 1/2 Libra Por Paquete),General,General
Rúcula Silvestre Paq. 6 Onz,General,General
Rulo; Und,General,General
sabitos de coco guaraguano k 7oz,General,Bebidas
saborizante para leche sabor chocolate nesquik 200gr,General,Despensa
saborizante para leche sabor chocolate nesquik 400gr,General,Despensa
Saborizante Sabor Fresa Nesquik 400 Gr,General,General
saca agua brava 14'',General,Bebidas
sal alta pureza refisal 142gr,General,General
sal alta pureza salero refisal 130gr,General,General
Sal Con Trufa Carmencita 112 Gr,General,General
sal de bano lavanda dr. teals 1lb,General,General
Sal De Epsom Top Care 16 Onz,General,General
sal epsom con eucalipto dr teal's 1lb,General,General
sal epsom para pies con menta dr teals 2lb,General,General
sal food club 26 onz,General,General
sal gruesa kosher morton 48 onz,General,General
sal light en sodio refisal 454gr,General,General
Sal Light En Sodio Refisal 908 Gr,General,General
sal molida yodada linda 18 onz,General,General
sal molida yodada refisal 1800gr.,General,General
sal molida yodada refisal 500gr,General,General
sal molida yodada refisal 510gr,General,General
sal molida yodada refisal 750gr,General,General
sal original morton 26 onz,General,General
sal para curar carnes morton 2lb,General,General
sal parrillera refisal 454gr,General,General
sal refisal 5lb,General,General
sal rosada fina himalania 6 onz,General,General
sal rosada gruesa con molinillo refisal 110gr,General,General
sal rosada gruesa funda refisal 400gr,General,General
sal rosada himalaya carmencita 105gr,General,General
sal rosada himalaya con pimienta carmencita 312gr,General,General
sal rosada himalaya molida carmencita 110gr,General,General
sal rosada himalaya molida carmencita 370gr,General,General
sal rosada himalaya molinillo food club 10 onz,General,General
sal rosada molida food club 16 onz,General,General
sal vital refisal 120gr,General,General
sal vital refisal 500gr,General,General
sal yodada carey 26 onz,General,General
sal yodada lider 1lb,General,General
sal yodada refisal 10lb,General,General
sal yodada refisal 2000gr,General,General
Salami A Las Finas Hierbas Casaponsa 100 Gr,General,Carnes y Mariscos
Salami Almirante Don Pedro Grande 2 Lb,General,Carnes y Mariscos
Salami Artisan Gentile Bussetto 7 Onz,General,Carnes y Mariscos
Salami Artisan Robusto Bussetto 7 Onz,General,Carnes y Mariscos
Salami Chef Checo 1 Lb,General,Carnes y Mariscos
salami chips con platanitos induveca 50gr,General,Carnes y Mariscos
Salami Cocido Premium Pequeño Chef,General,Carnes y Mariscos
Salami Cuadrado Hugo Pork 1.5 Lb,General,Carnes y Mariscos
Salami De Pollo Induveca Mediano,General,Carnes y Mariscos
Salami Don Pedro Keto 2 Lb,General,Carnes y Mariscos
Salami Especial + Salami Pollo Induveca,General,Carnes y Mariscos
Salami Estelar + Salami Estelar Argentino Induveca,General,Carnes y Mariscos
Salami Estelar Grande,General,Carnes y Mariscos
Salami Estelar Pequeño,General,Carnes y Mariscos
Salami Extra Campofrio 80 Gr,General,Carnes y Mariscos
Salami Extra Premium Nacional 2 Lb,General,Carnes y Mariscos
Salami Fuetec ElPozo 150 Gr,General,Carnes y Mariscos
Salami Genoa Citterio; Lb,General,Carnes y Mariscos
Salami Genoa CornerShop Lb,General,Carnes y Mariscos
Salami Genoa Don Pedro Rebanado 4 Oz,General,Carnes y Mariscos
Salami Genoa Líder 100 Gr.,General,Carnes y Mariscos
Salami Genoa Líder 200 Gr,General,Carnes y Mariscos
Salami Genoa Rebanado Beretta 3 Onz,General,Carnes y Mariscos
Salami Grano De Oro Don Pedro,General,Carnes y Mariscos
Salami Loncheado ElPozo 80 Gr,General,Carnes y Mariscos
Salami Mediano Grado Premium Rivera,General,Carnes y Mariscos
Salami Memorial Don Pedro 2 Lb,General,Carnes y Mariscos
Salami Milano Beretta 8 Onz,General,Carnes y Mariscos
Salami Milano Líder 100 Gr.,General,Carnes y Mariscos
Salami Napoli Citterio 3 Onz,General,Carnes y Mariscos
Salami Pequeño Grado Premium Rivera,General,Carnes y Mariscos
Salami Picante Líder 100 Gr.,General,Carnes y Mariscos
Salami Pork Rind Don Pedro (Peso Aprox. 1.5 Libras Por Paquete),General,Carnes y Mariscos
Salami Sabor Tradicional ElPozo; Lb,General,Carnes y Mariscos
Salami Sopressata Citterio 3 Onz,General,Carnes y Mariscos
Salami Sosúa 1 Lb,General,Carnes y Mariscos
Salami Sticks Citterio 2 Onz,General,Carnes y Mariscos
Salami Súper Especial  Rica  (1.5 lb),General,Carnes y Mariscos
Salami Super Especial + Jamon Picnic Induveca,General,Carnes y Mariscos
salami super especial + jamoneta induveca 2lb,General,Carnes y Mariscos
Salami Super Especial + Pavo Peq Induveca,General,Carnes y Mariscos
Salami Super Especial Higueral Pequeño,General,Carnes y Mariscos
Salami Super Especial Induveca 1 Lb,General,Carnes y Mariscos
Salami Super Especial Líder 2 Lb,General,Carnes y Mariscos
Salami Super Especial Mediano Higueral,General,Carnes y Mariscos
Salami Super Especial Peq. + Jamoneta Induveca,General,Carnes y Mariscos
Salami Super Especial Sosua 1.5 Lb,General,Carnes y Mariscos
Salami Supremo Grande Don Pedro,General,Carnes y Mariscos
Salami Supremo Pequeño Don Pedro,General,Carnes y Mariscos
Salami Tipo Argentino Estelar 1.5 lb,General,Carnes y Mariscos
Salchicha Ahumada Queso Eckrich 14 Onz,General,Carnes y Mariscos
Salchicha Alemana Emilio'S 4 Und/Paq,General,Carnes y Mariscos
Salchicha Andoulle Smoked Rope Johnsonville 13.5 Onz,General,Carnes y Mariscos
Salchicha Bbq Alemana Frank's 5/1,General,Carnes y Mariscos
Salchicha Bbq Bacon Y Cheddar Eckrich 14 Onz,General,Carnes y Mariscos
Salchicha BBQ Clasica Frank's 5 Und/Paq,General,Carnes y Mariscos
Salchicha Bbq Emilio'S 4 Und/Paq,General,Carnes y Mariscos
Salchicha BBQ Italiana Frank´s 5 Und/Paq,General,Carnes y Mariscos
Salchicha Bbq Picante Frank's 5/1,General,Carnes y Mariscos
Salchicha Beer Bratwurst Food Club 19 Onz,General,Carnes y Mariscos
Salchicha Beer Bratwurst Johnsonville 19 Onz,General,Carnes y Mariscos
Salchicha Cebolla y Pimientos El Criollo 450 Gr,General,Carnes y Mariscos
Salchicha Cheddar Johnsonville 19 Onz,General,Carnes y Mariscos
Salchicha Classic Big ElPozo 200 Gr,General,Carnes y Mariscos
Salchicha Cocktail Eckrich 14 Onz,General,Carnes y Mariscos
salchicha cocktail jaja 5 onz,General,Carnes y Mariscos
Salchicha Con Queso ElPozo Big 200 Gr,General,Carnes y Mariscos
Salchicha De Desayuno Brown Sugar & Honey Johnsonville 12,General,Carnes y Mariscos
salchicha de pollo estilo vienna jaja 5 onz,General,Carnes y Mariscos
Salchicha De Pollo Induveca 8 Und/Paq,General,Carnes y Mariscos
salchicha de pollo tipo viena lider 142gr.,General,Carnes y Mariscos
Salchicha Desayuno BH Patties Formadas LB,General,Carnes y Mariscos
Salchicha Desayuno El Criollo 396 Gr,General,Carnes y Mariscos
Salchicha Embutido Butterball Pavo Ahumada 13 OZ,General,Carnes y Mariscos
Salchicha Embutido Butterball Polish Style Pavo 13 OZ,General,Carnes y Mariscos
Salchicha Embutido Wurstmeister Bockwurst BBQ 3 UND,General,Carnes y Mariscos
salchicha estilo vienna de pollo y carne goya 5 onz,General,Carnes y Mariscos
salchicha estilo vienna en salsa bbq libby's 4.6 onz,General,Carnes y Mariscos
salchicha estilo vienna jaja 5 onz; 6 und/paq,General,Carnes y Mariscos
Salchicha Fina La Salumeria Por Libra,General,Carnes y Mariscos
Salchicha Fresca Premium La Salumeria; Lb,General,Carnes y Mariscos
Salchicha Hot And Spicy Johnsonville 19 Onz,General,Carnes y Mariscos
Salchicha Hot Italian Johnsonville 19 Onz,General,Carnes y Mariscos
Salchicha Italiana Chorizo El Criollo 450 Gr,General,Carnes y Mariscos
Salchicha Italiana Emilio'S 4 Und/Paq,General,Carnes y Mariscos
Salchicha Italiana Four Cheese Johnsonville 19 Onz,General,Carnes y Mariscos
Salchicha Italiana Picante Food Club 19 Onz,General,Carnes y Mariscos
Salchicha Jalapeño Y Queso Eckrich 14 Onz,General,Carnes y Mariscos
Salchicha Mild Italian Johnsonville 19 Onz,General,Carnes y Mariscos
Salchicha Para Desayuno Johnsonville 12 Onz,General,Carnes y Mariscos
Salchicha Parrilera Estilo Alemana  El Criollo 450 Gr,General,Carnes y Mariscos
Salchicha Parrillera Clasica Master Grill 400 Gr,General,Carnes y Mariscos
Salchicha Parrillera Con Hongos Master Grill 400 Gr,General,Carnes y Mariscos
Salchicha Parrillera Con Tocineta Master Grill 400 Gr,General,Carnes y Mariscos
salchicha parrillera el criollo 450gr,General,Carnes y Mariscos
Salchicha Parrillera Jalaeño El Criollo 450 Gr,General,Carnes y Mariscos
Salchicha Parrillera Picante Master Grill 400 Gr,General,Carnes y Mariscos
Salchicha Parrillera Tradicional El Criollo 450 Gr,General,Carnes y Mariscos
salchicha picadera picante jaja 10 onz,General,Carnes y Mariscos
Salchicha Picante La Salumeria Por Libra,General,Carnes y Mariscos
Salchicha Smoked Brats Johnsonville 14 Onz,General,Carnes y Mariscos
Salchicha Sweet Italian Johnsonville 19 Onz,General,Carnes y Mariscos
salchicha vienna jaja 5 onz,General,Carnes y Mariscos
salchicha vienna libbys 4.6 onz,General,Carnes y Mariscos
salchicha vienna pollo banquet 5 onz,General,Carnes y Mariscos
salchicha vienna sabrosa 5 onz,General,Carnes y Mariscos
Salchichas Bbq Mediterraneas Frank'S 5 Und/Paq,General,Carnes y Mariscos
Salchichas Beef Franks Beef Franks 16 Oz,General,Carnes y Mariscos
Salchichas Cocktail Frank'S 15 Und/Paq,General,Carnes y Mariscos
Salchichas De Carne Angus Nathan's 6Und/Paq 11 Onz.,General,Carnes y Mariscos
Salchichas de Cordero Pasture Fresh,General,Carnes y Mariscos
Salchichas De Desayuno Precocidas Líder 2 Lb,General,Carnes y Mariscos
Salchichas De Desayuno Vermont Maple Syrup Johnsonville 12 Onz,General,Carnes y Mariscos
Salchichas Italianas Master Grill Para Bbq 400 Gr,General,Carnes y Mariscos
Salchichas Mixtas Master Grill Para Bbq 400 Gr,General,Carnes y Mariscos
Salchichas Para Desayuno Con Queso Piggy Links Chef 12.8 Oz,General,Carnes y Mariscos
Salchichas Para Desayuno Piggy Links Chef 1 Lb,General,Carnes y Mariscos
Salchichón De Lomo Don Pedro 4 Onz,General,Limpieza
Salchichón de Lomo Rebanado El Cid 6 Onz,General,Limpieza
Salchichon ElPozo 500 Gr,General,Carnes y Mariscos
salchichon elpozo 500gr,General,Carnes y Mariscos
Salchichon Extra Campofrio 80 Gr,General,Carnes y Mariscos
salchichon iberico loncheado elpozo 75gr,General,Carnes y Mariscos
Salchichon Montañez ElPozo; Lb,General,Carnes y Mariscos
Salchilinas Induveca 1 Lb,General,General
salchilinas induveca 1lb,General,General
salero molino cristales refisal 230g,General,General
Salmon Ahumado Bio Royal 80 Gr,General,Carnes y Mariscos
Salmón Ahumado Con Pimienta Congelado Gourmar 6 Onz,General,Carnes y Mariscos
Salmon Ahumado Congelado Royal 90 Gr,General,Carnes y Mariscos
Salmón Ahumado Gourmar 227 Gr,General,Carnes y Mariscos
Salmon Ahumado Marinado Con Eneldo Congelado Royal 80 Gr,General,Carnes y Mariscos
Salmón Ahumado Sokker 100 Gr,General,Carnes y Mariscos
Salmon Ahumado Suave 25% Reducido En Sal Royal 80 Gr,General,Carnes y Mariscos
Salmón en Agua 7 oz Líder,General,Bebidas
salmon rosado goya 14.75oz,General,Carnes y Mariscos
salsa agridulce kikkoman 11.5 onz,General,General
salsa agridulce lee kum kee 368g,General,General
salsa alfredo para pasta con ajo y cebolla caramelizada prego 14.5 onz,General,General
salsa alitas picantes food club 12 onz,General,General
salsa bbq chipotle hunt’s 305g,General,General
salsa bbq chipotle hunts 350gr,General,General
Salsa Bbq Con Miel Food Club 18 Onz,General,General
salsa bbq con miel hunts 620gr,General,General
salsa bbq habanero hunt’s 305g,General,General
salsa bbq habanero hunts 350gr,General,General
salsa bbq hickory food club 18 onz,General,General
salsa bbq hickory smoke kraft 17.5 onz,General,General
Salsa Bbq Kraft 18 Onz,General,General
salsa bbq lider 450g,General,General
Salsa Bbq Miel Mostaza Hunts 18 Onz,General,Despensa
salsa bbq miel picante kraft 18 onz,General,General
salsa bbq miel sin azucar g hughes 18 onz,General,General
salsa bbq original 620gr,General,General
salsa bbq original hunt’s 305g,General,General
Salsa Bbq Original Hunts 18 Onz,General,General
salsa bbq sweet brown sugar kraft 18 onz,General,General
salsa bechamel carozzi 200gr,General,General
salsa bechamel con queso monte cudine 54gr,General,General
salsa blanca sabor panceta y cebolla monte cudine 54gr,General,General
salsa casera herdez 240gr,General,General
Salsa Chili Y Ajo Cholula 5Oz,General,General
salsa china lider 10 onz,General,General
Salsa China Ranchero 10 Onz,General,General
salsa chipotle picante cremosa herdez 240gr,General,General
Salsa Chunky Medium Tostitos 439 Gr,General,General
salsa chutnet de mango y cebolla la vieja fabrica 280gr.,General,General
salsa chutney tomate y pimiento la vieja fabrica 280gr.,General,General
salsa condimento miyata hoisin 5.07oz,General,General
salsa condimento miyata hongos shiitake 7.5oz,General,General
salsa condimento miyata ostras 5.07oz,General,General
salsa condimento miyata soya 5.07oz,General,General
salsa condimento primal kitchen burger sin gluten 10oz,General,General
salsa condimento primal kitchen no-dairy pollo 10oz,General,General
salsa de aguacate mild herdez 425gr,General,Bebidas
Salsa De Ajo Cacharepa 8.45 Onz,General,General
salsa de aminos sin soya y sin gluten organica coconut secret 8 onz,General,General
Salsa De Chile Dulce Aroy-D 24 Onz,General,General
salsa de manzana motts 3.9 onz; 6 und/paq,General,General
salsa de ostras roland 7 onz,General,General
Salsa De Queso Medium Tostitos 425 Gr,General,General
salsa de tomate con ajo organica full circle 24 onz,General,Despensa
salsa de tomate con albahaca y ajo la famosa 14.5oz,General,Despensa
salsa de tomate hunts 8 onz,General,Despensa
Salsa de Tomate Linda 8 oz,General,Despensa
Salsa de Tomate Victorina 8 oz,General,Despensa
salsa dulce cebolla la vieja fabrica 280gr.,General,General
salsa dulce de pimiento asado la vieja fabrica 280gr.,General,General
Salsa Guacamole Herdez 240 Gr,General,General
Salsa Guasacaca Cacharepa 8.45 Onz,General,General
salsa hoisin roland 7.4 onz,General,General
salsa medium that's smart 15.5 onz,General,General
salsa mexicana original medium cholula 12 onz,General,General
salsa mild organica full circle 16 onz,General,General
salsa mild that's smart 15.5 onz,General,General
Salsa Mild Tostitos 439 Gr,General,General
salsa organica para pizza full circle 14 onz,General,General
Salsa Original Chick-Fil-A 16  Onz,General,General
salsa para alitas bufalo franks red hot 12 onz,General,General
salsa para mariscos valentina 8.4oz,General,Carnes y Mariscos
salsa para pizza sin azucar con aceite de aguacate primal kitchen 16 onz,General,Bebidas
Salsa Para Tacos De Aguacate Old El Paso 9 Onz,General,Bebidas
Salsa Para Tacos De Queso Old El Paso 8/9 Onz,General,General
Salsa Para Tacos Medium Old El Paso 8/9 Onz,General,General
Salsa Para Tacos Suave Old El Paso 8/9 Onz,General,General
Salsa Pasta Pesto Lider 190 Gr,General,General
salsa pasta tradicional prego 14 onz,General,General
Salsa Pesto Rana 7 Onz,General,General
salsa picante aji habanero baldom 5 onz,General,Despensa
Salsa Picante Chili Lima Cholula 5 Onz,General,Frutas y Vegetales
salsa picante chipotle ahumado cholula 12 onz,General,Despensa
Salsa Picante Cholula 5Oz,General,Despensa
salsa picante de aguacate herdez 142gr,General,Bebidas
salsa picante goya 3 onz,General,Despensa
salsa picante habanero amazon 5.2oz,General,Despensa
salsa picante louisiana food club 6 onz,General,Despensa
salsa picante mango habanero la real 5 onz,General,Despensa
salsa picante natural pasion por el fuego 10 onz,General,Despensa
salsa picante original la real 5 onz,General,Despensa
salsa picante para alitas hunt's 550gr,General,Despensa
salsa picante ranchero 3 onz,General,Despensa
salsa picante roja valentina 5oz,General,Despensa
salsa picante serrano line la real 5 onz,General,Despensa
Salsa Picante Valentina 12.5 Onz,General,Despensa
salsa pizza linda 8 onz,General,General
salsa polinesia chick-fil-a 16 onz,General,General
salsa roja para enchilada la costena 420gr.,General,General
salsa satay organica full circle 10 onz,General,General
salsa sweet chili mustard amazon 12oz,General,General
salsa taquera herdez 240gr,General,General
salsa unagi anguila kikkoman 11.8oz,General,General
Salsa Verde Herdez 240 Gr,General,General
salsa verde suave food club 16 onz,General,General
salsa wasabi sushi chef 1 onz,General,General
salsa yum yum sin gluten primal kitchen 10oz,General,General
salvado de avena americana 400gr,General,General
Salvia Herb Garden Paq. 2 Onz,General,General
Salvia Trudeau Paq. 40 Gr,General,General
Sandia Cortada Bandeja; Lb (Peso Aprox. 1 Libra Por Bandeja),General,General
Sandia Roja Con Semillas; Lb (Peso Aprox. 3.5 Libras),General,General
sandia roja sin semillas; lb,General,General
sangria blanca don simon 1.5lt,General,General
sangria clasica don simon 1.5lt,General,General
sangria clasica lider 1.5lt,General,General
sangria don simon en lata 330ml,General,General
sangria especial don simon 75 cl.,General,General
sangria red lolea no.1 75 cl,General,General
sangria rosada don simon 1.5lt,General,General
sangria tinta gitano 75 cl,General,General
Sardina Criolla Congelada; Lb (Peso Aprox. 2 Libra),General,General
sardina en agua brunswick 106gr,General,Bebidas
sardina en agua lider 125gr.,General,Bebidas
sardinas ahumada brunswick 106gr.,General,General
Sardinas Al Orégano Casero Congeladas; Lb,General,Despensa
sardinas con coco paco fish 15 onz,General,General
Sardinas Con Tomate Y Coco Líder 425 Gr.,General,General
sardinas de tomate paco fish 125gr.,General,General
sardinas para locrio paco fish 15 onz,General,General
sarinas en salsa de tomate con maiz paco fish 15 onz,General,Despensa
sarten antiadherente imusa hard tittanium 12 pulgadas,General,General
sauerkraut clasico corpo natura 16 onz,General,General
sauerkraut de zanahoria y repollo corpo natura 16 onz,General,Carnes y Mariscos
sauerkraut picante corpo natura 16 onz,General,General
Sazón Cajún Louisiana Badia 2.75 Onz,General,General
sazon clasico tajin 5 onz.,General,General
sazon condimento siete tacos al pastor 1oz,General,General
Sazon Criollo Líder 8 Onz,General,General
Sazon En Polvo Ajo Y Oregano Los Memisos 113.40 Gr,General,Despensa
Sazon En Polvo Con Azafran Goya 1.41 Onz,General,General
Sazon En Polvo Con Azafran Goya 3.52 Onz,General,General
Sazon En Polvo Con Azafran Ranchero 72 Gr,General,General
sazon en polvo con azafran ricompleto 72gr,General,General
sazon en polvo con cilantro goya 1.41 onz,General,General
Sazon En Polvo Hierbas Con Ajo Sin Sal Food Club 2.5 Onz,General,Despensa
Sazon En Polvo Para Tacos Food Club 1.25 Onz,General,General
Sazon En Polvo Parrilla Pollo Food Club 2 Onz,General,General
Sazon En Polvo Sin Pimienta Ranchero 9.6 Onz,General,General
Sazon En Polvo Super Completo Baldom 10 Onz,General,General
Sazón En Polvo Supremo Ranchero 9 Onz,General,General
sazon en polvo unami full circle 2.5 onz,General,General
sazon everything bagel badia 2.8 onz,General,General
sazon fajita carne de res siete 1oz,General,General
sazon fajita de pollo siete 1oz,General,General
Sazon Liquido Con Verduras Ranchero 29 Onz,General,General
sazon liquido el cocinero 15 onz,General,General
sazon liquido ranchero 15.5 onz,General,General
Sazon Liquido Ranchero 29.5 Onz,General,General
Sazón Para Taco Suave Sin Gluten Siete 1.3 Onz,General,General
Sazon Para Tacos Old El Paso 1.25 Onz,General,General
Sazon Para Tacos Suave Old El Paso 1 Onz,General,General
Sazon Parrilla Carne Food Club 2 Onz,General,General
Sazón Taco Mixed Original Cholula 1 Onz,General,General
sazonador cebolla picada that's smart 2.25 onz,General,General
sazonador chimichurri carmencita 27gr,General,General
sazonador coffee crust the rub collector 4 onz,General,General
sazonador con sal de ajo that's smart 5.25 onz,General,General
sazonador de albahaca tsmart 1 onz,General,General
sazonador de carnes carmencita 66gr,General,General
sazonador de palomitas sabor mantequilla food club 2.5 onz,General,Despensa
sazonador de palomitas sabor nacho food club 2.5 onz,General,Despensa
sazonador de pollo carmencita 70gr,General,General
Sazonador En Polvo Para Tacos Organico Full Circle 1 Onz,General,General
sazonador everything bagel fc sin gluten 2.5oz,General,General
sazonador fire in the hole the rub collector 4 onz,General,General
sazonador italiano organico full circle 0.8 onz,General,General
sazonador italiano that's smart 1.25 onz,General,General
Sazonador Líder 100 Gr,General,General
sazonador lider 100gr,General,General
sazonador mr. moose the rub collector 4 onz,General,General
Sazonador Naturísimo Limón Maggi 180 Gr.,General,Despensa
sazonador naturisimo maggi 180gr,General,Despensa
Sazonador Naturísimo Maggi 260 Gr,General,Despensa
sazonador para carne food club 0.7 onz,General,General
Sazonador Para Chili Food Club 1 Onz,General,General
sazonador para ensalada carmencita 82gr,General,General
sazonador poultry fc 1.4oz,General,General
sazonador texas style the rub collector 4 onz,General,General
sazonador the bull the rub collector 4 onz,General,General
sazonador the champion the rub collector 4 onz,General,General
sazonador the masterpiece the rub collector 4 onz,General,General
sazonador todo uso con sal that's smart 5.25 onz,General,General
Sazonador Total Goya 11 Onz,General,General
Secreto De Cerdo Empacado; Lb (Peso Aprox. 1.5 Libra),General,General
secreto de cerdo; lb,General,General
Seleccion De Almejas Al Natural Orbe 115 Gr,General,General
Selección Tapas de España Líder 120 g,General,General
sellador de puntas colageno nutre y revitaliza pantene 90ml,General,General
semilla cajuil asada imperial nuts 7 onz,General,General
semilla cajuil asado con miel imperial nuts 15 onz,General,General
semilla de ajonjoli bio eva 200gr,General,General
semilla de cajuil asado lider con sal 10 onz,General,General
semilla de cajuil con miel y ajonjoli nut walker 130gr,General,General
semilla de cajuil con pasas eloy's 10 onz,General,General
semilla de cajuil tostada con sal nut walker 35gr,General,General
semilla especia miyata ajonjoli blanco 3.53oz,General,General
semilla especia miyata ajonjoli negro 3.5oz,General,General
semillas cajuil natural setton 9 onz,General,General
semillas de ajonjoli blancas sushi chef 3.7oz,General,General
semillas de ajonjoli mixtas tuxedo sushi chef 3.7oz,General,General
semillas de alpiste lider 800gr,General,General
semillas de auyama eloy 8 onz,General,General
semillas de cajuil asadas sin sal setton 9 onz,General,General
semillas de cajuil con sal nut walker 70gr,General,General
semillas de cajuil cubiertas de chocolate oscuro hu kitchen 4 onz,General,Despensa
semillas de cajuil eloy 10 onz,General,General
semillas de cajuil nut walker 270gr,General,General
semillas de cajuil nut walker lata 150gr,General,General
semillas de girasol asadas imperial nuts 7.25 onz,General,General
semillas de girasol eloy 8 onz,General,General
semillas de linaza dorada multifoods 8 onz,General,General
semillas de macadamia honey roasted la loma 42gr,General,General
semillas de macadamia sin sal la loma 50gr,General,General
semillas de macadamia tostadas sin sal la loma 142gr,General,General
semillas de macadamia; almendras y cajuil la loma 42gr,General,Despensa
semillas mixtas eloy's 5 onz,General,General
Serum Antiedad Nivea Cellular Luminous 30 Ml,General,Cuidado Personal
Sérum Corporal Dove  con Ácido Hialurónico 400 ml,General,Cuidado Personal
Serum Corporal Dove  con Ceramidas 400ML,General,Cuidado Personal
serum derm-grade vitamina c l'oreal 30ml,General,Cuidado Personal
serum deya 5 onz,General,Cuidado Personal
serum frizz killer dream lengths elvive l'oreal 3.4 onz,General,Cuidado Personal
serum hidra-volumen triple acido hialuronico l’oreal,General,Cuidado Personal
serum hidratante glow l´oreal 3.4 onz,General,Cuidado Personal
serum hidratante medianoche age perfect l´oreal,General,Cuidado Personal
serum para antiarrugas delia con retinol 30ml,General,Cuidado Personal
serum pro-retinol revitalift l'oreal 30ml,General,Cuidado Personal
Serum Renovador CeraVe 1oz,General,Cuidado Personal
Serum Renovador De Vitamina C Cerave 1 Onz,General,Cuidado Personal
serum revitalift acido glicolico l'oreal 1 onz,General,Cuidado Personal
serum revitalift con acido hialuronico l' oreal,General,Cuidado Personal
serum vitamina c revitalift l'oreal 1 onz,General,Cuidado Personal
servicio cocktail in the hills p+d 20 ud,General,General
Servilleta Cream 33X33 Cm Duni 20 Und/Paq,General,Limpieza
servilleta cuadrada familia 100 und/paq,General,Limpieza
servilleta duni bbq stripe 33x33 20 uds,General,Limpieza
servilleta duni dark blue 33x33 20 uds,General,Limpieza
servilleta duni strawberry picnic 33x33 20 uds,General,Limpieza
servilleta estilo familia 40 und/paq,General,Limpieza
servilleta hojas negras bio 33x33 duni 20und/paq,General,Limpieza
Servilleta Verde Oscuro 24X24 Cm Duni 20 Und/Paq,General,Limpieza
Servilleta Verde Oscuro 33X33 Cm Duni 20 Und/Paq,General,Limpieza
servilletas acolcha max familia 100 und/paq,General,Limpieza
Servilletas Acolchadas Familia 150 Und/Paq,General,Limpieza
Servilletas Amarillas Casa Líder 40x40 cm 50 ud,General,Limpieza
servilletas azul oscuro 24x24 duni 20 und/paq,General,Limpieza
servilletas blancas casa lider 25x25 cm 50 ud,General,Limpieza
Servilletas Blancas Casa Líder 40x40 cm 50 ud,General,Limpieza
servilletas blancas cielo 140 und/paq,General,Limpieza
Servilletas Blancas De 3 Capas Duni 20 Und/Paq,General,Limpieza
servilletas cocktail negra duni 24x24 20 und/paq,General,Limpieza
servilletas cuadradas casa lider 100 und/paq,General,Limpieza
servilletas decoradas niveo 100 und/paq,General,Limpieza
servilletas dispenser casa lider 500 und/paq,General,Limpieza
Servilletas Earthy Cream De 3 Capas Duni 20 Und/Paq,General,Limpieza
servilletas familiar niveo 100 und/paq,General,Limpieza
servilletas familiar niveo 250 und/paq,General,Limpieza
servilletas hello autumn p+d 20 und,General,Limpieza
servilletas higiene niveo familiares decoradas 50/60 ud,General,Limpieza
servilletas lunch bio dark blue duni 20 ud 33x33,General,Limpieza
servilletas lunch silueta pumpkin p+d,General,Limpieza
servilletas mesa duni bio fuchsia 33x33 20 ud,General,Limpieza
servilletas mesa duni bio leaf green 33x33 20 ud,General,Limpieza
servilletas mesa duni bio yellow 33x33 20 ud,General,Limpieza
servilletas mesa p+d beach houses 33x33 20 ud,General,Limpieza
servilletas mesa p+d beach shells 33x33 20 ud,General,Limpieza
servilletas mesa p+d happy birthday 33x33 20 ud,General,Limpieza
servilletas mesa p+d new bloem 33x33 20 ud,General,Limpieza
servilletas mesa p+d silueta cute bat 12 ud,General,Limpieza
servilletas mesa p+d special day 33x33 20 ud,General,Limpieza
servilletas mesa p+d summer field 33x33 20 ud,General,Limpieza
Servilletas Negras Casa Líder 25x25 cm 50 ud,General,Limpieza
Servilletas Negras Casa Líder 40x40 cm 50 ud,General,Limpieza
servilletas niveo 50 und/paq,General,Limpieza
servilletas playful cat duni 20 ud 33x33 cm,General,Limpieza
Servilletas Rojas Casa Líder 40x40 cm 50 ud,General,Limpieza
servilletas rojas de 3 capas duni 20 und/paq,General,Limpieza
servilletas scott blanca 100 hojas,General,Limpieza
Servilletas Scott Decorada 100 Hojas,General,Limpieza
Servilletas Scott Estilo Blanca 50 Hojas,General,Limpieza
Servilletas Simply Done 40 Und/Paq,General,Limpieza
servilletas tamano normal familia 200 und/paq,General,Limpieza
set collar y aretes azul,General,General
set collar; aretes y corona,General,General
Set De 3 Piezas Estilismo Top Care 1 Und/Paq,General,General
set de cepillo y peine,General,General
set de cocteleria bar in a box mix de 14 piezas,General,General
set de higiene dental para viaje top care,General,General
set de manicura azul,General,Despensa
Set De Manicure Y Pedicure Top Care 1 Und/Paq,General,Despensa
set espumante j.p. chenet ice edition rose 75 cl + 2 copas,General,General
set gotero y cuchara top care 1 und/paq,General,General
set para cabello becense rizos poderosos,General,General
Set Reposteros Plástico con Tapa Bambú 13x9x8 6 Piezas,General,General
set travel size maka essentials 2 onz,General,General
Set Velas y Mikado Navidad de Canela y Naranja Casa de los Aromas; 2 Und,General,General
Shangai Bonsai Trudeau Paq. 250 Gr,General,General
Short Ribs Empacadas; Lb (Peso Aprox. 1 Libra),General,General
short ribs lb (peso aprox. 1libra),General,General
Shot De Energía Prensado En Frío All Wello 2 Onz,General,General
sidra asturiana la tierrina 70 cl,General,General
sidra clasica la reina 75 cl,General,General
sidra cocktail de frutas sin alcohol sparkling mays 75 cl,General,General
sidra de manzana sin alcohol sparkling mays 75 cl,General,General
sidra de melocoton sin alcohol sparkling mays 75 cl,General,General
sidra de uvas blancas sin alcohol sparkling mays 75 cl,General,General
sidra etiqueta blanca el gaitero 75 cl,General,General
sidra la tierrina extra 75 cl,General,General
Sidra Natural Cortina 70 Cl,General,General
sidra rosada la reina 75 cl,General,General
sidra sabor a pina sin alcohol may sparkling 75 cl,General,General
sidra sin alcohol de frambuesa eva 75 cl,General,General
sidra sin alcohol de manzana eva 75 cl,General,General
sidra sin alcohol de uva blanca eva 75 cl,General,General
sirop de cana organica hey shuga 12 onz,General,General
sirop de caramelo hersheys 22 onz,General,General
sirop de chocolate food club 24 onz,General,Despensa
sirop de datil sin azucar d'vash 14.1 onz,General,General
sirop de fresa hersheys 22 onz,General,General
Sirop De Granadina Bartender 70Cl,General,General
sirop de maiz etiqueta azul karo 16 onz,General,General
sirop de maiz etiqueta roja karo 16 onz,General,General
sirop de maiz lite food club 16 onz,General,General
sirop de maple dark amber food club 12 onz,General,General
sirop de maple full circle 12 onz,General,General
sirop de maple monkfruit lakanto 13 onz,General,General
sirop de maple sin azucar joseph's 12 onz,General,General
sirop para pancake lite food club 24 onz,General,General
sirop para pancake regular pearl milling company 24 onz,General,General
sirop para pancakes butter lite food club 24 onz,General,General
sirop para pancakes original that's smart 24 onz,General,General
sirop para pancakes sin azucar food club 24 onz,General,General
sirop regular para pancake food club 12 onz,General,General
sirope para pancakes lider 12oz,General,General
smirnoff ice blue raspberry lemon 330ml,General,Bebidas
smirnoff ice original 355ml,General,Bebidas
smirnoff ice original lata 350ml,General,Bebidas
smoothies green power vima 450gr,General,General
snack de algas marinas con sal de mar sin gluten gimme 6 und/paq,General,General
Snack de Datiles Con Cereza y Cacao Good Calories 58 Gr,General,General
Snack De Fuetc El Pozo 70 Gr.,General,General
snack de maiz gigante chile picante inka 100gr,General,General
snack de maiz gigante salado inka 100gr,General,General
snack de platano frito salado inka 100gr,General,General
snack de yuca frita salada inka 130gr,General,General
Snack Gato Dentalife Advanced Care Pollo 51 GR,General,Carnes y Mariscos
Snack Gato Dentalife Advanced Care Salmón 51 GR,General,Carnes y Mariscos
snack island fruit welchs 2.25oz,General,General
Snack Palitos De Queso Gerber 1.48 Onz,General,General
Snack Panecillos De Vainilla Baby Melts 6 Und/Paq,General,General
Snack Para Bebe De Arroz Y Guineo Tippy Toes 1.76 Onz,General,General
Snack Puff Sabor A Banana Gerber 1.48 Onz,General,General
Snack Puff Sabor A Manzana Y Fresa Gerber 1.48 Onz,General,General
Snacks Palitos De Manzana Con Batata Gerber 1.48 Onz,General,Frutas y Vegetales
Sobrasada ElPozo 250 Gr,General,General
Sobrasada Iberica ElPozo 200 Gr,General,General
soda enriquillo pet 1l,General,Bebidas
Soda Para Digestión Olipop Prebiótica Cola Vintage 12 oz,General,Bebidas
Soda Para Digestión Olipop Prebiótica Sabor A Uva 12 oz,General,Bebidas
Soda Para Digestión Olipop Prebiótica Sabor Cereza 12 oz,General,Bebidas
Soda Para Digestión Olipop Prebiótica Sabor Limón 12 oz,General,Bebidas
soda polar lata 8 onz,General,Bebidas
Soda Prebiótica Para Digestión Olipop Cereza Vainilla 12oz,General,Bebidas
Soda Prebiótica Para Digestión Olipop Crema De Durazno 12oz,General,Bebidas
Soda Prebiótica Para Digestión Olipop Doctor Goodwin 12oz,General,Bebidas
Soda Prebiótica Para Digestión Olipop Fresa Vainilla 12 oz,General,Bebidas
Soda Prebiótica Para Digestión Olipop Jengibre Limón 12oz,General,Bebidas
Soda Prebiótica Para Digestión Olipop Ridge Rush 12 oz,General,Bebidas
Soda Prebiótica Para Digestión Olipop Sabor Vintage 12 oz,General,Bebidas
Soda Prebiótica Para Digestión Olipop Sandía y Lima 12oz,General,Bebidas
Soda Prebiótica Para Digestión Olipop Tropic Punch 12oz,General,Bebidas
soda prebiotica sabor frambuesa poppi soda 12 onz,General,Bebidas
soda prebiotica sabor fresa limon poppi soda 12 onz,General,Bebidas
soda prebiotica sabor naranja poppi soda 12 onz,General,Bebidas
soda premium club polar 1lt,General,Bebidas
Soju Clásico Jinro 360 Ml,General,General
Soju Sabor Fresa Jinro 360 Ml,General,General
Soju Sabor Uva Verde Jinro 360 Ml,General,General
Solución Hidratante Sabor Cereza Pedialyte 30 mEq 500 mL,General,General
solucion hidratante sabor coco pedialyte 30 meq 500ml,General,General
solucion hidratante sabor manzana pedialyte 60 meq 500ml 2und/paq,General,General
Sopa De Cebolla En Sobre Food Club 2 Onz,General,General
Sopa De Gallina Con Fideos Maggi 60 Gr,General,Despensa
Sopa De Res Ramen Maruchan 3 Onz,General,General
sopa de res teriyaki maruchan 4.1 onz,General,General
Sopa De Tomate Campbell'S 10.75 Onz,General,General
Sopa De Tomate Linda 10.5 Onz,General,General
Sopa De Vegetales Con Caldo Campbell'S 10.5 Onz,General,General
Sopa De Vegetales Vegetariana Campbell'S 10.50 Onz,General,General
Sopa Instantánea  De Vaso Sabor Pollo Líder 60 Gr.,General,General
Sopa Instantánea Cantonesa Ramen Res Vaso 65 GR,General,General
Sopa Instantánea Creamy Curry Tastee 65 Gr.,General,Despensa
Sopa Instantánea Sabor Res Lider Sobre 70g,General,General
Sopa Kinsu Rame: Sabor Pollo Picante Fusión (Spicy Chicken),General,General
Sopa Kinsu Ramen Sabor Pollo Tradicional,General,General
Sopa Ramen Original Sopporo 3.5 Onz.,General,General
Sopa Ramen Pollo Kinsu Vaso 60 g,General,General
Sopa Ramen Sabor A Carne Choice 65 Gr,General,General
Sopa Ramen Sabor A Pollo Choice 65 Gr,General,General
Sopa Ramen Sabor A Vegetales Choice 65 Gr,General,General
Sopa Ramen Sabor Res Maruchan 2.25 Onz,General,General
sopa udon tempura nong shim 62gr,General,General
sopa vegetariana instantanea soon ramyun sobre 112gr,General,General
Sopressata Rebanada Beretta 3 Onz,General,General
sorbetes flexibles simply done 100 und/paq,General,General
Sorrentina Mozzarella y Tomate Líder 220 g,General,General
Sorrentina Salami Líder 220 g,General,Carnes y Mariscos
Soya Germinada Paq. (Peso Aprox. 0.33 Libras Por Paquete),General,General
Speck Lato Adige Igp Rebanado Beretta 100 Gr,General,General
Spinatta Picante Líder 100 Gr.,General,General
Spray Ambiental Lavanda y Vainilla Casa Líder 250 ml,General,General
Spray Antihongos Cuidado Personal TC Medicado 4.60 oz,General,General
spray gotas de brillo johnson's baby 200ml,General,General
Spray Keratin Smooth Heat Protect Tresemme 8 Onz,General,General
Spray Para  Arena De Gatos Arm & Hammer 21.5 Onz,General,General
spray para dormir dr teals 6 onz,General,General
spray para manos antibacterial manitas limpias 1 onz,General,Despensa
Spray Para Quemaduras Con Aloe Vera Top Care 4.5 Onz,General,General
Spray Refrescante Femenino Fragancia Baby Powder Summer'S Eve 2 Onz,General,General
Spray Refrescante Femenino Fragancia Blissful Escape Summer'S Eve 2 Onz,General,General
spray relajante jeannette eucalipto y menta 8oz,General,General
spray relajante jeannette melatonina y manzanilla 8oz,General,Despensa
Spray Sheer Floral Summer Eve 2 Onz,General,General
spritzer moscato barefoot 250ml,General,General
spritzer rose barefoot 250ml,General,General
Steak Minuta Empacado; Lb (Peso Aprox. 1 Libra),General,General
Steak Minuta;Lb (Peso Aprox. 1 Libra),General,General
suaper antibacterial azul cisne 200gr,General,General
suaper de algodon #28lider,General,General
suaper de algodon #32lider,General,General
suaper de algodon #36lider,General,General
suaper de algodon #40lider,General,General
suaper de fibra #28lider,General,General
Suaper De Fibra #322 Casa Líder,General,General
suaper de fibra #32lider,General,General
suaper de fibra #36lider,General,General
suaper de fibra #40lider,General,General
Suaper Fibra Multiuso Casa Líder #36,General,General
suavizante amanecer downy 1400ml,General,Limpieza
suavizante amanecer downy 2800ml,General,Limpieza
suavizante amanecer downy 700ml,General,Limpieza
suavizante aroma floral downy 700ml,General,Limpieza
suavizante clean scent simply done 51 onz,General,General
suavizante de telas april fresh 34oz downy,General,Limpieza
suavizante downy en perlas unstopable fresh 24 onz,General,Limpieza
suavizante downy intense exotico 700ml,General,Limpieza
suavizante downy pureza silvestre 700ml,General,Limpieza
suavizante ecologico sin fragancia full circle 32 onz,General,General
suavizante elegante downy 750ml,General,Limpieza
suavizante en perlas april fresh downy 24 onz,General,Limpieza
suavizante en perlas aroma fresco primavera simply done 10 onz,General,General
suavizante en perlas aroma spark simply done 10 onz,General,General
suavizante fragancia floral downy 1.4lt,General,Limpieza
suavizante fragancia primaveral casa lider 128 onz,General,General
suavizante fragancia primaveral casa lider 2.5gl,General,General
suavizante fragancia vainilla jazmin casa lider 128 onz,General,General
suavizante lavado downy intense exotico 1400ml,General,Limpieza
suavizante lavado downy intense exotico 2800ml,General,Limpieza
suavizante lavado downy pureza silvestre 1.4lt,General,Limpieza
suavizante para fragancia floral downy 2.8lt,General,Limpieza
suavizante para ropa de bebe casa lider 128 onz,General,General
suavizante para ropa de bebe casa lider 64oz,General,General
suavizante sin fragancia ultra clear simply done 103 onz,General,General
suero rehidratante sabor coco 630ml suerox,General,General
suplemento alimenticio sabor vainilla pediasure 220ml. 6 und/paq,General,General
Suplemento Ave Alcon Sepia Calcio 47 GR,General,General
suplemento bcaa + glutamina sabor sandia sascha fitness 362.5gr,General,General
Suplemento BCAA + Glutamina Sabor Uva Sascha Fitness 362.5 Gr,General,General
Suplemento De Vitamina C Top Care 30 Und/Paq,General,General
suplemento deporte musclemilk creatina monohidratada 17.6oz,General,General
suplemento en polvo sabor chocolate pediasure 400g,General,Despensa
suplemento en polvo sabor fresa pediasure 400g,General,General
suplemento en polvo vainilla pediasure 400g,General,General
Suplemento Fit 9  Sascha Fitness 120 Capsulas/Paq,General,General
suplemento liquido chocolate supligen 290ml,General,Despensa
suplemento liquido cookies and cream supligen 290ml,General,General
suplemento liquido para diabeticos sabor fresa enterex 8 onz,General,General
suplemento liquido sabor chocolate enterex total 8 onz,General,Despensa
suplemento liquido sabor chocolate pediasure 220ml,General,Despensa
suplemento liquido sabor fresa pediasure 220ml,General,General
suplemento liquido sabor vainilla enterex plus 8 onz,General,General
suplemento liquido sabor vainilla pediasure 220ml,General,General
suplemento liquido vainilla supligen 290ml,General,General
suplemento liquido vainilla uht supligen 250ml,General,General
suplemento nutricion pediasure polvo chocolate 850gr,General,Despensa
suplemento nutricion pediasure polvo fresa 850gr,General,General
suplemento nutricion pediasure polvo vainilla 850gr,General,General
suplemento sabor cafe ensure advance 220ml,General,General
suplemento sabor chocolate ensure advance 220ml,General,Despensa
suplemento sabor chocolate ensure advance 400g,General,Despensa
suplemento sabor chocolate glucerna 237ml,General,Despensa
suplemento sabor fresa ensure advance 220ml,General,General
suplemento sabor fresa glucerna 237ml,General,General
suplemento sabor vainilla 330ml 4 und/paq,General,General
suplemento sabor vainilla ensure 220ml,General,General
suplemento sabor vainilla ensure advance 220ml 6 und/paq,General,General
suplemento sabor vainilla ensure advance 400g,General,General
suplemento sabor vainilla glucerna 237ml,General,General
suplemento sabor vainilla glucerna fit 330ml,General,General
suplemento sabor vainilla sustagen 400gr,General,General
suplemento salud bio eva citrato de magnesio 475gr,General,General
suplemento salud bio eva glicinato magnesio 350mg 120 cap,General,General
suplemento salud goli gomitas ashwagandha 60 ct,General,Despensa
suplemento salud goli gomitas magnesio sin azucar 60 ct,General,Despensa
suplemento salud goli gomitas pre+post+probiotico 60 ct,General,Despensa
suplemento salud goli gomitas vinagre manzana 60 ct,General,Despensa
suplemento sin azucar sabor vainilla glucerna 400g,General,General
Surimi En Barritas Congelado Vima 250 Gr,General,General
Surimi En Masa Vima 500 Gr,General,General
Surtido De Dulces Sin Azucar La Estepeña 285 Gr,General,Despensa
suspiritos sweet christine de aqui con corazon,General,General
Suspiros Jomisardys,General,General
Sustituto Tortilla de Huevo Just Egg 8 Onz,General,General
Syrup De Bar Finest Call 1 Lt,General,General
syrup de caramelo crav'n 22 onz.,General,General
syrup de chocolate crav'n 24 onz.,General,Despensa
syrup de chocolate sin azucar crav'n 17.5 onz.,General,Despensa
syrup de fresa crav'n 22 onz.,General,General
syrup de granada organico just date 8.8 onz.,General,General
syrup de maiz light that´s smart 32 onz,General,General
syrup organico base vegetal just date 8.8 onz.,General,General
Tabla 4 Quesos Líder 125 g,General,General
Tabla de Embutidos Surtida Lider 150 g,General,Carnes y Mariscos
Tabla Variada De Quesos Food Club 16 Onz.,General,General
Taco Kit Duro/Suave Old El Paso 11.4 oz,General,General
Tacos De Calamar Al Ajillo Orbe 110 Gr,General,Carnes y Mariscos
Tacos De Calamar En Aceite Orbe 110 Gr,General,Carnes y Mariscos
Tacos De Calamar En Salsa Marinera Orbe 110 Gr,General,Carnes y Mariscos
tahini organico roland 16 onz,General,General
Talco Cornstarch Para Bebe Tippy Toes 15 Onz,General,General
talco heno de pravia 10 onz,General,General
talco medicado deodo 71gr,General,General
talco medicado fresh deodo 227gr,General,General
talco medicado mexana 177gr,General,General
talco medicado mexana 30gr,General,General
talco medicado mexana 327gr,General,General
talco medicado mexana 85gr,General,General
talco medicado secalia 140gr,General,General
Talco Para Bebe Fragancia Lavanda Y Manzanilla Tippy Toes 15 Onz,General,Despensa
Talco Para Bebé Original Shoff 200 Gr,General,General
Tapa Mixta De Queso Gran Capitan 180 Gr,General,General
tapa pascualina sin hojaldre la saltena 400g,General,General
tapa viajera negra casa lider 6 onz.,General,General
Tapas De Empanada Criolla La Salteña 550 Gr,General,General
Tapas De Empanada Hojaldrada La Salteña 550 Gr,General,General
tapas de queso de cabra semi curado galeon 200gr.,General,General
Tapas De Queso De Oveja Galeon 200 Gr.,General,General
Tapas De Queso Semi Curado Galeon 200 Gr.,General,General
Tapas De Quesos Garcia Baquero 400 Gr,General,General
Tapas Garcia Baquero 150 Gr,General,General
tapas hojaldradas la saltena 400gr.,General,General
Tapas Mediterranean Lifestyle  Garcia Baquero 75 Gr,General,General
Tapas Mixta ElPozo 120 Gr,General,General
tapas redondas hojaldradas 380g la saltena,General,General
Tapeo Latino Lata Serpis 300 Gr,General,General
Tapeo Mexicano Lata Serpis 350 Gr,General,General
Tarta De Chocolate Milka 350 Gr,General,Despensa
tartaleta de guayaba candela cuisine 480gr,General,General
Tarticos Jomisardys,General,General
Tayota Criolla; Lb  (Aprox. 1-3 unidades Por Libra),General,General
Tazón Plástico Redondo 2 Pza 3L,General,General
te 4 frutas rojas twinings 25 und/paq,General,General
te aumento imunidad loyd 20 und/paq,General,General
te balance de azucar loyd 20 und/paq,General,General
Té Bebida Arizona Half & Half Limonada 16.9 OZ,General,Bebidas
Té Bebida Arizona Iced Sweet Tea 16.9 OZ,General,General
Té Blanco con Carambola y Flor de Loto Hatsu 400 Ml,General,General
Té Blanco con Granada y Mora Azul Hatsu 400 Ml,General,General
Té Blanco con Mangostino Hatsu 400 Ml,General,General
te buenas noches loyd 20 und/paq,General,General
te calmante para garganta loyd 20 und/paq,General,General
te cereza picante loyd 20 und/paq,General,General
te chai loyd 20 und/paq,General,General
te cola de caballo plus 3 pompadour 20 und/paq,General,General
te con naranja y canela twinings 25 und/paq,General,General
te de anis la leonesa 10 und/paq,General,General
te de camomila ltta 30 sobres,General,General
te de ciruela y canela loyd 20 und/paq,General,General
te de flor de tila la leonesa 25 und/paq,General,General
te de frambuesa y limon loyd 20 und/paq,General,General
te de fresa y frambuesa loyd 20 und/paq,General,General
te de fresa y mango twinings 20 und/paq,General,General
te de frutas del bosque loyd 20 und/paq,General,General
te de hierbas y frutas twinings seleccion 20 und/paq,General,Despensa
te de limon con jengibre y miel loyd 20 und/paq,General,General
te de limon y jengibre twinings 20 und/paq,General,General
te de manzanilla con miel y vainilla twinings 20 und/paq,General,Despensa
te de manzanilla loyd 20 und/paq,General,Despensa
te de manzanilla menta la leonesa 10 und/paq,General,Despensa
te de manzanilla organico full circle 20 und/paq,General,Despensa
te de manzanilla saint gottard 20 und/paq,General,Despensa
te de manzanilla twinings 20 und/paq,General,Despensa
te de manzanilla y rosa mosqueta loyd 20 und/paq,General,Despensa
te de manzanilla; canela y miel saint gottard 20 und/paq,General,Despensa
te de menta ltta 30 sobres,General,General
te de menta saint gottard 20 und/paq,General,General
te de menta y jengibre loyd 20 und/paq,General,General
te de mora y arandanos loyd 20 und/paq,General,Frutas y Vegetales
te de naranja fresca loyd 20 und/paq,General,General
te de poleo y menta la leonesa 10 und/paq,General,General
te de raspberry y pomegranate twininings 20 und/paq,General,General
te digestion loyd 20 und/paq,General,General
te earl grey ltta 30 sobres,General,General
te english breakfast ltta 30 sobres,General,General
te frutos del bosque loyd 20 und/paq,General,General
te frutos rojos loyd 20 und/paq,General,Frutas y Vegetales
te infusion pompadour boldo 20 sob,General,General
te infusion saint gottard mate cleanse digest 20 sob,General,General
te infusion saint gottard mate immunitea 20 sob,General,General
te infusion saint gottard mate night time 20 sob,General,General
te infusion saint gottard mate vitalitea 20 sob,General,General
te matcha loyd 20 und/paq,General,General
te negro chai organico full circle 20 und/paq,General,Despensa
te negro clasico loyd 20 und/paq,General,Despensa
te negro earl grey loyd 20 und/paq,General,Despensa
te negro english breakfast organico full circle 20 und/paq,General,Despensa
te negro intenso loyd 20 und/paq,General,Despensa
te organico sabor baya del sauco full circle 20 und/paq,General,General
te purificacion detox loyd 20 und/paq,General,General
te relaxul la leonesa 25 und/paq,General,General
te rooibos y miel manuka loyd 20 und/paq,General,General
te smooth move tradicional 16 und/paq,General,General
Te Verde Arizona 16.9Oz,General,Despensa
te verde con frambuesa loyd 20 und/paq,General,Despensa
Te Verde Con Ginseng Y Miel Arizona 11.5 Onz,General,Despensa
Te Verde Con Ginseng Y Miel Arizona 15.5 Onz,General,Despensa
te verde con jazmin twinings 25 und/paq,General,Despensa
te verde con limon loyd 20 und/paq,General,Despensa
te verde con limon twinings 25 und/paq,General,Despensa
te verde con menta loyd 20 und/paq,General,Despensa
te verde con menta twinings 25 und/paq,General,Despensa
te verde con naranja y mandarina loyd 20 und/paq,General,Frutas y Vegetales
te verde en bolsa food club 40 und,General,Despensa
Te Verde Frio 128Oz Arizona,General,Despensa
Te Verde Frio San Benedetto 1.5 Lt,General,Despensa
te verde organico full circle 20 und/paq,General,Despensa
te verde puro loyd 20 und/paq,General,Despensa
te verde saint gottard 20 und/paq,General,Despensa
te yerba mate loyd 20 und/paq,General,General
tealights lumar coco 12g 10pk,General,General
tealights lumar frutas del bosque 12g 10pk,General,General
tealights lumar lavanda 12g 10pk,General,General
tealights lumar sin aroma 10.5g 30pk,General,General
tealights lumar sin aroma 13g 10pk,General,General
tealights lumar vainilla 12g 10pk,General,General
Telera La Panera,General,General
Tenders Vegetales Estilo Pollo Gardein Ultimate 15 oz,General,Carnes y Mariscos
tenedores plasticos termo envases 25 und/paq,General,General
tenedores plasticos termopac 25 und/paq,General,Limpieza
tenedores plasticos transparentes simply done 24 und/paq,General,General
Tentaculo de Calamar Pre-cocido Rodajas;Lb (Peso Aprox. 1 Libra),General,Carnes y Mariscos
Tentaculo De Pulpo Precocido Congelado 300 Gr,General,Carnes y Mariscos
tequenos de platano maduro y queso deligusto 16 und/paq,General,General
Tequeños De Queso Congelados Cacharepa 20 Und/Paq,General,General
tequenos gegalian 22 und/paq,General,General
tequlla extra anejo grand mayan 75 cl,General,General
termometro de carne simply done,General,General
Tijera Para Bigote Con Peine Top Care,General,General
Tijera Para Estilismo Top Care,General,General
Tilapia Roja Importada Congelada (Peso Aprox. 1.5 Libra),General,Carnes y Mariscos
Tinga De Pollo Andale 1 Lb,General,Carnes y Mariscos
Tinta De Sepia Congelado 180 G,General,General
tinte capilar permanente jalea real 734 nutrisse 1 und,General,General
tinte capilar permanente negro magnetico 110 nutrisse 1 und,General,Despensa
tinte color almendra #70 nutrisse,General,General
tinte color azahar #121 nutrisse,General,General
tinte color capuccino #60 nutrisse,General,General
tinte color caramelo #57 nutrisse,General,General
tinte color castano #5 nutrisse,General,General
tinte color chocolate intenso #67 nutrisse,General,Despensa
tinte color fresa #5562 cabello oscuro nutrisse,General,General
tinte color manzana #6660 cabello oscuro nutrisse,General,General
tinte color moca #40 nutrisse,General,General
tinte color mora #21 nutrisse,General,General
tinte color negro rubi #260 nutrisse,General,General
tinte color nuez #53 nutrisse,General,General
tinte color tamarindo #45 nutrisse,General,General
tinte ebano negro #1o nutrisse,General,General
Tinte Negro #1 Pro Keratina Excellence Creme L'Oreal,General,Despensa
tinte negro expresso #30 nutrisse,General,Despensa
tinte negro zafiro #280 nutrisse,General,Despensa
tinte permanente chocolate 67 soft color,General,Despensa
tinte rubio claro #80 wella soft color,General,General
tiras limpieza poros nariz face facts 6 und,General,General
toalla de papel scott calorie absorb 2 rollos 90 hojas,General,General
Toalla Microfibra Antifrizz Pinacolita,General,General
toallas de manos desechables kleenex 100 unidades,General,General
Toallas Desinfectantes Aroma Limon Simply Done 35 Und/Paq,General,Limpieza
Toallas Diarias Nosotras Largas 15 Und/Paq,General,General
toallas femeninas kotex esencial manzanilla 10 unidades,General,Despensa
toallas femeninas kotex esencial normal 10 unidades,General,General
toallas femeninas kotex nocturna manzanilla 8 unidades,General,Despensa
toallas femeninas kotex teens normal 10 unidades,General,General
toallas humedas a base de fibras tippy toes 72 und/paq,General,General
Toallas Humedas Antibacteriales Para Manos Citrus Wet Ones 20 Und/Paq,General,General
Toallas Húmedas Clásicas Tena,General,General
Toallas Humedas De Limpieza Personal Top Care 48 Und/Paq,General,General
toallas humedas higiene personal lider 80 und/paq,General,General
toallas humedas lider personales para adultos 40 unidades,General,General
toallas humedas limpia plata dr beckmann 12 und/paq,General,General
toallas humedas limpiador de plata weiman 20 und/paq,General,Limpieza
Toallas Humedas Para Adultos Tena 40 Und/Paq,General,General
toallas humedas para bebe 3 und/paq,General,General
Toallas Humedas Simply Done 42 Und/Paq,General,General
Toallas Para Incontinencia Absorbencia Moderada Top Care 16 Und/Paq,General,General
Toallas Para Incontinencia Top Care 20 Und/Paq,General,General
toallas para manos copos 100 und/paq,General,General
Toallas Sanitarias Always Infinity Size 4 26 Und Paq,General,General
toallas sanitarias always larga anti bunch size 6 48 und/paq,General,General
toallas sanitarias always maxi nocturna 20 und/paq,General,General
Toallas Sanitarias Always Maxi Overnight 16 Und/Paq,General,General
Toallas Sanitarias Always Noche Suave 22 Und/Paq,General,General
Toallas Sanitarias Always Nocturnas Con Alas 8 Und/Paq,General,General
Toallas Sanitarias Always Overnight Ultra Finas 16 Und/Paq,General,General
toallas sanitarias always proteccion total con alas 10 und/paq,General,General
Toallas Sanitarias Always Ultra Nocturna 24 Und/Paq,General,General
toallas sanitarias always ultra thin size 4 36 und/paq,General,General
Toallas Sanitarias Líder Nocturnas 10 Und/Paq,General,General
Toallas Sanitarias Líder Normal 10 Und/Paq,General,General
Toallas Sanitarias Líder Ultradelgada 10 Und/Paq,General,General
toallas sanitarias liners always extralarga anti bunch 40 und/paq,General,General
toallas sanitarias nosotras buenas noches 2 pack 10 und/paq,General,General
toallas sanitarias nosotras buenas noches natural 10 und,General,General
toallas sanitarias nosotras buenas noches rapisec ultra invisibles 10 und,General,General
toallas sanitarias nosotras de maternidad 10 und + protector de lactancia 12 und/paq,General,General
toallas sanitarias nosotras de maternidad 10 und/paq,General,General
toallas sanitarias nosotras dia y noche 8 und/paq,General,General
toallas sanitarias nosotras extra proteccion 8 und/paq,General,General
Toallas Sanitarias Nosotras Invisible Rapigel 10 Und/Paq,General,General
toallas sanitarias nosotras invisibles sensitive 10 und/paq,General,General
toallas sanitarias nosotras natural invisibles 10 und/paq,General,General
toallas sanitarias nosotras plus 10 und/paq,General,General
toallas sanitarias nosotras ultrainvisibles rapisec 10 und,General,General
Toallas Sanitarias Nosotras Ultrainvisibles Tela 8 Und,General,General
Toallas Sanitarias Para Incontinencia Large Top Care 18 Und/Paq,General,General
Toallas Sanitarias Para Incontinencia Medium Tena 10 Und/Paq,General,General
Toallas Sanitarias Tena Para Incontinencia Maxi 10 Und/Paq,General,General
Toallas Sanitarias Top Care Maxi Con Alas 16 Und/Paq,General,General
Toallas Sanitarias Top Care Maxi Regular Ultra Delgada 36 Und/Paq,General,General
Toallas Sanitarias Top Care Nocturnas Ultra Delgadas 28 Und/Paq,General,General
toallas turbante para el cabello top car 2 und/paq,General,General
Toallita Humeda Facial Rose Care Nivea 25 Und/Paq,General,General
Toallitas Eco Micelar Garnier 3 Und/Paq,General,General
toallitas faciales para piel seca nivea 25 und/paq,General,General
toallitas higiene gelatti baby shark humedas 25 ud,General,General
toallitas higiene gelatti bob esponja humedas 25 ud,General,Limpieza
toallitas higiene gelatti frozen humedas 25 ud,General,General
toallitas higiene gelatti spiderman humedas 25 ud,General,General
Toallitas Mascota Lider Ojos y Orejas 50 UD,General,General
toallitas negro intenso 3en1 dr. beckmann 8 und,General,General
Tocineta Chef 8 Onz,General,Carnes y Mariscos
Tocineta De Pavo Butterball 12 oz,General,Carnes y Mariscos
Tocineta ElPozo 250 Gr,General,Carnes y Mariscos
tocineta elpozo 250gr,General,Carnes y Mariscos
Tocineta Embutido Butterball Pavo Bajo Sodio 12 OZ,General,Carnes y Mariscos
Tocineta En Tiras Hugo Pork 8 Onz,General,Carnes y Mariscos
Tocineta Rebanada Induveca 8 Onz,General,Carnes y Mariscos
Tocino De Cerdo Sazonado; Lb (Peso Aproximado 2.5 Libras),General,General
Tomate Barceló 1 Lb,General,Bebidas
tomate conserva obslider pasta concentrada 850gr,General,General
tomate datterini mutti 400gr,General,General
Tomate Ensalada Rebanado Lb,General,General
tomate entero hunts 14.5 onz,General,General
tomate entero pelado cidacos 400gr,General,General
tomate entero pelado lider 400gr,General,General
tomate passata mutti 400gr,General,General
Tomate Passata Mutti 700 Gr,General,General
tomate pelado de cecco 400gr,General,General
tomate pelado mutti 2500gr,General,General
tomate pelado mutti 400gr,General,General
tomate seco merlini 100gr,General,General
tomate seco roland 3.5 onz,General,General
Tomate Semi Seco Ponti 200 Gr,General,General
Tomate Uva Bandeja (Peso Aprox. 2 Libras Por Bandeja),General,General
Tomate Uva Paq. 16 Onz,General,General
tomates con albahaca la famosa 15oz,General,Frutas y Vegetales
tomates con albahaca la famosa 8oz,General,Frutas y Vegetales
tomates cortados estilo italiano food club 14.5 onz,General,Frutas y Vegetales
tomates en trozos con albahaca hunts 14.5 onz,General,Frutas y Vegetales
tomates en trozos con cebolla dulce hunts 14.5 onz,General,General
Tomates Encurtidos Zero Olio Ponti 300 Gr,General,Frutas y Vegetales
tomates enteros pelados cidacos 800gr,General,Frutas y Vegetales
tomates enteros pelados food club 14.5 onz,General,Frutas y Vegetales
tomates pelados la famosa 15 onz,General,Frutas y Vegetales
tomates pelados mutti 800gr,General,Frutas y Vegetales
tomates pelados san marzano mutti 400gr,General,Frutas y Vegetales
tomates triturados food club 15 onz,General,Frutas y Vegetales
tomaticos estilo gourmet con albahaca; ajo y oregano 8oz,General,Despensa
tomaticos la famosa 15 onz,General,General
Tomillo Herb Garden Paq. 2 Onz,General,General
Tomillo Trudeau Paq. 40 Gr.,General,General
Tónica Enriquillo PET 1 L,General,General
tonico exfoliante acido glicolico 5% l'oreal 6 onz,General,General
tonico hidratante face fact 200ml,General,General
Tónico Hidratante Para Piel Normal A Seca Cerave 200 Ml,General,General
tonico hydra fresh l´oreal 8.5 onz,General,General
topping mix de nueces cravn 5oz,General,Despensa
Topping Para Ensalada Blueberries Y Pecans Con Miel Salad Pizazz 3.5 Onz,General,General
topping para ensalada de cereza; arandanos y pecan salad pizazz 4 onz,General,Frutas y Vegetales
Topping Para Ensalada Frambuesa; Arandanos Y Walnut Salad Pizazz 4 Onz,General,Frutas y Vegetales
Topping Para Ensalada Granada; Arandanos Y Nuez Salad Pizazz 4 Onz,General,Frutas y Vegetales
Topping Para Ensaladas Arandanos Y Almendras Food Club 3 Onz,General,Frutas y Vegetales
Topping Para Ensaladas Cebolla Frita Food Club 3 Onz,General,General
Topping Para Ensaladas Tiras Wonton Food Club 4 Onz,General,General
Topping Para Ensaladas Tortillas Tricolor Food Club 4 Onz,General,General
Toronja Criolla; Lb (Aprox. 1 A 2 Toronjas Por Libra),General,General
torta de aceite con naranja ines rosales 6 und/paq,General,General
Torta Imperial Delaviuda 200 Gr,General,General
Torta Imperial El Almendro 200 Gr,General,General
Torta Imperial Sin Azucar El Almendro 200 Gr,General,General
Tortellini de Colores con Queso Food club 19 Onz,General,General
Tortelloni Prosciutto Y Mozzarella Rana 10 Onz,General,Carnes y Mariscos
tortilla coliflor la tortilla fact 200g,General,Frutas y Vegetales
tortilla de arroz chocolate y avellana bicentury 141.6gr.,General,Despensa
Tortilla de Harina de Garbanzo Siete 8 Und/Paq,General,General
Tortilla De Maíz Dura Crunchy Old El Paso 12 Und/Paq,General,General
Tortilla De Maiz Para Tacos Food Club 18 Und/Paq,General,General
Tortilla De Papa Con Cebolla Palacios 500 Gr,General,General
tortilla de papa sin cebolla palacios 500gr,General,General
tortilla de taco dura sin gluten siete 12 und/paq,General,General
Tortilla De Taco Líder 10 Und/Paq,General,General
Tortilla De Trigo 8'' Old El Paso 8 Und/Paq,General,General
Tortilla De Trigo Burrito Integral Maria 5 Und,General,General
Tortilla de Trigo Burrito Líder 8 Und/Paq,General,General
Tortilla De Trigo Burrito Pesto Maria 8 Und,General,General
Tortilla De Trigo Integral Maria 8 Und/Paq,General,General
tortilla de trigo no. 8 food club 10 und/paq,General,General
Tortilla de Trigo Street Taco Food Club 20 Und/Paq,General,General
Tortilla de Trigo Wrap Líder 5 Und/Paq,General,General
Tortilla De Trigo Wrap Multigrano Maria 8 Und,General,General
tortilla ivory s/gl la tortilla fact 396g,General,General
Tortilla Panadería Toufayan Espinaca Sin Gluten 11 OZ,General,Frutas y Vegetales
tortilla papel arroz greenland 340gr,General,General
Tortilla Zero Car La Tortilla Fact 320 g,General,General
tortillas chips kettle corn popcorners 5 onz,General,Despensa
Tortillas De Trigo #9 Para Burrito Food Club 8 Und/Paq,General,General
Tortillas De Trigo Food Club #6 Taco Style 10 Und/Paq,General,General
Tortillas De Trigo Integral Food Club 8 Und/Paq,General,General
Tortillas Low Carb La Real 336 Gr.,General,General
Tortillas Suave De Yuca Sin Gluten Siete 8 Und/Paq,General,General
tortitas de garbanzo lider 135g,General,General
Tortitas De Maíz Sabor A Olivas Y Cebollino Bicentury 123.5 Gr,General,General
Tortitas De Maíz Sabor A Queso Y Albahaca Bicentury 123 Gr,General,General
Tortitas Snack Bicentury Maíz Chocolate Negro 90 GR,General,Despensa
tostada con ajo sin gluten katz 7.8 onz,General,General
tostada de granos enteros coco lite 75gr,General,General
Tostada De Maiz Mexicana La Real 14 Onz,General,General
tostada integral bauducco 142gr,General,General
tostada multigranos bauducco 142gr,General,General
tostada original bauducco 142gr,General,General
tostada sin azucar misura 320gr,General,General
tostadas al ajo gri-gri,General,General
tostadas de avena sin azucar diat 100g,General,General
tostadas de granos original coco lite 75gr,General,General
tostadas de maiz milpa real onduladas 360g,General,General
Tostadas Francesas  Canela Congeladas Farmrich 12 Onz,General,General
tostadas jomisardys,General,General
tostadas ligeras diet 100gr,General,General
tostadas sin gluten airos 225gr,General,General
tostadas snack maretti bruschette tomate oregano 140gr,General,Despensa
tostadas texas con ajo congeladas food club 16 onz,General,General
Tostaditas De Maiz La Real Foods 7.1 Onz,General,General
tostitos restaurant style familiar 283.5gr,General,General
Tostitos Santa Elena 225 Gr,General,General
Tostón Cepa Apio Líder 454 g,General,Frutas y Vegetales
tostones de cepa de apio distelca 1lb,General,Frutas y Vegetales
Tostones Plátano Maduro Precocido Líder 318 Gr,General,General
Tostones Plátano Verde Precocido Líder 318 Gr,General,Frutas y Vegetales
trail mix eloy's 10 onz,General,General
trampa para ratones mediana ratax,General,General
tratamiento afro love leave wash halka 8 onz,General,General
tratamiento carbon activado deya 16 onz,General,General
Tratamiento de Carbón Activado Maka Essentials 17 Onz,General,General
tratamiento emergency deya 16 onz,General,General
Tratamiento en Ampollas Anticaída Hair Plus Caja de 6 Unidades,General,General
tratamiento hidra hialuronico magic water elvive l'oreal 6.8 onz,General,General
tratamiento moroccan clay & shea butter heat activated masque african pride moisture miracle 12 onz,General,General
trigo #1lider 800gr,General,General
Trigo #2 Líder 2 Lb,General,General
trigo #2lider 2lb,General,General
Trigo #3 Líder 800 Gr,General,General
trigo #3lider 800gr,General,General
Trigo Goya 24 Onz,General,General
Trigo La Sanjuanera 800 Gr,General,General
trigo la sanjuanera 800gr,General,General
Trigo Selecto No.2 Líder 800 Gr,General,General
trigo selecto no.2lider 800gr,General,General
Trigo Selecto No.3 Líder 800 Gr,General,General
trigo selecto no.3lider 800gr,General,General
trozos de pollo enlatado that's smart 10 onz,General,Carnes y Mariscos
trufas al cacao con naranja delaviuda 100gr,General,General
trufas de datiles y almendras tufera 8.7 onz,General,Despensa
trufas de datiles y pistachos tufera 8.75 onz,General,Despensa
trufas de datiles y semillas de cajuil tufera 8.75 onz,General,General
truffas de chocolate elit 135gr,General,Despensa
Tubo De Calamar Congelado Paq. 1 Libra,General,Carnes y Mariscos
Turkey Franks Bar-S 12 Oz,General,General
Turron Al Punto De Sal El Almendro 75 Gr,General,Bebidas
Turron Blando Delaviuda 150 Gr,General,Bebidas
Turron Blando El Almendro 150 Gr,General,Bebidas
Turron Blando Monerris 150 Gr,General,Bebidas
Turron Blando Sin Azucar El Almendro 200 Gr,General,Bebidas
Turron Chocolate Con Almendras Delaviuda 200 Gr,General,Bebidas
Turron Con Fruta Tropical San Andres 100 Gr,General,Bebidas
Turron Con Sesame Y Caramelo El Almendro 75 Gr,General,General
Turron De Almendras Estuche San Andres 150 Gr,General,Bebidas
Turron De Chocolate Con Almendras El Almendro 100 Gr,General,Bebidas
Turron De Chocolate Crocante El Almendro 100 Gr,General,Bebidas
Turron De Chocolate Crocante El Almendro 200 Gr,General,Bebidas
Turron De Coco El Almedro 250 Gr,General,Bebidas
turron de guayaba macoco 6 und,General,Bebidas
Turron Duro Delaviuda 150 Gr,General,Bebidas
Turron Duro El Almendro 150 Gr,General,Bebidas
Turron Duro Monerris 150 Gr,General,Bebidas
Turron Duro Superior El Almendro 75 Gr,General,Bebidas
turron macoco 1 und/paq,General,Bebidas
Turron Ron Con Pasas Delaviuda 200 Gr,General,Bebidas
Turron Surtido De Chocolate El Almendro 30 Gr,General,Bebidas
Turron Surtido San Andres 325 Gr,General,Bebidas
Turron Surtido Sesame San Andres 200 Gr,General,Bebidas
Turron Yema Tostada Delaviuda 200 Gr,General,Bebidas
Twinkie De Vainilla Hostess 1.35 Oz,General,General
Twinkie de Vainilla Hostess 2.7 Onz,General,General
Ungüento Analgesico Ice 8 Onz,General,General
Ungüento Curativo CeraVe 3 Onz,General,General
Ungüento Original Para Bebes Desitin 2 Onz,General,General
Ungüento Para Bebe Top Care 1.76 Onz,General,General
Ungüento Para Pañal Bebe Desitin 4 Onz,General,Cuidado Personal
unguento vick vaporub 50gr,General,General
utensilios desechables transparentes para servir simply done 3 und/paq,General,General
Uvas Blancas Sin Semillas Paq. (Peso Aprox. 1 Libra),General,General
Uvas Red Globe de Perú Con Semillas Paq. (Peso Aprox. 1 Libra),General,General
Uvas Red Globe; Lb (Peso Aprox. 1 Libra),General,General
Uvas Verdes Timpson  Lb (Peso Aprox. 1 Libra),General,Frutas y Vegetales
Vainilla Blanca Delifruit 16 Onz,General,General
Vainilla Blanca Líder 16 Onz,General,General
Vainilla Blanca Oriente 1 Gl,General,General
vainilla condimento oriente negra 1galon,General,General
Vainilla Negra Delifruit 16 Onz,General,General
Vainilla Negra Líder 4 Onz,General,General
Vainita Española Paq. 8 Onz,General,General
Vainita Italiana Paq. 8 Onz,General,General
Vainitas Largas; Lb (Peso Aprox. 1 Libra),General,Frutas y Vegetales
Vainitas Verdes Congeladas Food Club 12 Onz,General,Frutas y Vegetales
vanyplas colador,General,General
vanyplas contenedor alto blanco,General,General
vanyplas contenedor plastico 2l,General,General
vanyplas contenedor plastico blanco mediano,General,General
Vanyplas Contenedor Redondo Crema,General,General
Vanyplas Contenedor Redondo Plástico Blanco,General,General
vanyplas envase blanco,General,General
vanyplas envase plastico con divisores blanco 1.50l,General,General
Vanyplas Envase Plástico Pequeño Blanco,General,General
Varitas De Queso Maheso 240 Gr,General,General
varsol lider 750 cc,General,General
Vaselina 100% Pura Top Care 7.50 Onz,General,General
Vaselina Para Bebe Bambino 3 Onz,General,General
Vaselina Para Bebe Johnson'S Baby 100 Gr,General,General
Vaselina Para Bebe Tippy Toes 13 Onz,General,General
vaso antiderrame con asas,General,Limpieza
vaso compostable color rojo full circle 16 onz,General,General
vaso con sorbete y asas azul 10oz,General,General
vaso de papel azul 12 onz 50 und/paq,General,General
vaso de papel con dibujos 4 onz paper plus 50 und/plus,General,General
vaso de papel dont' worry 7 onz paper plus 50 und/paq,General,General
vaso de papel para cafe con disenos gourmet 4 onz 50 und/paq,General,General
vaso de papel rojo 12 onz paper plus 50 und/paq,General,General
vaso desechable cielo 12 onz; 50 und/paq,General,General
vaso desechable rigido rojo 18 onz simply done 50 und/paq,General,General
vaso desechable termoenvases rigido 5oz 50ud,General,General
vaso foam termo envases 6 onz; 25 und/paq,General,General
vaso negro coordenadas pico duarte orgullo de mi tierra 900ml.,General,General
vaso pet 12 onz sunny pack 25 und/paq,General,General
vaso plastico desechable clear 9 onz simply done 25 und/paq,General,General
vaso rigido azul simply done 18 onz; 30 und/paq,General,General
vaso rigido desechable termo envases 7 onz 50 und/paq,General,General
vaso termico contigo streeterville azul 40oz,General,General
vaso termico contigo streeterville gris 40oz,General,General
vaso termico contigo streeterville morado 40oz,General,General
vaso termico contigo streeterville verde 40oz,General,General
vaso termico orgullo de mi tierra pico duarte negro 500ml,General,Despensa
vasos de papel casa lider 6 onz.,General,General
vasos desechables 10 onz cielo 50 und/paq,General,General
vegetales congelados emborg aros de cebolla 450gr,General,General
Vegetales Guarnición Genérico Hervidos Porción Pequeña,General,General
vegetales mixtos con papa goya 14.9 onz,General,Frutas y Vegetales
Vegetales Mixtos Congelados Emborg 450 Gr.,General,Frutas y Vegetales
Vegetales Mixtos Congelados Food Club 10 Onz,General,Frutas y Vegetales
vegetales mixtos la famosa 15 onz,General,Frutas y Vegetales
vegetales mixtos linda 8 onz,General,Frutas y Vegetales
vegetales mixtos sin papa la famosa 8 onz,General,Frutas y Vegetales
Veggie Tots Coliflor; Queso Y Tocineta Green Giant 14 Onz,General,Carnes y Mariscos
vela aromatica aromatium canela 120g,General,General
vela aromatica de vainilla aromatium 120g,General,General
vela aromatica glade balsam & spruce 6.8oz,General,General
vela aromatica glade embers & sandalwood 6.8oz,General,General
vela aromatica glade pumpkin & ginger 6.8oz,General,General
vela aromatica glade warm apple & spice 6.8oz,General,General
vela aromatium algodon & rosas 140g,General,General
vela aromatium cashmere dreams silk 140g,General,General
vela aromatium coco 120g,General,General
vela aromatium crunchy paradise silk 140g,General,General
vela aromatium frambuesas frut 140g,General,General
vela aromatium frutos rojos 120g,General,General
vela aromatium hawaiian peony silk 140g,General,General
vela aromatium jazmin 120g,General,General
vela aromatium limon frut 140g,General,General
vela aromatium melocoton frut 140g,General,General
vela aromatizante clean linen de glade 3.4 onz,General,General
vela aromatizante fragancia canela y naranja la casa de los aromas 140gr,General,General
vela aromatizante fragancia lavanda la casa de los aromas 140gr,General,General
Vela Aromatizante Fragancia Vainilla La Casa De Los Aromas 140 Gr,General,General
vela aromatizante hawaiian breeze de glade 3.4 onz,General,General
vela blanca lumar 255g,General,General
vela crema lumar 255g,General,General
vela en vaso lumar mensaje the best 130g,General,General
vela lider brisa de verano 120g,General,General
vela lumar blanca 430g,General,General
vela lumar crema 430g,General,General
vela lumar lavanda yog 100g,General,General
vela lumar ocean breeze yog 100g,General,General
vela lumar vainilla yog 100g,General,General
vela lumar vaso msj always 130g,General,General
vela lumar vaso msj magic 130g,General,General
vela luminum mesa blanca 50g 10pk,General,General
vela navidad pino polo norte navideno lider 120gr.,General,General
vela taper dorada 4 unidades,General,General
velas aromaticas lumar frutas del bosque pack 2 und,General,General
velas aromaticas lumar lavanda pack 2 und,General,General
velas aromaticas lumar sandia pack 2 und,General,General
velas no. 5lider 15 und/ paq,General,General
velas no.7lider 15 und/paq,General,General
velas no.8lider 1 und,General,General
velas votivas lider 12 und/paq,General,General
velon 50 horas amarillo lider,General,General
velon 50 horas blanco lider,General,General
velon 50 horas rojo lider,General,General
velon 7 dias 7 colores lider,General,General
velon 7 dias amarillo lider 1 unidad,General,General
velon 7 dias blanco lider 1 und,General,General
velon blanco lumar pack 2 und 108g,General,General
velon blanco no.20lider 1 unidad,General,General
velon cervecero amarillo lider 1 und,General,General
velon cervecero blanco lider 1 und,General,General
velon con imagen nino jesus lider 1 unidad,General,General
velon copa 506 blanco lider 1 und,General,General
velon copa no.506 amarillo lider 1 und,General,General
velon divino nino jesus pequeno san jose 1 und,General,General
velon imagen gran poder lider 1 und,General,General
velon imagen virgen de altagracia lider 1 und,General,General
velon no.10lider 1 und,General,General
velon repelente citronella lider 1 und,General,General
velon repuesto blanco lider 1 und,General,General
velon vaso amarillo no.24lider 1 und,General,General
velon vaso blanco no.24lider 1 und,General,General
Viga De Pan Mediana Molino Del Sol,General,General
Viga Mediana De Pan Integral Blanco Bolin,General,Despensa
vinagre balsamivo modena ponti 250ml,General,General
vinagre condimento miyata arroz sazonado 5.07oz,General,General
vinagre de ajo alopecil 1lb,General,General
Vinagre De Arroz Kikkoman 10 Onz,General,General
vinagre de balsamico lider 500ml,General,General
Vinagre De Frutas Líder 0.5 Gl,General,General
Vinagre De Sidra De Manzana Heinz 32 Oz,General,General
vinagre de vino de jerez don bruno 12.67 onz,General,General
Vinagre Dorado Food Club 32 Onz,General,General
Vinagre Dorado Ranchero 52 Onz,General,General
vinagre dorado victorina 16 onz,General,General
Vinagre Organico De Manzana Bragg 32 Onz,General,General
vinagre rojo ponti 500ml,General,General
vinagre sazonado de arroz roland 8.45 onz,General,General
Vinagre Sidra De Manzana Food Club 16 Onz,General,General
vinagreta balsamica skinny girl 8 onz,General,General
Vino Bebida Epicentro Orange 75 CL,General,General
vino bebida j.p. chenet fashion strawberry 75 cl,General,General
vino calvet varietal cabernet sauvignon 75 cl,General,General
vino calvet varietal merlot 75 cl,General,General
vino cocina miyata mirin dulce 5.07oz,General,General
vino dorado don pancho 70 cl,General,General
vino dorado para cocinar el cheff 75 cl,General,General
Vino Espumante Charmat Brut Platino 75 Cl,General,General
vino espumante dulce rose cavicchioli 75 cl,General,General
vino espumante glamti te verdi sparkling 75 cl.,General,General
vino espumante jp chenet brut sin alcohol 75 cl,General,General
vino espumante jp chenet divine musc gold 75 cl,General,General
vino espumante jp chenet divine pinn pink 75 cl,General,General
Vino Espumante Millesimato Bottega 75 Cl,General,General
Vino Espumante Verdi 75 Cl,General,General
vino extra seco martini 75 cl,General,General
vino fino seco tio pepe 75 cl,General,General
vino generoso dulce quitapenas malaga 75 cl,General,General
vino generoso moscatel quitapenas plata 75 cl,General,General
vino jerez coquinero osborne 75 cl,General,General
vino jerez fino quinta osborne 75 cl,General,General
vino manischewitz concord grape 75 cl,General,Despensa
vino marsala fine perlino 1lt,General,General
Vino Opera Prima Shiraz 75 cl,General,General
vino oremus late harvest tokaji 50 cl,General,General
vino perlino cremovo 75 cl,General,General
vino reserva familia est. juve camps 75 cl.,General,General
vino rose d' anjou calvet 75 cl,General,General
vino rosso martini 75 cl,General,General
vino sabor fresa sin alcohol may sparkling 75 cl,General,General
vino santa helena carmenere 75 cl,General,General
vino sauvignon blanc calvet varietal 75 cl,General,General
Vino Sauvignon Blanc Don Simon Nature 75 Cl,General,General
Vino Sauvignon Blanc Reserva Siglo De Oro Santa Helena 75 Cl,General,General
Vino Sauvignon Blanc Santiago 1541; 75 Cl,General,General
vino sparkling sin alcohol mionetto 75 cl.,General,General
vino tempranillo sin alcohol win.6 75 cl,General,General
vitamina c masticable sabor frutas tropicales cebion 12 und/paq,General,General
wafels honey & oats rip van 1.6 onz,General,General
Waffle Blueberry Sin Gluten Full Circle 320 Gr.,General,General
Waffles Con Queso Sin Gluten Brazi Bites 8.4 Onz,General,General
Waffles Congelados Con Chocolate Chips Food Club 12.3 Onz,General,Despensa
Waffles Congelados De Canela Food Club 12.3 Onz,General,General
Waffles Congelados Homestyle Food Club 10 Und/Paq,General,General
Waffles Congelados Sabor Blueberry Eggo 12.3 Onz,General,General
Waffles Congelados Sabor Blueberry Food Club 10 Und/Paq,General,General
Waffles Crujientes  Sin Gluten Brazi Bites 7.4 Onz,General,General
Waffles Organicos Congelados Homestyle Full Circle 6 Und/Paq,General,General
Waffles Organicos Congelados Sabor Blueberry Full Circle 6 Und/Paq,General,General
wilton bandeja para galletas 15,General,Despensa
wilton bandeja para hornear 13,General,General
wilton cortador de galletas juego de 4,General,Despensa
wilton cortadores de galletas juego de 4,General,Despensa
wilton juego de 12 piezas para decorar,General,General
wilton manga pastelera desechable juego de 12,General,General
wilton molde cuadrado,General,General
wilton molde para 12 muffins,General,General
wilton molde para pan 9,General,General
wilton molde redondo,General,General
Wipes Desinfectantes Aroma Fresco Simply Done 75 Und/Paq,General,Limpieza
Wipes Desinfectantes Fragancia Limon Simply Done 75 Und/Paq,General,Limpieza
Wrap Integral Toufayan 11 Onz,General,General
Wrap Keto Toufayan 8.9 Onz,General,General
Wrap Plain Toufayan 11 Onz,General,General
Wrap Powergreen La Tortilla Fact 8.46 oz,General,General
Wrap Sin Gluten Toufayan 11 Onz,General,General
Wraps Low Carb Low Sodium Toufayan 11 Onz,General,General
Wraps Sabor Ajo Y Pesto Toufayan 11 Onz,General,General
Wraps Sabor Espinaca Toufayan 11 Onz,General,Frutas y Vegetales
Wraps Sabor Tomate Seco Toufayan 10 Onz,General,General
Yautia Amarilla; Lb (Aprox. 3-5 unidades Por Libra),General,General
Yautia Blanca/Morada; Lb (Aprox. 2-3 unidades Por Libra),General,General
Yautia Coco Pelada Fruconsa Paq. (Aprox. 2 libras),General,General
Yautia Coco; Lb (Aprox. 1- 2 unidades Por Libra),General,General
yemas de esparragos blancos cidacos 345gr,General,General
yerba mate con palo taragui 500gr,General,General
yerba mate cruz de malta 1kg,General,General
Yogurt Artesanal Natural Sin Azucar Nacional 1 Lt,General,General
Yogurt Artesanal Sabor Ciruela Nacional 1 Lt,General,General
Yogurt Artesanal Sabor Fresa Nacional 1 Lt,General,General
Yogurt Artesanal Sabor Piña Nacional 1 Lt,General,General
Yogurt Artesanal Sabor Vainilla Nacional 1 Lt,General,General
Yogurt Bajo En Grasa Sabor Fresa Elle & Vire 125 Gr,General,General
Yogurt Bebibl Natural Sin Lactosa Yoka 32 Onz,General,General
Yogurt Bites Mixed Berry Tippy Toes,General,General
Yogurt Bites Sabor A Banana Tippy Toes 1 Onz,General,General
Yogurt Con Cereales Sabor Ciruela Pasa Yoka 6 Oz,General,General
Yogurt Con Cereales Sabor Frutas Tropicales Yoka 6 Onz,General,General
Yogurt Con Cereales Y Ciruela Pasa Yoplait 6 Oz,General,General
Yogurt Con Fresa Yoplait 6 Oz,General,General
Yogurt Con Frutas Rojas Yoplait 6 Oz,General,General
Yogurt Con Frutas Tropicales Yoplait 6 Oz,General,General
Yogurt De Almendra Sabor Fresa Silk 5.3 Oz,General,General
Yogurt De Almendra Sabor Vainilla Silk 5.3 Onz,General,General
Yogurt De Leche De Cabra K Deliciel 4 Onz,General,General
Yogurt Descremado De Mango Y Chinola K Deliciel 4 Onz,General,General
Yogurt Ecológico con Arándanos Pastoret 135 Gr,General,General
Yogurt Light Sabor Fresa Dannon Activia 4 Und/Paq,General,General
Yogurt Light Sabor Fresa Layogurt 6 Onz,General,General
Yogurt Light Sabor Fresa Yoka 6 Onz,General,General
Yogurt Melts Sabor A Fresa Gerber 1 Onz,General,General
Yogurt Mix Berries Elle & Vire 125 Gr,General,General
Yogurt Probiótico Cóctel De Frutas La Yogurt 6 Onz,General,General
Yogurt Probiótico de Coco Parfaite 7 Onz,General,General
Yogurt Probiótico Sabor Cheesecake La Yogurt 6 Onz,General,General
Yogurt Probiótico Sabor Coco La Yogurt 6 Onz,General,General
Yogurt Probiótico Sabor Frutos Del Bosque La Yogurt 6 Onz,General,General
Yogurt Probiótico Sabor Latino Guayaba La Yogurt 6 Onz,General,General
Yogurt Probiótico Sabor Latino Mango  La Yogurt 6 Onz,General,General
Yogurt Sabor A Mango Yoka 6 Onz,General,Lácteos
Yogurt Sabor A Vanilla Yoka 6 Onz,General,Lácteos
Yogurt Sabor Albaricoque Elle & Vire 125 Gr,General,Lácteos
Yogurt Sabor Arandanos Elle & Vire 125 Gr,General,Lácteos
Yogurt Sabor Banana Feiraco 125 Gr 4 Und/Paq,General,Lácteos
Yogurt Sabor Banana Latino Layogurt 6 Onz,General,Lácteos
Yogurt Sabor Blueberry Layogurt 6 Onz,General,Lácteos
Yogurt Sabor Cereza Elle & Vire 125 Gr,General,Lácteos
Yogurt Sabor Cherry Activia Dannon 4  Und/Paq 4 Onz,General,Lácteos
Yogurt Sabor Chinola Yoka 6 Onz,General,Lácteos
Yogurt Sabor Chinola Yoplait 6 Onz,General,Lácteos
Yogurt Sabor Ciruela Dannon Activia 4 Und/Paq,General,Lácteos
Yogurt Sabor Ciruela Pasa Yoka 8 Onz,General,Lácteos
Yogurt Sabor Coco Yoka 6 Onz,General,Lácteos
Yogurt Sabor Cookies And Cream Mini Yopli 5 Onz,General,Lácteos
Yogurt Sabor Cranberry Con Chia Descremado K Deliciel 4 Onz,General,Lácteos
Yogurt Sabor Fresa Banana Yoka 8 Onz,General,Lácteos
Yogurt Sabor Fresa Dannon Danimals 6 Und/Paq,General,Lácteos
Yogurt Sabor Fresa Feiraco 125 Gr 4 Und/Paq,General,Lácteos
Yogurt Sabor Fresa Para Niños K Deliciel 4 Onz,General,Lácteos
Yogurt Sabor Fresa Y Guineo Yopli 5 Onz,General,Lácteos
Yogurt Sabor Fresa Yaggo Elle & Vire 125Gr,General,Lácteos
Yogurt Sabor Guayaba Origen Nacional 1 Lt,General,Lácteos
Yogurt Sabor Guayaba Para Niños K Deliciel 4 Onz,General,Lácteos
Yogurt Sabor Guayaba Semi Descremado K Deliciel 4 Onz,General,Lácteos
Yogurt Sabor Macedonia De Frutas Feiraco 125 Gr 4 Und/Paq,General,Lácteos
Yogurt Sabor Mango Feiraco 125 Gr 4 Und/Paq,General,Lácteos
Yogurt Sabor Melocotón 0% Grasa Sin Azúcar Yoka 6 Oz,General,Lácteos
Yogurt Sabor Melocoton Dannon Activia 4 Und/Paq,General,Lácteos
Yogurt Sabor Melocoton Layogurt 6 Onz,General,Lácteos
Yogurt Sabor Morirsoñando Yoka 8 Onz,General,Lácteos
Yogurt Sabor Natural Yoka 6 Onz,General,Lácteos
Yogurt Sabor Pina Colada Yoka 8 Onz,General,Lácteos
Yogurt Sabor Piña Para Niños K Deliciel 4 Onz,General,Lácteos
Yogurt Sabor Vainilla Dannon Activia 4 Und/Paq,General,Lácteos
Yogurt Sabor Vainilla Feiraco 4 Und/Paq,General,Lácteos
Yogurt Sabor Vainilla Layogurt 6Onz,General,Lácteos
Yogurt Sabor Vainilla Para Niños K Deliciel 4 Onz,General,Lácteos
Yogurt Sabor Vainilla Yoka 8 Onz,General,Lácteos
Yogurt Sin Lactosa Frutos Rojos Yoka 8 Onz,General,General
Yogurt Sin Lactosa Sabor Sandia Yoka 8 Onz,General,General
Yogurt Tutti Fruti Yoka 6 Onz,General,General
Yogurt Vegetal Natural Sin Azucar K Deliciel 4 Onz,General,General
Yogurt Vegetal Sabor Mango Y Chinola K Deliciel 200 Ml,General,General
yuca congelada del agro rayada 1.5lb,General,General
Yuca Pelada Congelada Del Agro 1 Lb,General,General
Yuca Pelada Fruconsa Paq. (Aprox. 2 Libras),General,General
yuquitas origen nacional 170gr,General,General
Zanahoria Paq. (Aprox. 4-5 Unidades),General,General
Zanahoria Pequeña Pelada Paq. (Peso Aprox. 1 Libra Por Paquete),General,General
Zanahoria Rebanada Paq. (Peso Aprox. 1 Libra Por Paquete),General,General
Zanahoria; Lb  (Aprox. 1-3 unidades Por Libra),General,General
Zapote; Lb (Peso Aprox. 1 Libras),General,General
Zucchini Italiano Paq. (Aprox. 2 Unidades Por Paquete),General,General
zumo de granadas y uvas pura fruta 750ml,General,General
zumo de naranja pura fruta 25.03 onz,General,General
zumo de pina; kiwi y limon pura fruta 750ml,General,General
aceitunas rellenas de queso manchego serpis 300gr,Lácteos,Lácteos
Barra De Queso Cheddar Velveeta 8 Onz,Lácteos,Lácteos
barra de yogurt griego frutas mixtas sin azucar clio 5oz,Lácteos,Lácteos
barra de yogurt griego vainilla sin azucar clio 5.93oz,Lácteos,Lácteos
Barritas De Queso Mozzarella Sin Lactosa Daiya 6 Und/Paq,Lácteos,Lácteos
Bocaditos De Queso Mozzarella Lupa 300 Gr,Lácteos,Lácteos
Chips Bruschette Sabor Crema Agria y Cebolla Maretti 140 Gr.,Lácteos,Lácteos
Coppa Stagionata Líder 70 Gr.,Lácteos,Lácteos
Crema Agria Breakstone 8 Onz,Lácteos,Lácteos
Crema Agria Food Club 16 Onz,Lácteos,Lácteos
Crema Agria Light Daisy 16 Onz,Lácteos,Lácteos
Crema Agria Regular Daisy 8 Onz,Lácteos,Lácteos
Crema Agria Sin Grasa Breakstone 16 Onz,Lácteos,Lácteos
Crema Agria Sin Lactosa Elmhurts 8 Onz,Lácteos,Lácteos
Crema Agria Yokesso 16 Onz,Lácteos,Lácteos
crema de leche 18% president 1lt,Lácteos,Lácteos
Crema De Leche 35.1% President 20 Cl,Lácteos,Lácteos
Crema De Leche 35% de Grasa Elle y Vire 200 Ml.,Lácteos,Lácteos
Crema De Leche Baja En Grasa Spray Elle & Vire 250 Gr,Lácteos,Lácteos
Crema De Leche Con Coco Piloto 14 Onz,Lácteos,Lácteos
Crema De Leche Deliciel 275 Ml,Lácteos,Lácteos
Crema De Leche Elle Y Vire 1 Lt,Lácteos,Lácteos
crema de leche lider 1lt.,Lácteos,Lácteos
Crema De Leche Líder 200 Gr,Lácteos,Lácteos
Crema De Leche Light President 20 Cl,Lácteos,Lácteos
Crema de Leche Nestle Lata 300g,Lácteos,Lácteos
Crema De Leche Para Batir 40% Grasa Rica 32 Onz,Lácteos,Lácteos
Crema De Leche Para Batir President 0.5 Lt,Lácteos,Lácteos
Crema De Leche Rica 250 Ml,Lácteos,Lácteos
Crema De Leche Rica 330 Ml,Lácteos,Lácteos
Crema De Nata Inglesa Devon 170 Gr,Lácteos,Lácteos
Crema Lácteo Daisy Sour Cream Light Squeeze 14 OZ,Lácteos,Lácteos
Crema Lácteo La Coromoto Nata Criolla 8 OZ,Lácteos,Limpieza
dulce crema de leche piloto 14oz,Lácteos,Lácteos
Dulce Repostería Piloto Crema de Leche 8 OZ,Lácteos,Lácteos
Galletas En Forma De Pingüinos Sabor A Queso Cheddar Crav'N 1 Onz,Lácteos,Lácteos
Huevos Blancos Extra Grandes Del Campo 30 Und/Paq,Lácteos,General
Huevos Blancos Grandes Del Campo 15/1,Lácteos,General
Huevos Blancos Grandes Líder 30 Und/Paq,Lácteos,General
Huevos Blancos Norteño Grandes 15 uds,Lácteos,General
Huevos Blancos Omega 3 Dha Del Campo 6 Und/Paq,Lácteos,General
Huevos Blancos Xl Del Campo 20/1,Lácteos,General
Huevos Marrones 30 Und Norteño,Lácteos,General
Huevos Marrones Camperos Rancho España 24 Und/Paq,Lácteos,General
Huevos Marrones Del Campo 20 Und/Paq,Lácteos,General
Leche Condensada De Coco Nature'S Charm 12.2 Onz,Lácteos,Lácteos
Leche Condensada La Lechera Lata 183g,Lácteos,Lácteos
Leche Condensada La Lechera Lata 403g,Lácteos,Lácteos
Leche Condensada Líder 380 Gr,Lácteos,Lácteos
Leche Condensada Rica 397 Gr,Lácteos,Lácteos
Leche Descremada 0% Grasa Rica 1 Lt,Lácteos,Lácteos
Leche Descremada Dos Pinos 1 Lt,Lácteos,Lácteos
Leche Descremada Líder 1 Lt,Lácteos,Lácteos
Leche Descremada Sabor a Choco Almendras 50% Proteinas Dos pinos 250 Ml,Lácteos,Lácteos
Leche Descremada Sabor a Vanilla 50% Proteinas Dos pinos 250 Ml,Lácteos,Lácteos
Leche Descremada Sin Lactosa 0% Grasa Rica 1 Lt,Lácteos,Lácteos
Leche Descremada Sin Lactosa 50% de Proteína Dos Pinos 1 Lt,Lácteos,Lácteos
Leche Descremada Sin Lactosa Líder 1 L,Lácteos,Lácteos
Leche En Polvo  Plus Babina 900 Gr.,Lácteos,Lácteos
Leche En Polvo  Sin Azúcar Milex Kinder Bueno 2000 Gr.,Lácteos,Lácteos
Leche en Polvo Babina Plus 2000 Gr,Lácteos,Lácteos
Leche En Polvo Clasica Milex 1000 Gr,Lácteos,Lácteos
Leche En Polvo Clasica Milex 125 Gr,Lácteos,Lácteos
Leche En Polvo Clasica Milex 1500 Gr,Lácteos,Lácteos
Leche En Polvo Clasica Milex 360 Gr,Lácteos,Lácteos
Leche En Polvo De Soya Nutra 125 Gr,Lácteos,Lácteos
Leche En Polvo De Soya Nutra 400 Gr,Lácteos,Lácteos
Leche En Polvo Descremada Milex 1600 Gr,Lácteos,Lácteos
Leche En Polvo Descremada Milex 800 Gr,Lácteos,Lácteos
Leche En Polvo Instantanea Milex 2200 Gr,Lácteos,Lácteos
Leche En Polvo Instantanea Milex 800 Gr,Lácteos,Lácteos
Leche En Polvo Instantanea Mini Milex 1400 Gr,Lácteos,Lácteos
Leche En Polvo Líder 1500 Gr,Lácteos,Lácteos
Leche En Polvo Líder 800 Gr,Lácteos,Lácteos
Leche En Polvo Milex Funda 2200 Gr,Lácteos,Lácteos
Leche En Polvo Milex Mini Funda 360 Gr,Lácteos,Lácteos
Leche en Polvo Nido FortiGrow Bolsa 1600 Gr,Lácteos,Lácteos
Leche en Polvo Nido FortiGrow Bolsa 360 Gr,Lácteos,Lácteos
Leche en Polvo Nido FortiGrow Bolsa 800 Gr,Lácteos,Lácteos
Leche En Polvo Sin Lactosa Milex 360 Gr,Lácteos,Lácteos
Leche En Polvo Sin Lactosa Milex 800 Gr,Lácteos,Lácteos
Leche Entera 3.5% Grasa Dos Pinos 200 Ml,Lácteos,Lácteos
Leche Entera Dos Pinos 1 Lt,Lácteos,Lácteos
Leche Entera En Polvo Rica 1000 Gr,Lácteos,Lácteos
Leche Entera En Polvo Rica 1500 Gr,Lácteos,Lácteos
Leche Entera En Polvo Rica 2200 Gr,Lácteos,Lácteos
Leche Entera Líder 1 Lt,Lácteos,Lácteos
Leche Entera Ligera 2% Grasa Asturiana 1 Lt,Lácteos,Lácteos
Leche Entera Listamilk 250 Ml,Lácteos,Lácteos
Leche Evaporada Carnation  307g,Lácteos,Lácteos
Leche Evaporada Carnation 138ml,Lácteos,Lácteos
Leche Evaporada Carnation 312g,Lácteos,Lácteos
Leche Evaporada Carnation 315g,Lácteos,Lácteos
Leche Evaporada Carnation Deslactosada 310g,Lácteos,Lácteos
Leche Evaporada Carnation Queso 135ml,Lácteos,Lácteos
Leche Evaporada Carnation Queso 290ml,Lácteos,Lácteos
Leche Evaporada De Coco Nature'S Charm 12 Oz,Lácteos,Lácteos
Leche Evaporada Líder 1LT.,Lácteos,Lácteos
Leche Evaporada Líder 340 Gr,Lácteos,Lácteos
Leche Evaporada Rica 170 Gr,Lácteos,Lácteos
Leche Evaporada Rica 265 Gr,Lácteos,Lácteos
Leche Evaporada Rica 350 Gr,Lácteos,Lácteos
Leche Evaporada Rica 410 Gr,Lácteos,Lácteos
Leche Semidescremada Líder 1 Lt,Lácteos,Lácteos
Leche Semidescremada Parmalat 1 Lt,Lácteos,Lácteos
Leche Semidescremada President 1 Lt,Lácteos,Lácteos
Leche Semidescremada Sin Lactosa Dos Pinos 1 Lt,Lácteos,Lácteos
Leche Sin Lactosa Desnatada Puleva 1 Lt,Lácteos,Lácteos
Leche Sin Lactosa Entera Puleva 1 Lt,Lácteos,Lácteos
Leche Sin Lactosa Parmalat Zymil 32 Onz,Lácteos,Lácteos
Leche Sin Lactosa Semidescremada Uht Puleva 1 Lt,Lácteos,Lácteos
macarrones con queso cheddar goodles 6oz,Lácteos,Lácteos
Macarrones con Queso Cheddar y Trufa Goodles 6 oz,Lácteos,Lácteos
Mantequilla Con Sal Arias 125 Gr,Lácteos,Lácteos
mantequilla con sal arias 235gr,Lácteos,Lácteos
mantequilla con sal elle & vire 200gr,Lácteos,Lácteos
Mantequilla Con Sal Himalaya Ghee Full Circle 12 Onz,Lácteos,Lácteos
Mantequilla Con Sal La Vaquita 8 Onz,Lácteos,Lácteos
mantequilla con sal lurpak 100gr,Lácteos,Lácteos
Mantequilla Con Sal President 100 Gr,Lácteos,Lácteos
Mantequilla con Sal Rica 15 Onz,Lácteos,Lácteos
Mantequilla Con Sal Untable Lurpak 250 Gr,Lácteos,Lácteos
Mantequilla Sin Sal Arias 235 Gr,Lácteos,Lácteos
Mantequilla Sin Sal Arias 250 Gr,Lácteos,Lácteos
Mantequilla Sin Sal Elle & Vire 200 Gr,Lácteos,Lácteos
Mantequilla Sin Sal En Barra Lurpak 200 Gr,Lácteos,Lácteos
Mantequilla Sin Sal En Barra President 200 Gr,Lácteos,Lácteos
Mantequilla Sin Sal Lurpak 100 Gr,Lácteos,Lácteos
mantequilla sin sal president 100gr,Lácteos,Lácteos
Mantequilla Sin Sal President 250 Gr,Lácteos,Lácteos
Mantequilla Sin Sal President 500 Gr,Lácteos,Lácteos
Margarina Con Mantequilla Dorina 15 Oz,Lácteos,Lácteos
Margarina Dorina 45 Onz,Lácteos,Lácteos
Margarina Flora 45 Onz,Lácteos,Lácteos
Margarina Light Blue Bonnet 15 Onz,Lácteos,Lácteos
Margarina Light I Can'T Believe It'S Not Butter 15 Onz,Lácteos,Lácteos
Margarina Manicera 1/2 Lb,Lácteos,Lácteos
margarina manicera 1/2lb,Lácteos,Lácteos
Margarina Manicera 15 Onz,Lácteos,Lácteos
margarina manicera 5lb,Lácteos,Lácteos
Margarina Mazorca Light 15 Onz,Lácteos,Lácteos
Margarina Original Blue Bonnet 45 Oz,Lácteos,Lácteos
Margarina Parkay Tarro 13 Onz,Lácteos,Lácteos
Margarina Ricamesa 1 Lb,Lácteos,Lácteos
margarina ricamesa 1lb,Lácteos,Lácteos
Margarina Untable Líder 400 Gr,Lácteos,Lácteos
Nata Para Montar Asturiana 200 Ml,Lácteos,Lácteos
Nata Para Montar Asturiana 500 Ml,Lácteos,Lácteos
pan de queso cheddar sin gluten brazi bites 11.5 onz,Lácteos,Lácteos
papitas con crema agria y cebolla kettle 5 onz,Lácteos,Lácteos
Papitas Con Queso Cheddar Ruffles 120 Gr,Lácteos,Lácteos
papitas crema agria cebolla tubo lider 125gr,Lácteos,Lácteos
papitas queso cheddar tubo lider 125gr,Lácteos,Lácteos
Papitas Sabor Crema Agria Y Cebolla Pringles 124 Gr,Lácteos,Lácteos
pasta macarrones con queso parmesano firma italia 175gr,Lácteos,Lácteos
Pastelitos De Queso Gouda Flova 12Und/ Paq,Lácteos,Lácteos
Pastelitos De Queso Gouda Trufa Flova 12 Und/Paq,Lácteos,Lácteos
Pita Chips Sour Cream And Onions Baked In Brooklyn 8 Onz,Lácteos,Lácteos
Pizza De Tocineta Y Queso Cheddar Congelada Ueno,Lácteos,Carnes y Mariscos
Queso Brie En Crema President 125 Gr,Lácteos,Lácteos
Queso Brie Le Chateau; Lb,Lácteos,Lácteos
Queso Brie Plain President 8 Onz,Lácteos,Lácteos
Queso Brie President; Lb,Lácteos,Lácteos
Queso Brie Rosenborg Castello 4.5 Onz,Lácteos,Lácteos
queso brie triple creme president 8 onz,Lácteos,Lácteos
Queso Cheddar Aged Reserve Cracker Barrel 8 Onz,Lácteos,Lácteos
Queso Cheddar Ahumado Rallado FC 6 oz,Lácteos,Lácteos
Queso Cheddar Blanco Madurado Coombe Castle Lb,Lácteos,Lácteos
Queso Cheddar Blanco Rebanado Food Club 8 Onz,Lácteos,Lácteos
queso cheddar chipotle rallado daiya 7.1oz,Lácteos,Lácteos
Queso Cheddar Extra Sharp Rebanado 10 Onz,Lácteos,Lácteos
Queso Cheddar Food Club 10 Onz,Lácteos,Lácteos
Queso Cheddar Full Circle 6 Onz,Lácteos,Lácteos
Queso Cheddar Geo 1 Lb,Lácteos,Lácteos
Queso Cheddar Importado Lb,Lácteos,Lácteos
Queso Cheddar Jack Rallado Food Club 8 Onz,Lácteos,Lácteos
Queso Cheddar Michel Italiano Lb,Lácteos,Lácteos
Queso Cheddar Mild Cornershop Lb (Peso Aprox. 1 Libra),Lácteos,Lácteos
Queso Cheddar Mild En Barra Kraft 8 Onz,Lácteos,Lácteos
Queso Cheddar Mild Strings Food Club 9 Onz,Lácteos,Lácteos
Queso Cheddar Mini Dorset Drum 400 Gr,Lácteos,Lácteos
Queso Cheddar Monte Plata Don César Por Libra,Lácteos,Mascotas
Queso Cheddar Negro DOP Dorset Drum Lb,Lácteos,Lácteos
Queso Cheddar Ny X-Sharp En Barra Food Club 16 Onz,Lácteos,Lácteos
Queso Cheddar Pickwick Coombe Castle Lb,Lácteos,Lácteos
Queso Cheddar Rallado Daiya 8 Onz,Lácteos,Lácteos
Queso Cheddar Rallado Kraft 8 Onz,Lácteos,Lácteos
Queso Cheddar Rebanado Daiya 7.8 Onz,Lácteos,Lácteos
Queso Cheddar Rebanado Para Sandwich President 10 Und/Paq,Lácteos,Lácteos
Queso Cheddar Sin Lactosa Michel; Lb,Lácteos,Lácteos
Queso Cheddar Slices Burger Líder 200 g,Lácteos,Lácteos
Queso Cheddar Sosua Rebanado Paq. (Peso Aprox. 0.75 Libras),Lácteos,Lácteos
Queso Cheddar Sosua; Lb,Lácteos,Lácteos
Queso Cheddar Suave Snack Pack Food Club 7.5 Onz,Lácteos,Lácteos
Queso Cheddar Trufado Coombe Castle Lb,Lácteos,Lácteos
Queso Cheddar Xtra Sharp Cracker Barrel 8 Onz,Lácteos,Lácteos
Queso Cheddar Yokesso; Lb,Lácteos,Lácteos
queso cottage 2% bajo en grasa daisy 16 onz,Lácteos,Lácteos
queso cottage 4% westby 16 onz,Lácteos,Lácteos
queso cottage breakstone 16 onz,Lácteos,Lácteos
queso cottage breakstone 4% grasa 16oz,Lácteos,Lácteos
queso cottage clasico 4% daisy 16 onz,Lácteos,Lácteos
Queso Crema Philadelphia  1/3 Menos Grasa 8 Onz,Lácteos,Lácteos
queso crema philadelphia 8 onz,Lácteos,Lácteos
queso crema philadelphia batido con puerro 8 onz,Lácteos,Lácteos
queso crema philadelphia garden vegetable 8 onz,Lácteos,Lácteos
queso crema philadelphia sabor cebolla y puerro 7.5 onz,Lácteos,Lácteos
queso crema philadelphia sabor salmon ahumado 8 onz,Lácteos,Carnes y Mariscos
queso crema philadelphia whipped original 12 onz,Lácteos,Lácteos
Queso de Hoja Con Albahaca Oleaga 272 Gr,Lácteos,Lácteos
Queso de Hoja Con Pimienta de Cayena Oleaga 272 Gr,Lácteos,Lácteos
Queso De Hoja Don Luis; Lb (Peso Aprox. 1 Libra),Lácteos,Lácteos
Queso De Hoja Fresco; Lb (Peso Aprox. 1 Libra),Lácteos,Lácteos
Queso De Hoja La Zarina Lb,Lácteos,Lácteos
Queso de Hoja Oleaga 16 Oz,Lácteos,Lácteos
Queso de Hoja Oleaga; Paq (Peso Aprox. 1 Lb),Lácteos,Lácteos
Queso de Hoja Origen 1 lb,Lácteos,Lácteos
Queso Gouda Ahumado; Lb,Lácteos,Lácteos
Queso Gouda En Barra; Lb,Lácteos,Lácteos
Queso Gouda Holandes Mild Landana; Lb,Lácteos,Lácteos
Queso Gouda Holandes; Lb,Lácteos,Lácteos
Queso Gouda Michel Lb,Lácteos,Lácteos
Queso Gouda Sharp Cracker Food Club 10 Onz,Lácteos,Lácteos
Queso Gouda Snack Pack Food Club 7.5 oz,Lácteos,Lácteos
Queso Manchego Curado Galeón 200g,Lácteos,Lácteos
Queso Manchego Curado Galeon 250 Gr.,Lácteos,Lácteos
queso manchego curado plata don bernardo; lb,Lácteos,Lácteos
Queso Manchego Don Bernardo 200 Gr,Lácteos,Lácteos
Queso Manchego Oro Viejo Don Bernardo; Lb,Lácteos,Lácteos
Queso Manchego Semi Curado Bronce Don Bernardo; Lb,Lácteos,Lácteos
queso manchego semicurado en crema president 125gr,Lácteos,Lácteos
queso manchego viejo don bernardo origen 250gr,Lácteos,Lácteos
Queso Mozzarella Con Albahaca Nacional 250 Gr.,Lácteos,Lácteos
Queso Mozzarella Congelado Granarolo 125 Gr,Lácteos,Lácteos
Queso Mozzarella Corazon De Leche La Zarina 300 Gr,Lácteos,Lácteos
Queso Mozzarella Cornershop Lb (Peso Aprox. 1 Libra),Lácteos,Lácteos
Queso Mozzarella En Barra Food Club 8 Onz,Lácteos,Lácteos
Queso Mozzarella En Bola Belgioioso 4 Onz,Lácteos,Lácteos
Queso Mozzarella En Perlas Belgioioso 4 Onz,Lácteos,Lácteos
Queso Mozzarella Imitacion Rallado That'S Smart 8 Onz,Lácteos,Lácteos
queso mozzarella nacional 250gr,Lácteos,Lácteos
Queso Mozzarella Premium Corazon De Leche Lupa 300 Gr,Lácteos,Lácteos
Queso Mozzarella Rallado Con Philadelphia Kraft 8 Onz,Lácteos,Lácteos
Queso Mozzarella Rallado Daiya 8 Onz,Lácteos,Lácteos
Queso Mozzarella Rallado Food Club 16 Onz,Lácteos,Lácteos
Queso Mozzarella Rallado Full Circle 6 Onz,Lácteos,Lácteos
Queso Mozzarella Rebanado Belgioioso 8 Onz,Lácteos,Lácteos
Queso Mozzarella Rebanado Food Club 8 Onz,Lácteos,Lácteos
Queso Mozzarella Rebanado President 200 Gr,Lácteos,Lácteos
Queso Mozzarella San Juan Lb,Lácteos,Lácteos
Queso Mozzarella Shredded Low Moisture Kraft 8 Onz,Lácteos,Lácteos
Queso Mozzarella Sin Lactosa Rebanado Follow Your Heart 7 Onz,Lácteos,Lácteos
Queso Mozzarella Slices Sandwich Líder 200 g,Lácteos,Lácteos
Queso Mozzarella Snack Pack Belgioioso 6 Onz,Lácteos,Lácteos
Queso Mozzarella String Food Club 12 Onz,Lácteos,Lácteos
Queso Mozzarella String Kraft 12 Onz,Lácteos,Lácteos
Queso Mozzarella String Nickelodeon Bob Esponja 12 Und/Paq,Lácteos,Limpieza
Queso Mozzarella Tipo Italiano 380 Gr,Lácteos,Lácteos
Queso Mozzarella Trenza De Leche Lupa 300 Gr,Lácteos,Lácteos
Queso Mozzarella; Lb,Lácteos,Lácteos
Queso Mozzarella; Prosciutto y Albahaca Belgioso 8 Onz,Lácteos,Carnes y Mariscos
Queso Parmesano American Grana Belgioioso 8 Onz,Lácteos,Lácteos
Queso Parmesano Belgioioso; Lb,Lácteos,Lácteos
Queso Parmesano Cuña Líder 8 Oz,Lácteos,Lácteos
Queso Parmesano En Lascas Belgioioso 5 Onz,Lácteos,Lácteos
Queso Parmesano Food Club 5 Onz,Lácteos,Lácteos
Queso Parmesano Lonjeado Parmareggio 150 Gr,Lácteos,Lácteos
Queso Parmesano Parmareggi Parmareggio 140 Gr 8 Und/Paq,Lácteos,Lácteos
Queso Parmesano Rallado Belgioioso 5 Onz,Lácteos,Lácteos
Queso Parmesano Rallado Follow Your Heart 4 Onz,Lácteos,Lácteos
Queso Parmesano Rallado Kraft 16 Onz,Lácteos,Lácteos
Queso Parmesano Rallado Parmareggio 160 Gr,Lácteos,Lácteos
Queso Parmesano Reggiano Auricchio 200 Gr,Lácteos,Lácteos
Queso Parmesano Reggiano Dop Auricchio Lb,Lácteos,Lácteos
Queso Parmesano Reggiano Vacche Brune Parmareggio 200 Gr.,Lácteos,Lácteos
Queso Parmesano Reserva Cello Food Club Lb,Lácteos,Lácteos
Queso Parmesano Rosse 24 Meses Parmareggio 250 Gr,Lácteos,Lácteos
Queso Parmesano Sin Lactosa Follow Your Heart 5 Onz,Lácteos,Lácteos
Queso Parmesano Snack Pack Belgioioso 8 Onz,Lácteos,Lácteos
Queso Parmesano Snack Parmereggio 100 Gr.,Lácteos,Lácteos
Queso Parmesano Stick Parmareggio 125 Gr,Lácteos,Lácteos
Queso Parmesano That'S Smart 8 Onz,Lácteos,Lácteos
Queso Parmesano; Romano Y Asiago Rallado Food Club 5 Onz,Lácteos,Lácteos
Queso Procesado President 140 Gr,Lácteos,Lácteos
queso ricotta la zarina 300gr,Lácteos,Lácteos
queso ricotta lupa 300gr,Lácteos,Lácteos
queso ricotta salata ovina auricchio; lb,Lácteos,Lácteos
queso ricotta semi descremado food club 15 onz,Lácteos,Lácteos
queso ricotta sosua 16 onz,Lácteos,Lácteos
queso ricotta whole milk sorrento (peso aprox. 0.5libras),Lácteos,Lácteos
Queso Tipo Holandes Don Cesar; Lb,Lácteos,Mascotas
Queso Tipo Holandes Don Luis Lb,Lácteos,General
Queso Tipo Holandés Rottis  Und,Lácteos,General
Queso Tofu De Soya Roland 19 Onz,Lácteos,General
sazonador de palominas sabor queso cheddar food club 5 onz,Lácteos,Lácteos
Snack Pack De Queso Cheddar; Arandanos Y Cajuiles Food Club 4.5 Onz,Lácteos,Frutas y Vegetales
Sopa Queso Cheddar Campbell'S 10.50 Onz,Lácteos,Lácteos
Tofu Firme Con Dha Y Omega 3 House Foods 14 Onz,Lácteos,General
Tofu Firme House Foods 14 Onz,Lácteos,General
Tofu Medium Firm House Foods 14 Onz,Lácteos,General
Tofu Organico Extra Firme House Foods 12 Onz,Lácteos,General
Tofu Steak Cubed House Foods 8 Onz,Lácteos,General
Tofu Super Firme Grilled House Foods 10 Onz,Lácteos,General
tortillas de maiz chips sabor sour cream y cebolla food club 3 onz.,Lácteos,Lácteos
vela lumar fresa y nata yog 100g,Lácteos,Lácteos
Yogurt Bebible 0% Grasa Sabor Mango Yoka 8 Onz,Lácteos,Lácteos
Yogurt Bebible 0% Grasa Y 0% Azucar Natural Yoka Slender 8 Onz,Lácteos,Lácteos
Yogurt Bebible 0% Grasa Y 0% Azucar Sabor Melocoton Yoka Slender 8 Onz,Lácteos,Lácteos
Yogurt Bebible Con Cranberry Y Chia K Deliciel 200 Ml,Lácteos,Lácteos
Yogurt Bebible Con Fresa Yoplait 8.45 Oz,Lácteos,Lácteos
Yogurt Bebible Con Fresa Yopli 5 Onz,Lácteos,Lácteos
Yogurt Bebible De Fresa Rica 250 Gr,Lácteos,Lácteos
Yogurt Bebible De Vainilla Rica 250 Gr,Lácteos,Lácteos
Yogurt Bebible Fresa Activia Dannon 7 Onz,Lácteos,Lácteos
Yogurt Bebible Natural Líder 8 Onz,Lácteos,Lácteos
Yogurt Bebible Natural Rica 250 Gr,Lácteos,Lácteos
Yogurt Bebible Natural Sin Azucar K Deliciel 200 M,Lácteos,Lácteos
Yogurt Bebible Natural Sin Azúcar Yopsi 64 Onz,Lácteos,Lácteos
Yogurt Bebible Natural Yoka 1 Gl,Lácteos,Lácteos
Yogurt Bebible Natural Yoplait 8.45 Onz,Lácteos,Lácteos
Yogurt Bebible Sabor A Fresa Y Guineo Yoka 32 Onz,Lácteos,Lácteos
Yogurt Bebible Sabor A Manzana Yopli 5 Oz,Lácteos,Lácteos
Yogurt Bebible Sabor A Uva Yopli 5 Oz,Lácteos,Lácteos
Yogurt Bebible Sabor Cereza Yoki 5 Onz,Lácteos,Lácteos
Yogurt Bebible Sabor Chicle Yoki 5 Onz,Lácteos,Lácteos
Yogurt Bebible Sabor Ciruela Líder 32 Onz,Lácteos,Lácteos
Yogurt Bebible Sabor Fresa K Deliciel 200 Ml,Lácteos,Lácteos
Yogurt Bebible Sabor Fresa Líder 8 Onz,Lácteos,Lácteos
Yogurt Bebible Sabor Fresa Sin Azucar Yoka 8 Onz,Lácteos,Lácteos
Yogurt Bebible Sabor Fresa Yoki 5 Onz,Lácteos,Lácteos
Yogurt Bebible Sabor Frutas Tropicales Yoplait 8.45 Onz,Lácteos,Lácteos
Yogurt Bebible Sabor Frutos Rojos Yoka 32 Onz,Lácteos,Lácteos
Yogurt Bebible Sabor Manzana Yoki 5 Onz,Lácteos,Lácteos
Yogurt Bebible Sabor Melocotón Yoki 5 Onz,Lácteos,Lácteos
Yogurt Bebible Sabor Naranja Y Zanahoria Yopli 5 Onz,Lácteos,Lácteos
Yogurt Bebible Sabor Natural Yoki 5 Onz,Lácteos,Lácteos
Yogurt Bebible Sabor Piña K Deliciel 200 Ml,Lácteos,Lácteos
Yogurt Bebible Sabor Uva Yoki 5 Onz,Lácteos,Lácteos
Yogurt Bebible Sabor Vainilla K Deliciel 200 Ml,Lácteos,Lácteos
Yogurt Bebible Sin Lactosa Sabor Fresa Yopli 5 Onz,Lácteos,Lácteos
Yogurt Griego Bebible 0% Grasa Natural Yoplait 220 Ml,Lácteos,Lácteos
Yogurt Griego Bebible Completo Mixed Berry Vanilla Chobani 10 Oz,Lácteos,Lácteos
Yogurt Griego Bebible Natural Yoka 8 Onz,Lácteos,Lácteos
Yogurt Griego Bebible Sabor Coco Yoka 8 Onz,Lácteos,Lácteos
Yogurt Griego Bebible Sabor Fresa Guineo 0% Grasa Yoplait 220 Ml,Lácteos,Lácteos
yogurt griego bebible sabor fresa limon 0% grasa yoka 220ml,Lácteos,Lácteos
Yogurt Griego Bebible Sabor Piña Y Miel Yoka 8 Onz,Lácteos,Lácteos
Yogurt Griego Con Leche Entera Chobani 32 Onz,Lácteos,Lácteos
Yogurt Griego Flip Sabor Cheesecake De Fresa Chobani 5.3 Oz,Lácteos,Lácteos
yogurt griego flip sabor pie de limon chobani 5.3oz,Lácteos,Lácteos
Yogurt Griego Frutas Mixtas Chobani 5.3 Onz,Lácteos,Lácteos
Yogurt Griego Natural Chobani 32 Onz,Lácteos,Lácteos
yogurt griego natural elle & vire 125gr,Lácteos,Lácteos
Yogurt Griego Natural Odyssey 5.3 Onz,Lácteos,Lácteos
Yogurt Griego Natural Yoplait 150 Gr,Lácteos,Lácteos
Yogurt Griego Origen Sin Azúcar 28 Onz.,Lácteos,Lácteos
Yogurt Griego Sabor Coco y Vainilla Sin Azúcar Chobani 5.3 Onz,Lácteos,Lácteos
Yogurt Griego Sabor Fresa Y Limon Elle & Vire 125 Gr,Lácteos,Lácteos
Yogurt Griego Sabor Fresa Yoplait 150 Gr,Lácteos,Lácteos
Yogurt Griego Sabor Kiwi Chia Y Manzana Yoplait 150 Gr,Lácteos,Lácteos
yogurt griego sabor manzana y canela yoplait 150gr,Lácteos,Lácteos
yogurt griego sabor miel elle & vire 125gr,Lácteos,Lácteos
Yogurt Griego Sabor Mora Y Cereales Yoplait 150 Gr,Lácteos,Lácteos
Yogurt Griego Sabor Piña Y Manzana Yoplait 150 Gr,Lácteos,Lácteos
Yogurt Griego Sabor Vainilla  Oikos 5.3 Onz,Lácteos,Lácteos
Yogurt Griego Sabor Vainilla Chobani 32 Onz,Lácteos,Lácteos
Yogurt Griego Sabor Vainilla Elle & Vire 125 Gr,Lácteos,Lácteos
Yogurt Griego Sabor Vainilla Odyssey 5.3 Onz,Lácteos,Lácteos
Yogurt Griego Sabor Vainilla Y Coco Yoplait 150 Gr,Lácteos,Lácteos
Yogurt Griego Sin Azúcar Frutas Mixtas Chobani 5.3 Oz,Lácteos,Lácteos
Yogurt Griego Sin Azúcar Sabor Blueberry Chobani 5.3 Oz.,Lácteos,Lácteos
Yogurt Griego Sin Azúcar Sabor Cheesecake De Fresa Chobani 5.3 Oz,Lácteos,Lácteos
Yogurt Griego Sin Azúcar Sabor Galleta Con Leche Chobani 5.3 Oz,Lácteos,Lácteos
yogurt griego sin azucar sabor vainilla chobani 5.3oz,Lácteos,Lácteos
Yogurt Natural Bebible Sabor Guayaba K Deliciel 200 Ml,Lácteos,Lácteos
Yogurt Natural Con Stevia 0% Pastoret 125 Gr,Lácteos,Lácteos
Yogurt Natural Descremado 0% Pastoret 125 Gr,Lácteos,Lácteos
Yogurt Natural Elle & Vire 125 Gr,Lácteos,Lácteos
Yogurt Natural Feiraco 125 Gr 4 Und/Paq,Lácteos,Lácteos
Yogurt Natural Semi Descremado K Deliciel 4 Onz,Lácteos,Lácteos
Yogurt Natural Sin Azucar Elle & Vire 125Gr,Lácteos,Lácteos
Yogurt Natural Sin Azucar Y Sin Grasa Yoka 24 Onz,Lácteos,Lácteos
Yogurt Natural Yoplait 6 Oz,Lácteos,Lácteos
Ambientador Aceite Fragancia Lavanda Y Manzanilla Air Wick 0.67 Onz,Limpieza,Despensa
ambientador air hawaiian aloha febreze 8.8 onz.,Limpieza,General
Ambientador Con Adhesivo Aroma Crisp Breeze Air Wick 2 Und/Paq,Limpieza,General
Ambientador Electrico Con Aceite Fragancia Summer Delights Air Wick 2 Und/Paq,Limpieza,General
Ambientador Eléctrico Linen & Sky Febreze 1 unidad,Limpieza,General
Ambientador En Aerosol Fragancia Ocean Febreze Air 8.8 Onz,Limpieza,General
Ambientador En Aerosol Lavanda De Febreze 9.7 Onz,Limpieza,General
Ambientador En Aerosol Lino De Febreze 9.7 Onz,Limpieza,General
ambientador febreze air sea salt caramel & maple 8.8oz,Limpieza,General
ambientador hogar air wick warmer advanced 1 ct,Limpieza,General
ambientador hogar febreze air downy calm 8.8oz,Limpieza,Limpieza
ambientador hogar febreze air heavy duty 8.8oz,Limpieza,General
ambientador small spaces linen & sky febreze 7.5ml,Limpieza,General
ambientador spray air wick aquamarina 10.14oz,Limpieza,General
ambientador spray air wick flor de menta 10.14oz,Limpieza,General
ambientador spray febreze gain original 8.8oz,Limpieza,Limpieza
blanqueador intensivo super blanco sin cloro dr beckmann 6 und/paq 40gr,Limpieza,Limpieza
cloro blancox 1000ml,Limpieza,Limpieza
cloro blancox 1900ml,Limpieza,Limpieza
cloro blancox 1gl,Limpieza,Limpieza
cloro blanqueador en gel cloralex 950ml,Limpieza,Limpieza
cloro casa lider 0.5gl,Limpieza,Limpieza
cloro casa lider 1.5gl,Limpieza,Limpieza
cloro casa lider 1gl,Limpieza,Limpieza
cloro casa lider 2.75gl,Limpieza,Limpieza
cloro en pastilla aqua klean 200gr,Limpieza,Limpieza
cloro estabilizado 60% aqua klean 3lb,Limpieza,Limpieza
cloro estabilizado 60% aqua klean 7lb,Limpieza,Limpieza
cloro estabilizado aqua klean 40 pastillas,Limpieza,Limpieza
cloro estabilizado tcca 90 aqua klean 4lb,Limpieza,Limpieza
cloro estabilizado tcca 90 aqua klean 8lb,Limpieza,Limpieza
cloro fragancia lavanda casa lider 0.5gl,Limpieza,Limpieza
cloro fragancia lavanda casa lider 1gl,Limpieza,Limpieza
cloro fragancia limon blancox 1000ml,Limpieza,Limpieza
cloro fragancia limon blancox 1gl,Limpieza,Limpieza
cloro fragancia limon blancox 2000ml,Limpieza,Limpieza
cloro frangancia limon casa lider 0.5gl.,Limpieza,Limpieza
cloro frangancia limon casa lider 1gl.,Limpieza,Limpieza
cloro granulado lider 325gr,Limpieza,Limpieza
Cloro Macier 1 Galón,Limpieza,Limpieza
cloro macier 1gl,Limpieza,Limpieza
cloro macier 32 onz,Limpieza,Limpieza
cloro regular macier 0.5gl,Limpieza,Limpieza
cloro regular macier 1.5gl,Limpieza,Limpieza
cloro ultra cielo azul 1gl,Limpieza,Limpieza
cloro ultra cielo azul 32 onz,Limpieza,Limpieza
desengrasante cocina limon mr. musculo 650ml,Limpieza,Limpieza
desengrasante cocina naranja mr. musculo 650ml,Limpieza,Limpieza
Desinfectante Alternativa Al Cloro Fabuloso 1 Gl,Limpieza,Limpieza
Desinfectante Antibacterial Frescura Activa Aroma Bebé Fabuloso 2 Lt,Limpieza,Limpieza
Desinfectante Aroma Campos De Flores Mistolín 1 Gl,Limpieza,Limpieza
Desinfectante Aroma Lavanda Fabuloso 2 Lt,Limpieza,Limpieza
Desinfectante Aroma Pasion De Frutas Fabuloso 2 Lt,Limpieza,Limpieza
Desinfectante En Aerosol Fragancia Crisp Linen  Lysol 12.5 Onz,Limpieza,Limpieza
Desinfectante En Spray Fragancia Early Morning Lysol,Limpieza,Limpieza
desinfectante fragancia bebe fabuloso 1gl,Limpieza,Limpieza
Desinfectante Fragancia Brisa De Mar Mistolin 1 Gl,Limpieza,Limpieza
desinfectante fragancia lavanda fabuloso 1gl,Limpieza,Limpieza
Desinfectante Multiusos Antibacterial Fragancia Fresca Casa Líder 25 Onz,Limpieza,Limpieza
Desinfectante Para Inodoros Con Cloro Lysol 24 Onz,Limpieza,Limpieza
detergente en polvo antibacterial brillante 900gr.,Limpieza,Limpieza
detergente en polvo antibacterial omo 1800gr,Limpieza,Limpieza
detergente en polvo antibacterial omo 900gr,Limpieza,Limpieza
detergente en polvo blanco oxy renovador simply done 3lb,Limpieza,Limpieza
detergente en polvo con bicarbonato lider 1kg,Limpieza,Limpieza
detergente en polvo con blanqueador brillante 900gr.,Limpieza,Limpieza
detergente en polvo con suavizante aroma petalos de violeta omo 1800gr,Limpieza,Limpieza
detergente en polvo con suavizante brillante 900gr.,Limpieza,Limpieza
detergente en polvo con suavizante fab 1700gr,Limpieza,Limpieza
detergente en polvo con suavizante fab 850gr,Limpieza,Limpieza
detergente en polvo con suavizante fragancia brisa de primavera omo 1.8kg,Limpieza,Limpieza
detergente en polvo con suavizante fragancia petalos de violeta omo 900gr,Limpieza,Limpieza
detergente en polvo fab total 1800gr,Limpieza,Limpieza
detergente en polvo fab total 900gr,Limpieza,Limpieza
detergente en polvo fragancia bebe fab 850gr,Limpieza,Limpieza
detergente en polvo higiene + anti olor fab 1700gr,Limpieza,Limpieza
detergente en polvo multiactivo omo 900gr,Limpieza,Limpieza
detergente en polvo multiusos casa lider 2lb,Limpieza,Limpieza
detergente en polvo multiusos casa lider 5lb,Limpieza,Limpieza
detergente en polvo omo multiactivo 1800gr,Limpieza,Limpieza
detergente en polvo proteccion color lider 1800g,Limpieza,Limpieza
detergente en polvo regular brillante 1000gr.,Limpieza,Limpieza
detergente en polvo regular brillante 2000gr.,Limpieza,Limpieza
detergente en polvo regular brillante 200gr. + 2 und/paq 360gr.,Limpieza,Limpieza
detergente en polvo sport 900g brillante,Limpieza,Limpieza
detergente limpieza finish gelpacs naranja 32 ud,Limpieza,Limpieza
detergente liquido arm & hammer con oxi doypack 550ml,Limpieza,Limpieza
detergente liquido arm & hammer con oxiclean 1.8l,Limpieza,Limpieza
detergente liquido aroma fresco simply done 100 onz,Limpieza,Limpieza
detergente liquido aroma verde simply done 50 onz,Limpieza,Limpieza
detergente liquido bebe mas 1.83lt.,Limpieza,Limpieza
detergente liquido color ariel 800ml,Limpieza,Limpieza
detergente liquido con febreze sport tide 2.48lt.,Limpieza,Limpieza
detergente liquido con suavizante mas color 2lt,Limpieza,Limpieza
detergente liquido doble poder ariel 1800ml,Limpieza,Limpieza
detergente liquido free & clear simply done 100 onz,Limpieza,Limpieza
detergente liquido gel macier advance 1.5lt,Limpieza,Limpieza
detergente liquido gel macier advance 3lt,Limpieza,Limpieza
detergente liquido hipoalergico lider 6/100 onz,Limpieza,Limpieza
detergente liquido lider con suavizante 100oz,Limpieza,Limpieza
detergente liquido lider con suavizante 50oz,Limpieza,Limpieza
detergente liquido mas color 4.65lt.,Limpieza,Limpieza
detergente liquido omo multi activo 2lt,Limpieza,Limpieza
detergente liquido original simply done 100 onz,Limpieza,Limpieza
detergente liquido original tide 2.48lt,Limpieza,Limpieza
detergente liquido para ropa de bebe fragancia lavanda babyganics 60 onz,Limpieza,Limpieza
detergente liquido para ropa de bebe simply done 50 onz,Limpieza,Limpieza
detergente liquido para ropa de color ariel 1800ml,Limpieza,Limpieza
detergente liquido para ropa oscura 1.9l brillante,Limpieza,Limpieza
detergente liquido para ropas bebes arm & hammer 1.6lt,Limpieza,Limpieza
detergente liquido regular 1.9l brillante,Limpieza,Limpieza
detergente liquido regular lider 2.25gl,Limpieza,Limpieza
detergente liquido regular lider 30oz,Limpieza,Limpieza
detergente liquido ropa oscura mas color 4.65lt.,Limpieza,Limpieza
Detergente OMO 1 Kg,Limpieza,Limpieza
detergente para ropa de bebe mamilas 1.9lt,Limpieza,Limpieza
detergente para ropa de color del bebe mamilas 3lt,Limpieza,Limpieza
detergente para ropa de recien nacido dreft 46 onz,Limpieza,Limpieza
detergente para ropa de recien nacido mamilas 1.5lt,Limpieza,Limpieza
detergente para ropa de recien nacido mamilas 3lt,Limpieza,Limpieza
Detergente Sólido Casa Líder Pack 4/1 840 g,Limpieza,Limpieza
detergente tide pods free & clear simply done 20 und/paq,Limpieza,Limpieza
detergente tide pods original simply done 20 und/paq,Limpieza,Limpieza
escoba brava,Limpieza,Limpieza
Escoba Con Palo Novica,Limpieza,Limpieza
escoba lider,Limpieza,Limpieza
escoba mediana lider 1 und,Limpieza,Limpieza
escoba princesa fantasy,Limpieza,Limpieza
escoba super mediana lider,Limpieza,Limpieza
fundas de basura para tanque 55gls lider 5 und/paq,Limpieza,Limpieza
gel limpiador multiusos 2en1 casa lider 1.5l,Limpieza,Limpieza
insecticida para insectos verde baygon 400ml,Limpieza,Limpieza
Jabón Desinfectante Para Baño Lysol 32 Onz,Limpieza,Limpieza
jabon magico quitamanchas dr. beckmann 100gr,Limpieza,Limpieza
lapiz magico quitamanchas dr beckmann 9ml,Limpieza,Limpieza
limpiador de cristales rain windex 23 onz,Limpieza,Limpieza
Limpiador En Polvo Ajax 21 Onz,Limpieza,Limpieza
Limpiador Liquido Para Eliminar El Moho De Baño Lysol 32 Onz,Limpieza,Limpieza
limpiador liquido y antibacterial para cocina lysol 22 onz,Limpieza,Limpieza
limpiador multiusos crema regular cif 750gr,Limpieza,Limpieza
Limpiador Para Baño Con Cloro Scrubbing Bubles 32 Onz,Limpieza,Limpieza
Limpiador Para Inodoros Con Hidrogeno Y Peroxido Lysol 24 Onz,Limpieza,Limpieza
Liquido Desinfectante Power Para Inodoros Lysol 24 Onz,Limpieza,Limpieza
liquido quitamanchas en roll on prendas delicadas dr beckmann 75ml,Limpieza,Limpieza
liquido quitamanchas prelavado dr beckmann 250gr,Limpieza,Limpieza
papel toalla 98 hojas bounty 2 und/paq,Limpieza,Limpieza
papel toalla blanco bounty 1 und/paq,Limpieza,Limpieza
papel toalla blanco grande simply done,Limpieza,Limpieza
papel toalla decorado bounty 2 und/paq,Limpieza,Limpieza
papel toalla grande simply done 6 und/paq,Limpieza,Limpieza
papel toalla reusable 105 hojas casa lider,Limpieza,Limpieza
papel toalla triple hoja practi plus familia,Limpieza,Limpieza
Pastilla Para Inodoro Fragancia Mango Hibiscus Lysol 2 Und/Paq,Limpieza,Limpieza
Pastillas Para Inodoro Atlantic Fresh Lysol 2 Und/Paq,Limpieza,Limpieza
Pastillas Para Inodoro Cotton Lilac Lysol 2 Und/Paq,Limpieza,Limpieza
quemador de aceite aromatico air wick 1 und/paq,Limpieza,General
quitamanchas lavado oxiclean revive blanco 50oz,Limpieza,Limpieza
quitamanchas lavado vanish gel multiuso 420ml,Limpieza,Limpieza
quitamanchas liquido el mago #5 dr beckmann 50ml,Limpieza,Limpieza
quitamanchas prelavado 500ml hg,Limpieza,Limpieza
repuesto ambientador air wick aceites honey raspberry 1.34oz,Limpieza,General
repuesto ambientador air wick plug winter woods 2 ct,Limpieza,General
repuesto ambientador febreze plug linen & sky 2 ct,Limpieza,General
Repuesto Mapo Escoba De Microfibra Cisne,Limpieza,Limpieza
servilletas de papel lunch bordeaux paper design 20 und/paq,Limpieza,Limpieza
suavizante aroma anochecer suavitel complete 850ml,Limpieza,Limpieza
suavizante aroma flor primavera suavitel 1.9lt,Limpieza,Limpieza
suavizante aroma flor primavera suavitel 850ml,Limpieza,Limpieza
suavizante aroma fresca primavera suavitel complete 850ml,Limpieza,Limpieza
suavizante aroma lilas suavitel 700ml,Limpieza,Limpieza
suavizante aroma manzana y frutos rojos suavitel 850ml,Limpieza,Limpieza
suavizante aroma primaveral de suavitel 1.9lt,Limpieza,Limpieza
suavizante aroma primaveral de suavitel 850ml,Limpieza,Limpieza
suavizante aroma vainilla suavitel cuidado superior 850ml,Limpieza,Limpieza
suavizante bebe suavitel 1.9lt,Limpieza,Limpieza
suavizante cuidado superior fragancia fresca primavera suavitel 2.8l,Limpieza,Limpieza
suavizante cuidado superior suavitel 1.9lt,Limpieza,Limpieza
suavizante de ropa complete primavera suavitel 800ml,Limpieza,Limpieza
suavizante fragancia fresca complete suavitel 2.8lt,Limpieza,Limpieza
suavizante fragancia vainilla suavitel 3lt,Limpieza,Limpieza
suavizante fresa primavera suavitel 2 und/paq 850ml.,Limpieza,Limpieza
suavizante manzana y frutos rojos suavitel 1.9lt.,Limpieza,Limpieza
suavizante para ropa de bebe suavitel cuidado superior 850ml,Limpieza,Limpieza
suavizantes fresca primavera suavitel 4.8lt.,Limpieza,Limpieza
Wipes Desinfectantes Doble Accion Lysol 75 Und/Paq,Limpieza,Limpieza
Wipes Desinfectantes Fragancia Citrica Lysol 80 Und/Paq,Limpieza,Limpieza
Alimento Gato Friskies Indoor Delicias 3.15 LB,Mascotas,Mascotas
alimento gato mirringo +pro adultos cuidado especial 1kg,Mascotas,General
alimento humedo de pollo para gatos whiskas 3 onz,Mascotas,Mascotas
Alimento Húmedo para Cachorro Purina Dog Chow® con Carne 100g,Mascotas,Mascotas
alimento humedo para gato fancy feast® chunky pollo 3oz,Mascotas,Mascotas
alimento humedo para gato fancy feast® flaked trucha 3oz,Mascotas,Mascotas
alimento humedo para gato fancy feast® sliced pavo 3oz,Mascotas,Mascotas
alimento humedo para gato felix® con atun 85g,Mascotas,General
alimento humedo para gato felix® con pavo 85g,Mascotas,General
alimento humedo para gato felix® con salmon 85g,Mascotas,Carnes y Mariscos
alimento humedo para gato felix® con sardina 85g,Mascotas,General
alimento humedo para gato friskies® classic pate mixed grill 5.5oz,Mascotas,Mascotas
alimento humedo para gato friskies® classic pate salmon 5.5oz,Mascotas,Mascotas
alimento humedo para gato friskies® prime filets pollo 5.5oz,Mascotas,Mascotas
Alimento Húmedo para Gato Sabor Cordero Felix 85 g,Mascotas,General
alimento humedo para gatos pavo y pollo pure harmony 3 onz,Mascotas,Carnes y Mariscos
alimento humedo para gatos res y vegetales pure harmony 3 onz,Mascotas,General
alimento humedo para gatos sabor tuna pouch whiskas 3 onz,Mascotas,Mascotas
Alimento Húmedo para Perro Adulto Purina Dog Chow® con Carne 100g,Mascotas,Mascotas
Alimento Húmedo para Perro Purina One® Classic Ground Cordero 13oz,Mascotas,Mascotas
Alimento Húmedo para Perro Purina One® Tender Cuts in Gravy Carne 13oz,Mascotas,Mascotas
Alimento Humedo Para Perros Cachorros Pollo Pedigree 100 Gr,Mascotas,Mascotas
alimento humedo para perros cachorros res pedigree 100gr,Mascotas,Mascotas
alimento humedo para perros carne;pavo y batata pure harmony 13.2 onz,Mascotas,Frutas y Vegetales
alimento humedo para perros pollo pedigree 100gr,Mascotas,Mascotas
alimento humedo para perros pollo y arroz paws 13.2 onz.,Mascotas,Carnes y Mariscos
alimento humedo para perros pollo y vegetales pure harmony 13.2 onz,Mascotas,Carnes y Mariscos
Alimento Humedo Para Perros Res Pedigree 100 Gr,Mascotas,Mascotas
alimento humedo para perros sabor pavo y salmon pure harmony 5.5 onz,Mascotas,Carnes y Mariscos
alimento humedo para perros sabor pollo y batata pure harmony 3.5 onz,Mascotas,Frutas y Vegetales
alimento humedo para perros sabor pollo y vegetales hill´s 13 onz,Mascotas,General
alimento mascota dog chow cachorros minis 2.2lb,Mascotas,Mascotas
alimento para gato adulto sabor salmon master cat 2.2lb,Mascotas,Mascotas
alimento para gatos cena de pollo paws 5.5 onz,Mascotas,Mascotas
alimento para gatos cena de tuna paws 5.5 onz,Mascotas,Mascotas
alimento para gatos de pollo y tuna paws 5.5 onz,Mascotas,Mascotas
alimento para gatos en salsa atun whiskas 85gr,Mascotas,Mascotas
alimento para gatos en salsa res whiskas 85gr,Mascotas,Mascotas
alimento para gatos pavo y verdura pure harmony 3 onz,Mascotas,Mascotas
alimento para gatos pesca del marinero paws 5.5 onz,Mascotas,Mascotas
alimento para gatos pollo y pescado pure harmony 5.50 onz,Mascotas,Mascotas
alimento para gatos pollo y verduras pure harmony 3 onz,Mascotas,Mascotas
alimento para gatos receta original whiskas 3.3lb,Mascotas,Mascotas
alimento para gatos seafood friskies 16lb,Mascotas,Mascotas
alimento para gatos super supreme paws 5.5 onz,Mascotas,Mascotas
alimento para gatos whiskas receta de pescado 3.3lb,Mascotas,Mascotas
alimento para perro adulto con pollo y cerdo canovi 5lb,Mascotas,Mascotas
alimento para perro adulto lider 4lb,Mascotas,Mascotas
alimento para perro adulto lider 8lb,Mascotas,Mascotas
alimento para perro cachorro lider 4lb,Mascotas,Mascotas
alimento para perro de pavo y tocineta paws 13.2 onz,Mascotas,Mascotas
alimento para perros cordero pure harmony 13.2 onz,Mascotas,Mascotas
alimento perro pedigree high protein pollo cerdo 85gr,Mascotas,Mascotas
alimento perro pedigree pouch adulto cordero 100gr,Mascotas,Mascotas
Alimento Perro Ringo +Pro Adultos Rendimiento Superior 4 kg,Mascotas,General
Alimento Perro Ringo +Pro Cachorros Alta Proteína 2 kg,Mascotas,Mascotas
alimento perro ringo original cachorro 1kg,Mascotas,Mascotas
alimento perro ringo original cachorro 2kg,Mascotas,Mascotas
alimento seco para cachorro minis y pequenos purina dog chow® 2kg,Mascotas,Mascotas
alimento seco para cachorros patas pequenas hill´s 4.5lb,Mascotas,Mascotas
alimento seco para cachorros pedigree 4.4lb,Mascotas,Mascotas
alimento seco para cachorros pedigree 8.8lb,Mascotas,Mascotas
alimento seco para cachorros rufo pro 4.4lb,Mascotas,Mascotas
alimento seco para gatito purina one® 1.5kg,Mascotas,Mascotas
alimento seco para gato friskies® seafood sensations 3.15lb,Mascotas,Mascotas
alimento seco para gato friskies® surfin & turfin 3.15lb,Mascotas,Mascotas
alimento seco para gato friskies® tender & crunchy 3.15lb,Mascotas,Mascotas
alimento seco para gato purina one® con pollo 1.5kg,Mascotas,Mascotas
alimento seco para gatos higado y pollo alicat 3lb,Mascotas,Carnes y Mariscos
alimento seco para gatos lider 3lb,Mascotas,General
alimento seco para perro adulto medianos y grandes purina dog chow® 4kg,Mascotas,Mascotas
Alimento Seco para Perro Adulto Minis y Pequeños Purina Dog Chow® 500g,Mascotas,Mascotas
Alimento Seco para Perro Adulto Purina One® Cordero y Arroz 3.6kg,Mascotas,Mascotas
Alimento Seco para Perro Adulto Purina One® Pollo y Arroz 1.8kg,Mascotas,Mascotas
Alimento Seco Para Perros Adultos Pedigree  8.8  Lb,Mascotas,Mascotas
alimento seco para perros adultos rufo pro 4.4lb,Mascotas,General
alimento seco para perros longevidad activa hill´s 2lb,Mascotas,General
alimento seco para perros razas pequenas pollo y cerdo canovi 5lb,Mascotas,Carnes y Mariscos
alimento seco para perros sabor pollo hill's 2kg,Mascotas,General
Almohadilla De Entrenamiento Para Cachorros Paws Premium 50 Und/Paq,Mascotas,Mascotas
almohadillas de entrenamiento para perros pet boy small 30 und/paq,Mascotas,General
Arena Gato Neo Clean Aglomerante Lavanda 4.15 KG,Mascotas,General
Arena Para Gato Limon Neo Clean 4.15 Kg,Mascotas,Mascotas
Arena para Gato Tidy Cats® 24/7 Conventional 10lb,Mascotas,Mascotas
Arena para Gato Tidy Cats® Scoop Instant Action 14lb,Mascotas,Mascotas
Arena Para Gatos  Fragancia Manzana Tiger Pet 4 Kg,Mascotas,Mascotas
Arena Para Gatos Coffee Tiger Pet 4 Kg,Mascotas,Mascotas
Cepillo Para Perros Paws Premium,Mascotas,General
collar antipulgas para perros hartz 26,Mascotas,Mascotas
Collar Azul Grande Para Perro Paws Premium,Mascotas,General
Collar Negro Grande Para Perro Paws Premium,Mascotas,General
Collar Negro Mediano Para Perro Paws Premium,Mascotas,General
Collar Rojo Pequeño Ajustable Para Perro Paws Premium,Mascotas,General
colonia para perros lulu 4 onz,Mascotas,Cuidado Personal
Comida Humeda Para Perros Carne Pedigree 100 Gr,Mascotas,Mascotas
comida para perros de cordero sin cereales pure harmony 3.5 onz,Mascotas,General
Comida Para Perros de Pavo y Pollo Pure Harmony 12.5 Onz,Mascotas,Carnes y Mariscos
comida para perros de res con zanahoria y tomate pure harmony 3.5 onz,Mascotas,General
Comida Para Perros de Res y Verduras Pure Harmony 13.2 Onz,Mascotas,General
Comida Para Perros Pollo y Arroz Pure Harmony 13.5 Onz,Mascotas,Carnes y Mariscos
comida para perros sabor res pure harmony 3.5 onz,Mascotas,General
Correa para Perro Nailon Rojo 5 Pies,Mascotas,Mascotas
Correa Roja Grande Para Perro Paws Premium,Mascotas,General
corta unas para perros medium,Mascotas,General
enjuague bucal para perro dental fresh 4 onz,Mascotas,Cuidado Personal
galleta para perros cachorros pedigree 100gr,Mascotas,Mascotas
galleta para perros pedigree 225gr,Mascotas,Mascotas
lata de pescado y tuna para gatos paws premium 3 onz,Mascotas,General
Paños De Entrenamiento Para Perros Paws 14 Und/Paq,Mascotas,General
party mix original friskies 60gr,Mascotas,Mascotas
pate para cachorros sabor a carnes master dog 250gr,Mascotas,Mascotas
pecheras para perros lulu,Mascotas,General
Pelotas y Rodillos para Gato Paws,Mascotas,General
Plato De Metal No Tip Para Gato Paws Premium 8 Onz,Mascotas,General
Plato Para Perro De Metal Paws Premium,Mascotas,General
Plato Para Perro De Plástico Paws Premium,Mascotas,General
Plato Para Perro Inoxidable Paws Premium,Mascotas,General
Polvo Desodorante Para Arena Para Gatos Arm & Hammer 30 Onz,Mascotas,Mascotas
purina para gato treat party mix mixed grill crunch friskies 60gr.,Mascotas,Mascotas
salmon en lata para gatos paws premium 3 onz,Mascotas,Carnes y Mariscos
shampoo cachorros lulu 8 onz,Mascotas,Mascotas
shampoo para perros garrapaticida hartz 18 onz,Mascotas,Mascotas
shampoo para perros garrapaticida lulu 8 onz,Mascotas,Mascotas
shampoo para perros pet beauty 16 onz,Mascotas,Mascotas
snack de huesitos para perros master dog 65gr,Mascotas,General
snack para gatos sabor carne master cat 60gr,Mascotas,General
Snack para Perro Beggin® con Tocineta 6oz,Mascotas,Carnes y Mariscos
Snack para Perro Beggin® con Tocineta y Mantequilla de Mani 6oz,Mascotas,Carnes y Mariscos
snack para perro carne de res y queso hill´s 8 onz,Mascotas,Carnes y Mariscos
snack para perros de manzanas y avena hill´s 8 onz,Mascotas,General
snack para perros hipoalergenicos hill´s 12 onz,Mascotas,General
Snack Para Perros Master Dog Rollitos 50 Gr,Mascotas,General
snack para perros sabor carne master dog 500gr,Mascotas,General
snack para perros sabor mantequilla de mani y guineo hill´s 8 onz,Mascotas,Despensa
snack para perros sabor pollo hill´s 3 onz,Mascotas,General
snacks para perros de pollo y yogurt hill´s 8 onz,Mascotas,Carnes y Mariscos
snacks sabor a pollo para gatos master cat 60gr,Mascotas,General
toallas humedas para perros lavanda pet boy 100 und/paq,Mascotas,General